<collection xmlns="http://exist.sourceforge.net/NS/exist" name="/db/apps/84000-data/tei/knowledgebase" owner="admin" group="tei" mode="775" created="2020-08-14T10:53:37Z" deduplicate-blobs="false" version="2">
    <acl entries="0" version="1"/>
    <resource type="XMLResource" name="gods.xml" owner="andre" group="tei" mode="664" created="2022-07-01T12:54:32Z" modified="2023-08-08T15:57:44Z" filename="gods.xml" mimetype="application/xml">
        <acl entries="0" version="1"/>
    </resource>
    <resource type="XMLResource" name="usnisa.xml" owner="sameer" group="tei" mode="664" created="2023-08-22T09:45:08Z" modified="2023-10-09T09:32:53Z" filename="usnisa.xml" mimetype="application/xml">
        <acl entries="0" version="1"/>
    </resource>
    <resource type="XMLResource" name="sravaka.xml" owner="mike" group="tei" mode="664" created="2021-06-08T23:37:28Z" modified="2023-07-30T22:39:48Z" filename="sravaka.xml" mimetype="application/xml">
        <acl entries="0" version="1"/>
    </resource>
    <resource type="XMLResource" name="women_bodhisattvas.xml" owner="john" group="tei" mode="664" created="2023-08-22T15:57:29Z" modified="2023-08-22T15:57:31Z" filename="women_bodhisattvas.xml" mimetype="application/xml">
        <acl entries="0" version="1"/>
    </resource>
    <resource type="XMLResource" name="stupa.xml" owner="mike" group="tei" mode="664" created="2021-07-31T05:21:55Z" modified="2024-05-19T18:59:24Z" filename="stupa.xml" mimetype="application/xml">
        <acl entries="0" version="1"/>
    </resource>
    <resource type="XMLResource" name="tirthika.xml" owner="mike" group="tei" mode="664" created="2021-06-08T23:35:52Z" modified="2023-07-30T22:39:50Z" filename="tirthika.xml" mimetype="application/xml">
        <acl entries="0" version="1"/>
    </resource>
    <resource type="XMLResource" name="amrapali.xml" owner="mike" group="tei" mode="664" created="2021-06-08T08:20:46Z" modified="2023-08-08T15:16:32Z" filename="amrapali.xml" mimetype="application/xml">
        <acl entries="0" version="1"/>
    </resource>
    <resource type="XMLResource" name="kila.xml" owner="mike" group="tei" mode="664" created="2021-06-08T22:59:33Z" modified="2023-07-30T22:39:49Z" filename="kila.xml" mimetype="application/xml">
        <acl entries="0" version="1"/>
    </resource>
    <resource type="XMLResource" name="dundubhisvara.xml" owner="mike" group="tei" mode="664" created="2021-06-08T22:50:27Z" modified="2023-07-30T22:39:49Z" filename="dundubhisvara.xml" mimetype="application/xml">
        <acl entries="0" version="1"/>
    </resource>
    <resource type="XMLResource" name="rgyal_ba_i_sras.xml" owner="admin" group="tei" mode="664" created="2021-11-04T13:25:35Z" modified="2023-07-30T22:39:49Z" filename="rgyal_ba_i_sras.xml" mimetype="application/xml">
        <acl entries="0" version="1"/>
    </resource>
    <resource type="XMLResource" name="mahasattva.xml" owner="andre" group="tei" mode="664" created="2022-08-04T14:49:48Z" modified="2023-11-27T23:36:51Z" filename="mahasattva.xml" mimetype="application/xml">
        <acl entries="0" version="1"/>
    </resource>
    <resource type="XMLResource" name="thus_have_i_heard.xml" owner="mike" group="tei" mode="664" created="2021-06-09T21:59:35Z" modified="2023-07-30T22:39:49Z" filename="thus_have_i_heard.xml" mimetype="application/xml">
        <acl entries="0" version="1"/>
    </resource>
    <resource type="XMLResource" name="khotan_khotanese.xml" owner="mike" group="tei" mode="664" created="2021-06-29T09:53:09Z" modified="2024-02-21T16:28:22Z" filename="khotan_khotanese.xml" mimetype="application/xml">
        <acl entries="0" version="1"/>
    </resource>
    <resource type="XMLResource" name="thousand_buddhas_fortunate_kalpa.xml" owner="mike" group="tei" mode="664" created="2021-06-09T22:30:52Z" modified="2023-07-30T22:39:49Z" filename="thousand_buddhas_fortunate_kalpa.xml" mimetype="application/xml">
        <acl entries="0" version="1"/>
    </resource>
    <resource type="XMLResource" name="medicine_buddha_texts_in_kangyur.xml" owner="mike" group="tei" mode="664" created="2021-06-09T22:31:33Z" modified="2024-06-06T06:29:39Z" filename="medicine_buddha_texts_in_kangyur.xml" mimetype="application/xml">
        <acl entries="0" version="1"/>
    </resource>
    <resource type="XMLResource" name="dharani.xml" owner="mike" group="tei" mode="664" created="2021-06-09T21:30:35Z" modified="2023-11-07T10:23:55Z" filename="dharani.xml" mimetype="application/xml">
        <acl entries="0" version="1"/>
    </resource>
    <resource type="XMLResource" name="purna.xml" owner="admin" group="tei" mode="664" created="2020-08-14T10:46:46Z" modified="2024-05-17T10:58:23Z" filename="purna.xml" mimetype="application/xml">
        <acl entries="0" version="1"/>
    </resource>
    <resource type="XMLResource" name="venuvana_kalandakanivipa.xml" owner="admin" group="tei" mode="664" created="2020-08-14T10:48:30Z" modified="2023-10-09T09:33:19Z" filename="venuvana_kalandakanivipa.xml" mimetype="application/xml">
        <acl entries="0" version="1"/>
    </resource>
    <resource type="XMLResource" name="sugata.xml" owner="mike" group="tei" mode="664" created="2021-06-09T21:58:20Z" modified="2023-07-30T22:39:49Z" filename="sugata.xml" mimetype="application/xml">
        <acl entries="0" version="1"/>
    </resource>
    <resource type="XMLResource" name="foremost_qualities_sravaka_disciples.xml" owner="mike" group="tei" mode="664" created="2021-06-09T22:17:11Z" modified="2023-09-25T19:03:47Z" filename="foremost_qualities_sravaka_disciples.xml" mimetype="application/xml">
        <acl entries="0" version="1"/>
    </resource>
    <resource type="XMLResource" name="nihsvabhava.xml" owner="admin" group="tei" mode="664" created="2021-11-04T13:25:18Z" modified="2023-07-30T22:39:49Z" filename="nihsvabhava.xml" mimetype="application/xml">
        <acl entries="0" version="1"/>
    </resource>
    <resource type="XMLResource" name="erroneous_views.xml" owner="mike" group="tei" mode="664" created="2021-06-09T21:36:40Z" modified="2023-07-30T22:39:48Z" filename="erroneous_views.xml" mimetype="application/xml">
        <acl entries="0" version="1"/>
    </resource>
    <resource type="XMLResource" name="gaya.xml" owner="mike" group="tei" mode="664" created="2021-06-09T21:50:37Z" modified="2023-07-30T22:39:48Z" filename="gaya.xml" mimetype="application/xml">
        <acl entries="0" version="1"/>
    </resource>
    <resource type="XMLResource" name="pali_canon_parallels_fragments_in_kangyur.xml" owner="mike" group="tei" mode="664" created="2021-06-08T23:36:29Z" modified="2023-07-30T22:39:49Z" filename="pali_canon_parallels_fragments_in_kangyur.xml" mimetype="application/xml">
        <acl entries="0" version="1"/>
    </resource>
    <resource type="XMLResource" name="buddha_bodhisattva_qualities.xml" owner="mike" group="tei" mode="664" created="2021-06-08T22:35:10Z" modified="2023-08-08T15:37:58Z" filename="buddha_bodhisattva_qualities.xml" mimetype="application/xml">
        <acl entries="0" version="1"/>
    </resource>
    <resource type="XMLResource" name="career_bodhisattva.xml" owner="mike" group="tei" mode="664" created="2021-06-08T22:38:14Z" modified="2023-07-30T22:39:49Z" filename="career_bodhisattva.xml" mimetype="application/xml">
        <acl entries="0" version="1"/>
    </resource>
    <resource type="XMLResource" name="sutra_ornaments_buddha.xml" owner="mike" group="tei" mode="664" created="2020-09-30T12:18:40Z" modified="2024-06-06T06:31:31Z" filename="sutra_ornaments_buddha.xml" mimetype="application/xml">
        <acl entries="0" version="1"/>
    </resource>
    <resource type="XMLResource" name="five_powers_five_faculties.xml" owner="mike" group="tei" mode="664" created="2021-06-09T22:13:47Z" modified="2023-07-30T22:39:50Z" filename="five_powers_five_faculties.xml" mimetype="application/xml">
        <acl entries="0" version="1"/>
    </resource>
    <resource type="XMLResource" name="sarnath.xml" owner="mike" group="tei" mode="664" created="2021-06-09T21:53:17Z" modified="2023-07-30T22:39:48Z" filename="sarnath.xml" mimetype="application/xml">
        <acl entries="0" version="1"/>
    </resource>
    <resource type="XMLResource" name="avalokitesvara_bodhisattva.xml" owner="andre" group="tei" mode="664" created="2022-07-01T09:10:37Z" modified="2023-08-08T15:15:39Z" filename="avalokitesvara_bodhisattva.xml" mimetype="application/xml">
        <acl entries="0" version="1"/>
    </resource>
    <resource type="XMLResource" name="buddhas_present.xml" owner="andre" group="tei" mode="664" created="2022-07-01T09:15:45Z" modified="2023-07-31T04:20:50Z" filename="buddhas_present.xml" mimetype="application/xml">
        <acl entries="0" version="1"/>
    </resource>
    <resource type="XMLResource" name="sravaka_monks_superentity.xml" owner="andre" group="tei" mode="664" created="2022-07-01T09:17:24Z" modified="2023-07-31T04:20:50Z" filename="sravaka_monks_superentity.xml" mimetype="application/xml">
        <acl entries="0" version="1"/>
    </resource>
    <resource type="XMLResource" name="other_buddhas.xml" owner="mike" group="tei" mode="664" created="2021-06-08T23:06:40Z" modified="2023-07-30T22:39:48Z" filename="other_buddhas.xml" mimetype="application/xml">
        <acl entries="0" version="1"/>
    </resource>
    <resource type="XMLResource" name="ten_powers.xml" owner="mike" group="tei" mode="664" created="2021-06-09T22:31:45Z" modified="2023-07-30T22:39:50Z" filename="ten_powers.xml" mimetype="application/xml">
        <acl entries="0" version="1"/>
    </resource>
    <resource type="XMLResource" name="bodhisattvas_present.xml" owner="andre" group="tei" mode="664" created="2022-07-01T09:50:43Z" modified="2023-08-08T15:29:28Z" filename="bodhisattvas_present.xml" mimetype="application/xml">
        <acl entries="0" version="1"/>
    </resource>
    <resource type="XMLResource" name="tibetan_translators.xml" owner="andre" group="tei" mode="664" created="2022-07-01T12:11:02Z" modified="2023-07-31T04:20:50Z" filename="tibetan_translators.xml" mimetype="application/xml">
        <acl entries="0" version="1"/>
    </resource>
    <resource type="XMLResource" name="marks_signs.xml" owner="mike" group="tei" mode="664" created="2021-06-08T23:36:15Z" modified="2024-01-30T12:01:14Z" filename="marks_signs.xml" mimetype="application/xml">
        <acl entries="0" version="1"/>
    </resource>
    <resource type="XMLResource" name="bhutakoti.xml" owner="john" group="tei" mode="664" created="2021-06-07T15:42:38Z" modified="2023-08-08T15:27:36Z" filename="bhutakoti.xml" mimetype="application/xml">
        <acl entries="0" version="1"/>
    </resource>
    <resource type="XMLResource" name="indian_panditas_translators.xml" owner="andre" group="tei" mode="664" created="2022-07-01T12:12:44Z" modified="2023-07-31T04:20:50Z" filename="indian_panditas_translators.xml" mimetype="application/xml">
        <acl entries="0" version="1"/>
    </resource>
    <resource type="XMLResource" name="mahasutras.xml" owner="84000-import" group="operations" mode="664" created="2024-06-14T14:03:48Z" modified="2024-06-20T14:14:44Z" filename="mahasutras.xml" mimetype="application/xml">
        <acl entries="0" version="1"/>
    </resource>
    <subcollection name="authors" filename="authors"/>
</collection>