<?xml-model href="../schema/current/knowledgebase.rng" schematypens="http://relaxng.org/ns/structure/1.0"?><TEI xmlns="http://www.tei-c.org/ns/1.0" xmlns:eft="http://read.84000.co/ns/1.0" xmlns:tei="http://www.tei-c.org/ns/1.0">
    <teiHeader>
        <fileDesc>
            <titleStmt>
                <title type="mainTitle" xml:lang="en">Avalokiteśvara (the bodhisattva)</title>
            </titleStmt>
            <editionStmt>
                <edition>v 0.1.1 <date>2023</date></edition>
            </editionStmt>
            <publicationStmt>
                <publisher><name>84000: Translating the Words of the Buddha</name></publisher>
                <availability status="3"/><idno xml:id="EFT-KB-AVALOKITESVARA-BODHISATTVA"/>
                <idno type="eft-kb-id">avalokitesvara-bodhisattva</idno>
                <date>2022-07-01</date>
            </publicationStmt>
            <sourceDesc>
                <p>Created by 84000: Translating the Words of the Buddha</p>
            </sourceDesc>
            <notesStmt/>
            <revisionDesc>
            
                <change who="#admin" when="2023-07-30T22:39:48.323Z" type="text-version" status="0.1.1" xml:id="EFT-KB-AVALOKITESVARA-BODHISATTVA-5">
                    <desc>TEI migrated to 2.19.0</desc>
                </change>
            </revisionDesc>
        </fileDesc>
    </teiHeader>
    <text>
        <front/>
        <body>
            <div type="article">
                <head type="article" tid="6">Avalokiteśvara (the bodhisattva)</head>
                <div type="section" xml:id="EFT-KB-AVALOKITESVARA-BODHISATTVA-article-1">
                    <head type="section" tid="1">Deprecated standard definition</head>
                    <milestone unit="chunk" xml:id="EFT-KB-AVALOKITESVARA-BODHISATTVA-1"/>
                    <p tid="2">One of the eight “close sons” of the Buddha, the bodhisattva embodying compassion. He first appeared as a bodhisattva beside Amitābha in the <title xml:lang="Sa-Ltn">Sukhāvatī­vyūha Sūtra</title> (<title xml:lang="en"><tei:ref target="https://read.84000.co/translation/toh115.html">The Display of the Pure
                        Land of Sukhāvatī</tei:ref></title>, Toh 115). In the early tantras, he was one of the lords of the three families, as the embodiment of the compassion of the buddhas.
                        The Potalaka Mountain in South India became important in South Indian Buddhism as his residence in this world, but Potalaka does not feature in the <title xml:lang="Sa-Ltn">Kāraṇḍa­vyūha Sūtra</title> (<title xml:lang="en"><tei:ref target="https://read.84000.co/translation/toh116.html">The Basket’s
                        Display</tei:ref></title>, Toh 116), which is the most important sūtra dedicated to Avalokiteśvara. Among all bodhisattvas, he attained great significance in Tibet as
                        special protector of the religious life of the country, and in China, in female form, as Kwanyin, protectress of women, children, and animals. The name has been variously
                        interpreted. In its meaning as “the lord of avalokita,” <foreign xml:lang="Sa-Ltn" type="term">avalokita</foreign> has been interpreted as “seeing,” although, as a
                        past passive participle, it is literally “lord of what has been seen.” This has been interpreted in the sense that what Avalokiteśvara has seen is the suffering of sentient
                        beings. One of the principal sūtras in the Mahāsāṃghika tradition was the <title xml:lang="Sa-Ltn">Avalokita Sūtra</title>, which has not been translated into
                        Tibetan, in which the word is a synonym for awakening, as it is “that which has been seen” by the buddhas. </p>
                    <milestone unit="chunk" xml:id="EFT-KB-AVALOKITESVARA-BODHISATTVA-4"/>
                    <p tid="5">Definition compiled by AR (from Toh 44-45 together with a couple other details from other sūtras.) Copyedited by LG. Revised and extended by Nate (May 2022). AR changed
                        the order of the paragraphs to conform to proposed guidelines. Deprecated in late June 2022 by Andreas.</p>
                </div>
            </div>
        </body>
        <back>
            <div type="listBibl">
                <head type="listBibl" tid="3">Bibliography</head>
                <div type="section" xml:id="EFT-KB-AVALOKITESVARA-BODHISATTVA-listBibl-1">
                    <head type="section" rend="default-text" tid="4">Bibliography Section Heading</head>
                    <bibl rend="default-text" xml:id="EFT-KB-AVALOKITESVARA-BODHISATTVA-3">This is a sample bibliographic reference with a <tei:ref target="https://read.84000.co/translation/toh46.html">link example</tei:ref>.</bibl>
                </div>
            </div>
            <div type="glossary">
                <list type="glossary"/>
            </div>
        </back>
    </text>
</TEI>