<?xml-model href="../schema/current/knowledgebase.rng" schematypens="http://relaxng.org/ns/structure/1.0"?><TEI xmlns="http://www.tei-c.org/ns/1.0" xmlns:eft="http://read.84000.co/ns/1.0" xmlns:tei="http://www.tei-c.org/ns/1.0">
    <teiHeader>
        <fileDesc>
            <titleStmt>
                <title type="mainTitle" xml:lang="en">superentity - bodhisattvas of the present</title>
            </titleStmt>
            <editionStmt>
                <edition>v 0.1.1 <date>2023</date></edition>
            </editionStmt>
            <publicationStmt>
                <publisher><name>84000: Translating the Words of the Buddha</name></publisher>
                <availability status="3"/><idno xml:id="EFT-KB-BODHISATTVAS-PRESENT"/>
                <idno type="eft-kb-id">bodhisattvas-present</idno>
                <date>2022-07-01</date>
            </publicationStmt>
            <sourceDesc>
                <p>Created by 84000: Translating the Words of the Buddha</p>
            </sourceDesc>
            <notesStmt/>
            <revisionDesc>
            
                <change who="#admin" when="2023-07-30T22:39:48.323Z" type="text-version" status="0.1.1" xml:id="EFT-KB-BODHISATTVAS-PRESENT-4">
                    <desc>TEI migrated to 2.19.0</desc>
                </change>
            </revisionDesc>
        </fileDesc>
    </teiHeader>
    <text>
        <front/>
        <body>
            <div type="article">
                <head type="article" tid="5">Bodhisattvas of the Present</head>
                <div type="section" xml:id="EFT-KB-BODHISATTVAS-PRESENT-article-1">
                    <head type="section" rend="default-text" tid="1">Article Section Heading</head>
                    <milestone unit="chunk" xml:id="EFT-KB-BODHISATTVAS-PRESENT-1"/>
                    <p rend="default-text" tid="2">Here's a paragraph to get you started. Replace this as you wish<note place="end" xml:id="EFT-KB-BODHISATTVAS-PRESENT-2">This is a
                            ready-made footnote.</note>.</p>
                </div>
            </div>
        </body>
        <back>
            <div type="listBibl">
                <head type="listBibl" tid="3">Bibliography</head>
                <div type="section" xml:id="EFT-KB-BODHISATTVAS-PRESENT-listBibl-1">
                    <head type="section" rend="default-text" tid="4">Bibliography Section Heading</head>
                    <bibl rend="default-text" xml:id="EFT-KB-BODHISATTVAS-PRESENT-3">This is a sample bibliographic reference with a <ref target="https://read.84000.co/translation/toh46.html">link example</ref>.</bibl>
                </div>
            </div>
            <div type="glossary">
                <list type="glossary"/>
            </div>
        </back>
    </text>
</TEI>