<?xml-model href="../schema/current/knowledgebase.rng" schematypens="http://relaxng.org/ns/structure/1.0"?><TEI xmlns="http://www.tei-c.org/ns/1.0" xmlns:eft="http://read.84000.co/ns/1.0" xmlns:tei="http://www.tei-c.org/ns/1.0">
    <teiHeader>
        <fileDesc>
            <titleStmt>
                <title type="mainTitle" xml:lang="en">Career of a Bodhisattva</title>
            </titleStmt>
            <editionStmt>
                <edition>v 0.0.2 <date>2023</date></edition>
            </editionStmt>
            <publicationStmt>
                <publisher>
                    <name>84000: Translating the Words of the Buddha</name>
                </publisher>
                <availability status="2.a"/><idno xml:id="EFT-KB-CAREER-BODHISATTVA"/>
                <idno type="eft-kb-id">career-bodhisattva</idno>
                <date>2021-06-08</date>
            </publicationStmt>
            <sourceDesc>
                <p>Created by 84000: Translating the Words of the Buddha</p>
            </sourceDesc>
            <notesStmt/>
            <revisionDesc>
                <change who="#mike" when="2021-06-08T23:01:08.595Z" type="text-version" status="0.0.1" xml:id="EFT-KB-CAREER-BODHISATTVA-2"><desc>Auto (file-created)</desc></change>
                <change who="#admin" when="2023-07-30T22:39:48.323Z" type="text-version" status="0.0.2" xml:id="EFT-KB-CAREER-BODHISATTVA-3">
                    <desc>TEI migrated to 2.19.0</desc>
                </change>
            </revisionDesc>
        </fileDesc>
    </teiHeader>
    <text>
        <front/>
        <body>
            <div type="article">
                <div type="section" xml:id="EFT-KB-CAREER-BODHISATTVA-article-1">
                    <p tid="6">Acc to Jaini, Padmanabh S. (in “Bodhisattva Career of the Tathāgata Maitreya”): </p>
                    <p tid="7">Mahāvastu talks of 4 stages in a bsv’s career: </p>
                    <p tid="8">Edgerton catvārīmāni bodhisattvānāM bodhisattvacaryāṇi Mv i.1.2 </p>
                    <list type="bullet" rend="numbers">
                        <item>
                            <p tid="9">prakṛticaryā (“natural career”) – cultivates roots of merit </p>
                        </item>
                        <item>
                            <p tid="10">pranidhānacaryā (“resolving stage”) – vows to attain enlightenment in the presence of a buddha who prophesies (vyākaraṇa) his future buddhahood and he is then
                                designated a bsv. </p>
                        </item>
                        <item>
                            <p tid="11">anulomacaryā (“conforming stage”) – bsv approaches the goal through the bhūmis by fulfilling the 10 pāramitā. </p>
                        </item>
                        <item>
                            <p tid="12">anivartanacaryā (Edgerton = avi-) (“preserving career”) – irreversibly destined (niyata) for buddhahood, and will be anointed (abhiṣeka) by a Buddha as his
                                immediate successor and will be reborn in Tuṣita, then reincarnates in final birth to become a tathāgata and attains parinirvāṇa at the end of his life. </p>
                        </item>
                    </list>
                </div>
            </div>
        </body>
        <back>
            <div type="listBibl">
                <head type="listBibl" tid="4">Bibliography</head>
                <div type="section" xml:id="EFT-KB-CAREER-BODHISATTVA-listBibl-1">
                    <bibl xml:id="EFT-KB-CAREER-BODHISATTVA-1">Jaini, Padmanabh S., “Stages in the Bodhisattva Career of the Tathāgata Maitreya,” in Sponberg and Hardacre (eds.), Maitreya, the Future
                        Buddha, pp 54-90. Cambridge, 1988: Cambridge University Press. Reprinted with additional material in Jaini, Padmanabh S., Collected Papers on Buddhist Studies, Ch. 26. Delhi,
                        2001: Motilal Banarsidass.</bibl>
                </div>
            </div>
        </back>
    </text>
</TEI>