<?xml-model href="../schema/current/knowledgebase.rng" schematypens="http://relaxng.org/ns/structure/1.0"?><TEI xmlns="http://www.tei-c.org/ns/1.0" xmlns:eft="http://read.84000.co/ns/1.0" xmlns:tei="http://www.tei-c.org/ns/1.0">
    <teiHeader>
        <fileDesc>
            <titleStmt>
                <title type="mainTitle" xml:lang="en">Dhāraṇī (Meaning)</title>
                <title type="mainTitle" xml:lang="Sa-Ltn">dhāraṇī</title>
                <title type="mainTitle" xml:lang="Bo-Ltn">gzungs</title>
            </titleStmt>
            <editionStmt>
                <edition>v 0.1.2 <date>2023</date></edition>
            </editionStmt>
            <publicationStmt>
                <publisher><name>84000: Translating the Words of the Buddha</name></publisher>
                <availability status="2.a"/><idno xml:id="EFT-KB-DHARANI"/>
                <idno type="eft-kb-id">dharani</idno>
                <date>2021-06-09</date>
            </publicationStmt>
            <sourceDesc>
                <p>Created by 84000: Translating the Words of the Buddha</p>
            </sourceDesc>
            <notesStmt/>
            <revisionDesc>
                <change who="#mike" when="2021-06-09T21:30:41.831Z" type="text-version" status="0.0.1" xml:id="EFT-KB-DHARANI-2"><desc>Auto (file-created)</desc></change>
                <change who="#admin" when="2023-07-30T22:39:48.323Z" type="text-version" status="0.0.2" xml:id="EFT-KB-DHARANI-3">
                    <desc>TEI migrated to 2.19.0</desc>
                </change>
                <change who="#john" when="2023-10-07T22:14:04.118Z" type="text-version" status="0.1.1" xml:id="EFT-KB-DHARANI-4">
                    <desc>Editing of a new and different version begun but far from complete.</desc>
                </change>
                <change who="#john" when="2023-10-18T20:27:26.947Z" type="text-version" status="0.1.2" xml:id="EFT-KB-DHARANI-5">
                    <desc>Titles updated</desc>
                </change>
            </revisionDesc>
        </fileDesc>
    </teiHeader>
    <text>
        <front/>
        <body>
            <div type="article">
                <head type="article" tid="792">Dhāraṇī</head>
                <div type="section" xml:id="eft-dharani-meaning-introduction-1">
                    <head type="section" tid="800">Overview</head>
                    <milestone unit="chunk" xml:id="eft-dharani-meaning-2"/>
                    <p tid="801">The Sanskrit term <foreign xml:lang="Sa-Ltn">dhāraṇī</foreign> is difficult to translate 
                        into English using a single word that includes all its meanings. In different contexts it can refer to:</p>
                    <milestone unit="chunk" xml:id="eft-dharani-meaning-3"/>
                    <list type="bullet" rend="dots">
                      <item><p tid="795">a supernormal generalized power of retention and memory developed mainly by bodhisattvas
                        at certain stages of the path and seen as an important means of further progress; </p></item>
                      <item><p tid="796">one or many particular, named instructions or powers that allow access to certain 
                          realizations;</p></item>
                      <item><p tid="802">a set of syllables or words that hold an instruction or
                        realization in a condensed or encoded form, to facilitate its retention and it transmission to others, 
                        and to hold its own power to help bring awakening; </p></item>
                        <item><p tid="803">a set of syllables or words that similarly hold and transmit an instruction, 
                            but principally to confer protection; </p></item>
                        <item><p tid="798">an actual text (or the category of texts) centered on a dhāraṇī—in any of the above senses—that typically also 
                        contains additional material such as an introductory narrative, instructions for its use, and details of its benefits.</p></item>
                        </list>
                    <milestone unit="chunk" xml:id="eft-dharani-meaning-4"/>
                    <p tid="804">The notion of dhāraṇī as an essential element of the path is widespread in Buddhist traditions, and dhāraṇī
                       texts—especially protective ones—have played an important part in Buddhist practice and popular belief. particularly in the Mahāyāna. 
                        It is by no means confined to tantric traditions, despite certain parallels with tantric uses of mantra. </p>
                    <milestone unit="chunk" xml:id="eft-dharani-meaning-5"/>
                    <p tid="805">The Kangyur contains a large number of dhāraṇī texts, some classified as sūtra but many placed 
                        in the category of Action (<foreign xml:lang="Sa-Ltn">kriyā</foreign>) Tantra, even though some of these
                        are not obviously tantric in nature. Kangyurs of the Tshalpa group mostly include a section of largely duplicated dhāraṇī
                        texts as a separate <ref target="https://read.84000.co/knowledgebase/compendium-dharanis.html">Compendium of Dhāraṇīs</ref>.</p>
                </div>
                <div type="section" xml:id="eft-dharani-meaning-introduction-2">
                        <head type="section" tid="806">Etymology and Usage</head>
                        <milestone unit="chunk" xml:id="eft-dharani-meaning-6"/>
                        <p tid="807">The Buddhist spiritual path is an explicitly long-term undertaking, and for a teaching to be put into practice and subsequently 
                        made available to others, clear and accurate memory, retention over long periods, and verifiable transmission are
                        all of obvious importance.</p>
                    <milestone unit="chunk" xml:id="eft-dharani-meaning-7"/>
                    <p tid="911">The Sanskrit term <foreign xml:lang="Sa-Ltn">dhāraṇī</foreign> is derived from the Sanskrit root 
                        √<foreign xml:lang="Sa-Ltn">dhṛ</foreign> (“to hold” or “to maintain”), and among its wide range of meanings most are closely related to the
                        retaining—in the mind or awareness, in the memory, in spoken words, or in writing—of a particular teaching, 
                        realization, or approach to awakening. The “holding” of dhāraṇī in most senses seems to refer more to what it is that holds 
                        than to what is held, although the distinction is not always a clear one. </p>
                    <milestone unit="chunk" xml:id="eft-dharani-meaning-57"/>
                    <p tid="912">Although dhāraṇī is sometimes compared to forms of mnemonic technique, the way a dhāraṇī holds (or provides
                        access to) content beyond itself seems to rely not so much on arbitrary associations functioning as cues as 
                        on the kind of relationships that link a general or abstract principle to its specific or actual applications. </p>
                    <milestone unit="chunk" xml:id="eft-dharani-meaning-8"/>
                    <p tid="809">Perhaps because the notion of dhāraṇī was widely accepted and understood, 
                        a fully informative, systematic explanation of exactly what dhāraṇī <distinct>is</distinct> does not seem to be found in the sūtras themselves.
                        Passages about dhāraṇī within <hi rend="bold">the sūtras</hi> nevertheless yield helpful information, and the material they contain 
                        can be classified according to the principal sense of the term that, among the range of such senses, is the most relevant 
                        in each case. Further perspectives can be found in explanations in <hi rend="bold">the treatises</hi>; these remain to be fully explored. In
                    the following breakdown of some of the senses that can be distinguished from the texts, it should be emphasized that there is a great deal
                    of overlap. While usage and aspect vary, the underlying meaning remains constant.</p>
                    <div type="section" xml:id="eft-dharani-meaning-introduction-4">
                    <head type="section" tid="890">I. In the Sūtras </head>
                        <div type="section" xml:id="eft-dharani-meaning-introduction-105">
                            <head type="section" tid="913">A. Dhāraṇī as a generic power that is accomplished  </head>
                            <milestone unit="chunk" xml:id="eft-dharani-meaning-9"/>
                    <p tid="914">In many sūtras whose introductory setting describes the attendance of bodhisattvas in some detail, the list of
                        their qualities and accomplishments often mention that they have “attained dhāraṇī” (translated in some cases 
                        in this context as “retention”). Some examples among many such instances are:</p>
                        <list type="bullet" rend="dots">
                            <item><p tid="814"><title xml:lang="en">The Questions of the Girl Vimalaśraddhā</title> 
                                (<title xml:lang="Sa-Ltn">Dārikāvimalaśraddhāparipṛcchā</title>, Toh 84) <ptr target="#UT22084-044-004-23"/></p></item>
                            <item><p tid="815"><title xml:lang="en">Teaching the Practice of a Bodhisattva</title> 
                                (<title xml:lang="Sa-Ltn">Bodhisattva­caryānirdeśa</title>, Toh 184) <ptr target="#UT22084-061-004-18"/></p></item>
                            <item><p tid="816"><title xml:lang="en">The Absorption of the Thus-Gone One’s Wisdom Seal</title> 
                                (<title xml:lang="Sa-Ltn">Tathāgata­jñāna­mudrā­samādhi</title>, Toh 131) <ptr target="#UT22084-055-005-21"/></p></item>
                            <item><p tid="817"><title xml:lang="en">The Jewel Cloud</title> 
                                (<title xml:lang="Sa-Ltn">Ratnamegha</title>, Toh 231) <ptr target="#UT22084-064-001-33"/></p></item>
                        </list>
                        <milestone unit="chunk" xml:id="eft-dharani-meaning-10"/>
                        <p tid="892">In contexts of this kind, dhāraṇī (or retention) seems to refer to an accomplishment by bodhisattvas of
                            a supernormal power—a generic one in these instances—to remember, retain, recall, retrieve, and 
                            reproduce teachings they have heard and realized. As a description in <title xml:lang="en">The Absorption That Encapsulates All Merit</title> 
                            (<title xml:lang="Sa-Ltn">Sarvapuṇya­samuccaya­samādhi</title>, Toh 134, at <ptr target="#UT22084-056-002-251"/>) 
                            puts it, “They have no forgetting, and thus achieve retention.”</p>
                        <milestone unit="chunk" xml:id="eft-dharani-meaning-105"/>
                        <p tid="893">Dhāraṇī is often associated closely in such lists with inspired eloquence (<foreign xml:lang="Sa-Ltn">pratibhāna</foreign>), which reinforces
                        the notion that it plays an important role in ensuring that a bodhisattva has access to vast resources of teaching.
                            It may also be linked to absorption or absorptions (<foreign xml:lang="Sa-Ltn">samādhi</foreign>) <!--, suggesting 
                                that it is or involves one or more profound states;</p></item>
                            <item><p tid="896">gateways, doors, or entrances (<foreign xml:lang="Sa-Ltn">mukha</foreign> or 
                                <foreign xml:lang="Sa-Ltn">praveśa</foreign>), suggesting 
                                access to domains that are otherwise not entered or deployed.</p></item>
                        </list>--> and other qualities, as mentioned below (see <ptr target="#eft-dharani-meaning-29"/>).</p>
                        <milestone unit="chunk" xml:id="eft-dharani-meaning-11"/>
                        <p tid="897">A stanza that could serve as a description of dhāraṇī in this sense of a generalized 
                            power is found in <title xml:lang="en">The Questions of Rāṣṭrapāla (1)</title> 
                            (<title xml:lang="Sa-Ltn">Rāṣṭrapāla­paripṛcchā</title>, Toh 62) <ptr target="#UT22084-042-003-120"/>, where dhāraṇī (here “retention”)
                        is listed as the first of four influences that inspire bodhisattvas (along with the spiritual friend, receptiveness to
                        the profond Dharma, and discipline), and is described as follows:</p>
                        <q><lg tid="99">
                            <l>Those of great renown possess retention,</l>
                            <l>By which they behold the supreme Dharma that all buddhas have proclaimed.</l>
                            <l>Because they never lose it, their intellect increases.</l>
                            <l>They possess wisdom, lack attachment, and have mastered all qualities. {54}</l>
                        </lg></q>
                        <milestone unit="chunk" xml:id="eft-dharani-meaning-12"/>
                        <p tid="898">However, the overall simplicity of this description, at least in the first two lines, cannot necessarily be taken as definitive.
                            Additional qualities, like those that in the last two lines of this description are set out as
                            consequences of possessing dhāraṇī, are in other texts simply included aas elements of dhāraṇī as a power attained by bodhisattvas. 
                            In <title xml:lang="en">Eliminating Ajātaśatru’s Remorse</title> 
                            (<title xml:lang="Sa-Ltn">Ajāta­śatru­kaukṛtya­vinodana</title>, Toh 216) starting at <ptr target="#UT22084-062-016-286"/>, 
                            Mañjuśrī gives a detailed (and instructive) teaching on dhāraṇī that begins:</p>
                        <q><p tid="899">“In this regard, what is dhāraṇī? <foreign xml:lang="Sa-Ltn" type="term">Dhāraṇī</foreign>
                            refers to unfailing recollection; unwavering
                            understanding; undeluded intelligence; clear
                            knowledge; knowing how to teach the
                            path by demonstrating suchness in all phenomena;
                            maintining the result once it is attained; knowing how
                            to enter the path of maturity; knowing how to differentiate the
                            words for all phenomena; continuing the
                            family of noble ones by means of dhāraṇī; upholding
                            the family of the buddhas; consolidating the family
                            of Dharma; knowing the family of the saṅgha to be in
                            accord with the Dharma; being undeluded about
                            questions and teachings; not being timid before any
                            retinue; …”</p></q>
                        <p tid="900">and continues to add further seemingly diverse aspects, including 
                            the ability to speak different languages, ability to take on the sufferings of beings,
                            detachment, insatiable energy and dedication, and more. A quite similar but even more detailed 
                            description is given in <title xml:lang="en">The Secrets of the Realized Ones</title> (<title xml:lang="Sa-Ltn">Tathāgataguhya</title>, 
                            Toh 47), <ptr target="#UT22084-039-003-1299"/> et seq.</p>
                            <milestone unit="chunk" xml:id="eft-dharani-meaning-16"/>
                            <p tid="901">But if memory, even given this whole range of various other qualities, remains the key element of dhāraṇī, it
                                is made clear that the kind of memory implied by the term dhāraṇī is not simply an extension of ordinary human memory, 
                                even memory developed to a prodigious degree. In <title xml:lang="en">The Jewel Cloud</title> 
                                (<title xml:lang="Sa-Ltn">Ratnamegha</title>, Toh 231)  
                                dhāraṇī is listed as the eighth of ten qualities of bodhisattvas who possess excellent power
                                and is described as follows at <ptr target="#UT22084-062-016-286"/>:</p>
                            <q><p tid="902">“What, you may wonder, does the bodhisattvas’ excellent power of retention consist in? In a single instant, 
                                bodhisattvas are able to recollect, comprehend, and apply each distinct meaning, word, expression, and way of 
                                teaching contained in all the Dharma discourses delivered by as many buddhas as there are in an inexpressible 
                                number of inexpressibly many buddha realms. Such is the bodhisattvas’ excellent power of retention.”</p></q>
                        </div>
                        <div type="section" xml:id="eft-dharani-meaning-introduction-106">
                            <head type="section" tid="915">B. Specific, named dhāraṇīs</head>
                            <div type="section" xml:id="eft-dharani-meaning-introduction-107">
                                <head type="section" tid="916">i) Grouped dhāraṇīs with names</head>
                                <milestone unit="chunk" xml:id="eft-dharani-meaning-22"/>
                            <p tid="904">In other sūtras, dhāraṇīs are given individual specificity by being named. Several—often numerous—named dhāraṇīs 
                                may be mentioned. For example, in <title xml:lang="en">The Teaching on the Great Compassion of the Tathāgata</title> 
                                (<title xml:lang="Sa-Ltn">Tathāgata­mahā­karuṇā­nirdeśa</title>, Toh 147) at <ptr target="#UT22084-057-006-714"/>, 
                                Dhāraṇīśvararāja lists eight bodhisattva dhāraṇīs:</p>
                            <q><p tid="905">“Son of noble family,
                                when bodhisattvas are established in dhāraṇīs, they retain all that the blessed buddhas say, and when they teach the Dharma it
                                becomes inexhaustible. Since they explain it carefully, they satisfy all beings. The bodhisattva 
                                dhāraṇīs are eight: the (1) <distinct>pure melody</distinct> dhāraṇī, (2) <distinct>inexhaustible
                                        basket</distinct> dhāraṇī, (3) <distinct>limitless enfoldment</distinct> dhāraṇī, (4) <distinct>ocean mudrā</distinct>
                                dhāraṇī, (5) <distinct>lotus array</distinct> dhāraṇī, (6) <distinct>entering the gate of nonattachment</distinct> dhāraṇī,
                                (7) <distinct>entering ascertainment by discriminating knowledge</distinct> dhāraṇī, and (8) <distinct>blessing of the buddha
                                    ornaments</distinct> dhāraṇī.”</p>
                               </q>
                            <p tid="906">The sūtra goes on to describe each of these eight in some detail. In this particular case, the eight dhāraṇīs 
                                described in this text are listed among the twelve named dhāraṇīs included in the
                                <title xml:lang="Sa-Ltn">Mahāvyutpatti</title> (no. 748). Similar listings are found in the 
                                <title xml:lang="Sa-Ltn"><ref target="https://read.84000.co/translation/toh231.html">Ratnamegha</ref></title> 
                                (Toh 231) and the 
                                <title xml:lang="Sa-Ltn"><ref target="https://read.84000.co/translation/toh185.html">Tathāgata­guṇa­jñānācintya­viṣayāvatāra­nirdeśa</ref></title> 
                                (Toh 185).<note place="end" xml:id="eft-dharani-meaning-introduction-120">For an informative discussion of these, see
                                    Pagel (2007a), pp. 151–91.</note> </p> 
                           <milestone unit="chunk" xml:id="eft-dharani-meaning-23"/>
                            <p tid="909">In other cases, the names are not systematically matched by mentions in other works. In <title xml:lang="en">The Ten Bhūmis</title> 
                                (<title xml:lang="Sa-Ltn">Daśabhūmika</title>, chapter 31 of the <title xml:lang="Sa-Ltn">Avataṃsaka</title>, Toh 44) 
                                at <ptr target="#UT22084-036-002-1388"/>:</p>
                            <q><p tid="908">“O jinaputras! The bodhisattva who is skilled in having that wisdom of discerning knowledge has
                                attained the ninth bodhisattva bhūmi, has obtained the treasure of the Dharma of tathāgatas, and has
                                become a great dharmabhāṇaka. At that time he attains the dhāraṇī of
                                meaning. He attains the dhāraṇī of the Dharma. He attains the dhāraṇī of the accomplishment of wisdom.
                                He attains the dhāraṇī of radiance. He attains the dhāraṇī of perfect
                                    understanding, the dhāraṇī of wealth, the dhāraṇī of fame, the dhāraṇī of majesty, the dhāraṇī of unimpeded doors, the dhāraṇī of the
                                infinite, and the dhāraṇī of a treasury of various meanings. He has attained the completion of those
                                and other dhāraṇīs, countless millions of dhāraṇī doors. He is skilled in the
                                aspects of speech through possessing countless millions of dhāraṇī doors, and he therefore teaches the
                                Dharma through incalculable doors of different kinds of eloquence.”</p>
                                <p tid="889">“Because of those incalculable, countless millions of dhāraṇīs, when he hears the Dharma from
                                    countless buddhas in the ten directions, he does not forget what he has heard. He then gives countless
                                    different teachings that he has heard. Because of these millions of dhāraṇī doors he masters the
                                    Dharma he receives from one buddha. 
                                    Just as he does with one buddha, he masters the Dharma from infinite buddhas because of those millions
                                    of dhāraṇī doors. Simply through wishing for it, he receives the radiance of even more Dharma doors
                                    from the samyak­sambuddhas. This cannot be accomplished by a śrāvaka, even though he has attained a
                                    great stage of hearing many teachings, has attained the retention of remembering what he has heard,
                                    and has been empowered to possess it for hundreds of thousands of eons.” </p></q>
                            </div>
                            <div type="section" xml:id="eft-dharani-meaning-introduction-108">
                                    <head type="section" tid="917">ii) Single dhāraṇīs with names</head>
                                    <milestone unit="chunk" xml:id="eft-dharani-meaning-24"/>
                            <p tid="918">A few sūtras focus primarily on a single, named dhāraṇī of this kind. The dhāraṇī expounded in them
                                seems to retain its specificity, yet at the same time may be described as the source or entrance for a complete set of elements 
                                of the path, or even the whole of the Dharma. Examples of this genre are 
                                <title xml:lang="en"><ref target="https://read.84000.co/translation/toh142.html">The Dhāraṇī “Entering into Nonconceptuality”</ref></title> 
                                (<title xml:lang="Sa-Ltn">Avikalpapraveśadhāraṇī</title>, Toh 142) and 
                                <title xml:lang="en"><ref target="https://read.84000.co/translation/toh145.html">The Dhāraṇī of the Jewel Torch</ref></title> 
                                (<title xml:lang="Sa-Ltn">Ratnolkādhāraṇī</title>, Toh 145). The former text does not include an actual dhāraṇī formula 
                                as described below, while the latter does. Nevertheless, the main point in both is that the teaching given by the Buddha is
                            described at length in terms other than simply being a verbal formula.</p>
                                    <milestone unit="chunk" xml:id="eft-dharani-meaning-25"/>
                                    <p tid="919">Another example in the same category is 
                                        <title xml:lang="en"><ref target="https://read.84000.co/translation/toh131.html">The Absorption of the 
                                            Thus-Gone One’s Wisdom Seal</ref></title> 
                                        (<title xml:lang="Sa-Ltn">Tathāgata­jñāna­mudrā­samādhi</title>, Toh 131), with the interesting difference that
                                    in this text it is an absorption (<foreign xml:lang="Sa-Ltn">samādhi</foreign>)—the one named in the title—that is described
                                    secondarily and variously as a dhāraṇī, as a dhāraṇī gateway, and as leading to dhāraṇī.</p>
                    </div>
                            <div type="section" xml:id="eft-dharani-meaning-introduction-109">
                                <head type="section" tid="920">C. Specific dhāraṇīs as a group comprising one of a range of categories </head>
                                <milestone unit="chunk" xml:id="eft-dharani-meaning-29"/>
                                <p tid="921">In many sūtras, dhāraṇī is one among several closely related categories that seem to classify 
                                    doctrines or realizations into grouped “units” that share similar functions (but whose 
                                    apparently distinct natures are not easy to discern). Some have already been mentioned in 
                                    the context of bodhisattva accomplishments (see <ptr target="#eft-dharani-meaning-105"/> above). Among these are</p>
                                <list type="bullet" rend="letters">
                                    <item><p tid="922">absorption or absorptions (<foreign xml:lang="Sa-Ltn">samādhi</foreign>)</p></item>
                                    <item><p tid="923">gateways, doors, or entrances (<foreign xml:lang="Sa-Ltn">mukha</foreign> or 
                                        <foreign xml:lang="Sa-Ltn">praveśa</foreign>)</p></item>
                                    <item><p tid="924">seals (<foreign xml:lang="Sa-Ltn">mudrā</foreign>) </p></item>
                                    <item><p tid="925">vajra statements (<foreign xml:lang="Sa-Ltn">vajrapāda</foreign>) </p></item>
                                </list>            
                    </div>
                            <div type="section" xml:id="eft-dharani-meaning-introduction-110">
                                <head type="section" tid="926">D. Specific dhāraṇīs in relation to letters </head>
                                <milestone unit="chunk" xml:id="eft-dharani-meaning-30"/>
                                <p tid="927"/>
                                <list type="bullet" rend="letters">
                                    <item><p tid="928"><!--absorption or absorptions (<foreign xml:lang="Sa-Ltn">samādhi</foreign>)--></p></item>
                                    <item><p tid="929"><!--gateways, doors, or entrances (<foreign xml:lang="Sa-Ltn">mukha</foreign> or 
                                        <foreign xml:lang="Sa-Ltn">praveśa</foreign>)--></p></item>
                                    <item><p tid="930"><!--seals (<foreign xml:lang="Sa-Ltn">mudrā</foreign>) --></p></item>
                                    <item><p tid="931"><!--vajra statements (<foreign xml:lang="Sa-Ltn">vajrapāda</foreign>) --></p></item>
                                </list>
                            </div>
                            <div type="section" xml:id="eft-dharani-meaning-introduction-111">
                                <head type="section" tid="932">E. Dhāraṇīs that are verbal formulae </head>
                                <milestone unit="chunk" xml:id="eft-dharani-meaning-31"/>
                                <p tid="933"/>
                                <list type="bullet" rend="letters">
                                    <item><p tid="934"><!--absorption or absorptions (<foreign xml:lang="Sa-Ltn">samādhi</foreign>)--></p></item>
                                    <item><p tid="935"><!--gateways, doors, or entrances (<foreign xml:lang="Sa-Ltn">mukha</foreign> or 
                                        <foreign xml:lang="Sa-Ltn">praveśa</foreign>)--></p></item>
                                    <item><p tid="936"><!--seals (<foreign xml:lang="Sa-Ltn">mudrā</foreign>) --></p></item>
                                    <item><p tid="937"><!--vajra statements (<foreign xml:lang="Sa-Ltn">vajrapāda</foreign>) --></p></item>
                                </list>
                            </div>
                            <div type="section" xml:id="eft-dharani-meaning-introduction-112">
                                <head type="section" tid="938">F. Dhāraṇīs that are texts containing verbal formulae </head>
                                <milestone unit="chunk" xml:id="eft-dharani-meaning-32"/>
                                <p tid="939"/>
                                <list type="bullet" rend="letters">
                                    <item><p tid="940"><!--absorption or absorptions (<foreign xml:lang="Sa-Ltn">samādhi</foreign>)--></p></item>
                                    <item><p tid="941"><!--gateways, doors, or entrances (<foreign xml:lang="Sa-Ltn">mukha</foreign> or 
                                        <foreign xml:lang="Sa-Ltn">praveśa</foreign>)--></p></item>
                                    <item><p tid="942"><!--seals (<foreign xml:lang="Sa-Ltn">mudrā</foreign>) --></p></item>
                                    <item><p tid="943"><!--vajra statements (<foreign xml:lang="Sa-Ltn">vajrapāda</foreign>) --></p></item>
                                </list>
                            </div>
                            </div>
                <div type="section" xml:id="eft-dharani-meaning-introduction-104">
                        <head type="section" tid="811">II. In the Treatises</head>
                        <milestone unit="chunk" xml:id="eft-dharani-meaning-1289"/>
                    <p tid="779"> </p>
                    <milestone unit="chunk" xml:id="eft-dharani-meaning-20"/>
                    <p tid="944">One of the most complete explanations is found in Asaṅga’s <title xml:lang="Sa-Ltn">Bodhisattvabhūmi</title>:</p> 
                    <q><p tid="945">Regarding this [topic), what are the bodhisattvas' forms of [mental] retention?'119
                    In brief, they should be regarded as being of four types: (1) retention of the Dharma, (2) retention of meaning, (3) retention by means of spells, and (4) the retention that is directed toward attainment of a bodhisattva's forbearance.
                    Regarding this [topic), what is retention of the Dharma?
                    Here a bodhisattva attains a development of power"20 consisting of wisdom and recollection such that by means of it he or she can retain [in the mind] for an immeasurable period of time immeasurable numbers of scriptures containing collections of words, assertions, and syllables that were not committed to memory and were not recited aloud, in the order that they were created and in the order that they were arranged, merely by having listened to them.
                    Regarding this [topic), what is retention of meaning?
                    The description] is the same as before, but in this case there is this differ-ence. [A bodhisattva] retains [in the mind] for an immeasurable period of time immeasurable numbers of meanings relating to the very same Dharma teachings [contained in those scriptures, without having committed them to memory and without having reviewed them in the mind.
                    Regarding this topic, what is retention by means of spells?
                    Here a bodhisattva attains a power of one-pointed concentration such that by means of it those mantra spells that [have the potential to] spiritually influence beings and cure their infectious diseases are rendered effective, supremely effective, and unfailing [in their ability] to cure many different kinds of infectious diseases. This [quality] is called a bodhisattva's "reten-tion by means of spells."
                    Regarding this topic, what is a bodhisattva's [form of mental] retention that is directed toward attainment of a bodhisattva's forbearance? 6.	Here a bodhisattva who has him- or herself practiced the causes fully, 1122 who is possessed of wisdom, lives in solitude, who neither utters speech nor comes within the sight of anyone else, who likewise eats in moderation, does not eat in a haphazard manner, 123 and eats only one kind of food,1124 who is dedicated to meditation, sleeps only a little at night, and maintains a high degree of alertness contemplates, ponders, and examines the meaning of those mantra spells that the Tathagata uttered for the sake of attaining forbearance, such as the one which states): iti miti kiti bhiksanti padani sva hà"S Having correctly undertaken the practice of] these mantra spells and without having heard their meaning from anyone else, he or she realizes it in the following manner: "There is no realization of the meaning of these mantra spells. They do not contain any meaning. Their meaning is that they have no meaning." Following that, he or she does not seek any further meaning. In this way, he or she gains a correct realization of the meanings of these mantra spells.
                    7.	Having gained a correct realization of the meanings of these mantra spells, he or she then gains a correct realization of the meanings of all entities that conforms with that very understanding of the mantra spells]. Without having heard (the meaning of all entities] from anyone else, he or she realizes it in the following manner: "No meaning that pertains to a [real] essence can be established by means of any expressions in relation to any entity.
                    8.	This ineffable essential nature is the meaning that represents their essential nature." After he or she has correctly realized the meaning that represents the essential nature of all entities in this way, [a bodhisattva] does not seek any other meaning. Through having gained a realization of that meaning, he or she attains a joyful rapture. What a bodhisattva attains on the strength of these mantra spells is called a "forbearance." Through having gained that [forbearance], a bodhisattva will before long attain the pur🎛🎛🎛🎛🎛🎛 his or her superior attitude. He or she has advanced to the great form of forbearance that occurs on the stage in which conduct is based upon devorion. This should be understood as the [form of mental] retention that is directed toward the attainment of a bodhisattva's forbearance.
                    Regarding this (topic], after having gone beyond the first span of time that is made up of countless kalpas," a bodhisattva who has entered the stage of a pure superior attitude"7 attains forms of the retention of the
                    Dharma and the retention of meanings that are sure, firm, and exalted. Prior to that time, they are attained on the strength of aspirational prayers or on the basis of meditative absorptions, but they are not sure, firm, or exalted.
                    As with the retentions of the Dharma and meanings, the same should be understood as being true for the retention by means of spells. However, the retention that is directed toward the attainment of a bodhisattva's forbear-ance is only attained in the manner that was just described.
                    Furthermore, a bodhisattva will artain all of these [forms of] retention if he or she possesses four qualities; he or she will not do so if any one of them is missing.
                    What are the four qualities?
                    (r) He or she does not have attachment for sensory pleasures. (2) He or
                    she does nor develop envy toward those who have attained an elevated status and he or she remains free of envy. (3) He or she is one who gives everything that is requested of him or her and is not a giver who regrets [acts of generos-ity] afterward. (4) He or she takes pleasure in the Dharma and is devoted to the Dharma that relates to the bodhisattva collection [of scriptures] or to
                    the manuals for that collection.</p></q>
                </div>
                    
                    
                    
                        </div><!--Perhaps the two most widespread senses in which the term is used are when it refers to a mantra-like formula that “encodes”
                        its meaning without necessarily expressing it in comprehensible speech, or when it describes the highly developed capacity of
                        advanced practitioners to memorize and accurately retain a set of detailed and profound instructions. But as well as
                        signifying the means by which such meanings or sets of instructions are retained (i.e., what holds them), it can also
                        designate a specific meaning or instruction itself (i.e., what is held). Furthermore, by extension from these senses of the term, a text that either <emph>contains</emph> a (mantra-like)
                        dhāraṇī, or is <emph>about</emph> a dhāraṇī in any of these senses, may itself be referred to <emph>as</emph> a dhāraṇī. This
                        is the basis for the term dhāraṇī having also come to designate a whole scriptural genre of Mahāyāna texts—well represented in
                        the Kangyur, which contains some two hundred fifty texts in that category. However, as a genre it is both quite diverse in its
                        composition and shares most of the texts it contains with other genres. It is often not entirely clear whether any one text is
                        labeled a dhāraṇī because the text itself <emph>is</emph> a dhāraṇī, <emph>contains</emph> a dhāraṇī, or is <emph>about</emph>
                        a dhāraṇī. For all these reasons, each text placed in this genre deserves its own analysis of what makes it “a dhāraṇī.”--><!--In the
                        case of the present text, mentions are made throughout to a “dhāraṇī of the jewel torch,” but it is difficult to determine
                        whether they all have the same reference, or whether they variously refer to a particular realization of bodhisattvas, to a
                        teaching on that realization, or to the text itself.</p>
                    <milestone unit="chunk" xml:id="eft-dharani-meaning-1273"/>
                    <p tid="795">In the first chapter, there are four separate occasions on which the dhāraṇī seems to be taught. Although the
                        corresponding mentions could conceivably all be understood as referring to one and the same instance of the dhāraṇī, three of
                        the four occasions end with a statement that the dhāraṇī has now been taught, in the past tense. In the first of the four
                        instances, the exchange between Mañjuśrī, Samanta­bhadra, and the Buddha (starting at <ptr target="#eft-dharani-meaning-86"/>) is
                        termed an explanation of the dhāraṇī in the initial request. In the second instance, Dharma­mati’s long teaching on the ten
                        levels of bodhisattvas is also described as a dhāraṇī immediately afterward by Samanta­bhadra (<ptr target="#eft-dharani-meaning-320"/>). The third instance is a dialog between Mañjuśrī and Śāri­putra (starting at <ptr target="#eft-dharani-meaning-343"/>) in response to the latter’s request for an explanation of the dhāraṇī, which is lauded as
                        a teaching on that dhāraṇī afterward (<ptr target="#eft-dharani-meaning-359"/>). The fourth instance is when yet another request
                        is made to the Buddha, this time by Samanta­bhadra, to teach the dhāraṇī (<ptr target="#eft-dharani-meaning-365"/>); the Buddha
                        teaches what is described as a mantra, and in the discussions that follow it is made clear that the meaning it carries is that
                        of the ineffable ultimate nature of reality.<note place="end" xml:id="eft-dharani-meaning-1282">The four instances here come close
                            to covering, between them, the four types of dhāraṇī set out in the commentarial literature, notably the <title xml:lang="Sa-Ltn">Bodhi­sattva­bhūmi</title>: the dhāraṇī (1) of Dharma (<foreign xml:lang="Sa-Ltn" type="term">dharma­dhāraṇī</foreign>, <foreign xml:lang="Bo-Ltn">chos kyi gzungs</foreign>), sometimes also called dhāraṇī of
                            words (<foreign xml:lang="Bo-Ltn">tshig gi gzungs</foreign>); (2) of meaning (<foreign xml:lang="Sa-Ltn" type="term">artha­dhāraṇī</foreign>, <foreign xml:lang="Bo-Ltn">don gyi gzungs</foreign>); (3) of mantras (<foreign xml:lang="Sa-Ltn" type="term">mantra­dhāraṇī</foreign>, <foreign xml:lang="Bo-Ltn">gsang sngags kyi gzungs</foreign>);
                            and (4) to attain the bodhisattvas’ acceptance (<foreign xml:lang="Sa-Ltn" type="term">bodhi­sattva­kṣānti­dhāraṇī</foreign>, <foreign xml:lang="Bo-Ltn">byang chub sems dpa’ bzod pa ’thob par byed pa’i
                                gzungs</foreign>), i.e., acceptance of the non-arising of phenomena. See Negi 1993–2005, vol. 6, p. 2318. For more on
                            dhāraṇī, their different types, their history, and their place in the literature, see Braarvig 1985, Buswell and Lopez
                            2013, Davidson 2009 and 2014, Gyatso 1992, and McBride 2005. </note>
                    </p>
                    <milestone unit="chunk" xml:id="eft-dharani-meaning-1281"/>
                    <p tid="796">Along with dhāraṇīs, a number of sūtras mention gateways (Skt. <foreign xml:lang="Sa-Ltn">mukha</foreign>, Tib.
                        <foreign xml:lang="Bo-Ltn">sgo</foreign>), meditative absorptions (Skt. <foreign xml:lang="Sa-Ltn">samādhi</foreign>, Tib.
                        <foreign xml:lang="Bo-Ltn">ting nge ’dzin</foreign>), and liberations (Skt. <foreign xml:lang="Sa-Ltn">vimokṣa</foreign>,
                        Tib. <foreign xml:lang="Bo-Ltn">rnam par thar pa</foreign>) as different kinds of qualities attained by bodhisattvas. That
                        some of the mentions of the dhāraṇī in this sūtra fall into the category of such attained qualities is suggested by the first
                        of the four instances instance here being also termed an “access” or gateway (<ptr target="#eft-dharani-meaning-126"/>), and by
                        the second instance being described as arising from the gnosis that Dharma­mati has attained while immersed in a meditative
                        absorption called “the infinite application of the jewel torch.”<note place="end" xml:id="eft-dharani-meaning-1286">Eight examples
                            of this kind of dhāraṇī are explained at length and very clearly in the <title xml:lang="Sa-Ltn">Tathāgata­mahā­karuṇā­nirdeśa</title> (Toh 147) at F.218.b et seq., (for translation see Burchardi 2020, <title xml:lang="en">The Teaching on the Great Compassion of the Tathāgata</title>, <ref target="https://read.84000.co/translation/toh147.html#UT22084-057-006-713">2.524–2.604</ref>). Interestingly the same
                            text mentions, a little later at F.231.b (see idem <ref target="https://read.84000.co/translation/toh147.html#UT22084-057-006-805">2.614–2.652</ref>), another dhāraṇī called
                            “the Jewel Lamp” for which the Tibetan in this case is <foreign xml:lang="Bo-Ltn">rin chen sgron ma</foreign>, but which
                            among other possibilities could have been, as here, the Sanskrit <foreign xml:lang="Sa-Ltn">ratnolkā</foreign>. </note>
                        Nevertheless, this second instance, the long teaching on the ten levels of bodhisattvas, is clearly also seen as a teaching,
                        in the sense of presenting specific doctrinal content. The third instance is heralded by Śāriputra’s announcement that a sūtra
                        is to be taught, yet what happens turns out to be a short and somewhat cryptic dialog equating explanation with emptiness, and
                        demonstrating how neither can be taught. Only the fourth instance, the mantra, can be reasonably clearly placed in the
                        category of dhāraṇīs that are encoding formulae, and the meaning that the mantra can be assumed to express is linked to the
                        first and third instances in the teaching by Samanta­bhadra that follows it, on how the dhāraṇī should be “retained” and
                        cultivated as a teaching on thatness, the ultimate (Skt. <foreign xml:lang="Sa-Ltn">tathatā</foreign>, Tib. <foreign xml:lang="Bo-Ltn">de bzhin nyid</foreign>).</p>
                    <milestone unit="chunk" xml:id="eft-dharani-meaning-1274"/>
                    <p tid="797">Most of the subsequent mentions of the dhāraṇī as such, in what remains of the first chapter and at the beginning of
                        the second (it is not mentioned at all in the long verse section), are made in the context of its future holders and of its
                        past history, intermingled with descriptions of it as a Dharma discourse. In other words, as a teaching—but also, in the kind
                        of internal self-reference that is a common feature of many Mahāyāna sūtras, designating this very text itself.</p>
                    <milestone unit="chunk" xml:id="eft-dharani-meaning-1283"/>
                    <p tid="798">The frequent mentions in this text of the “dhāraṇī of the jewel torch” are therefore quite varied in terms of the
                        sense in which the term is being used. We have made no attempt to use capitalization or punctuation to distinguish those that
                        may refer to the text itself, to a teaching, to the mantra, or to a realization. </p>
                    <milestone unit="chunk" xml:id="eft-dharani-meaning-1285"/>
                    <p tid="799">Neither [the Chinese translation (Taishō 299) that corresponds to this text as a whole, nor] of the two long
                        sections that appear as chapters in the <title xml:lang="Sa-Ltn">Avataṃsaka­sūtra</title> make any mention of a dhāraṇī. None
                        of the excerpts in Sanskrit quoted by Śāntideva (see below) include passages where the dhāraṇī is mentioned in the Tibetan
                        text, but the title Śāntideva uses to introduce his citations does include the <term rend="ignore">designation</term>
                        <foreign xml:lang="Sa-Ltn">dhāraṇī</foreign>.</p>
                    <head type="article" tid="24">Dhāraṇī</head>
                <div type="section" xml:id="EFT-KB-DHARANI-article-1">
                    <head type="section" tid="6">From the Intro to Toh 145 </head>
                    <milestone unit="chunk" xml:id="eft-dharani-meaning-5"/>
                    <p tid="25"><title xml:lang="en">The Princeton Dictionary of Buddhism</title>  defines and explains dhāraṇī:1 </p>
                    <q><p tid="7">In Sanskrit “mnemonic device,” “code.” The term is derived  etymologically from the Sanskrit root √dhṛ (“to hold” or “to maintain”),  thus suggesting something that
                            supports, holds, or retains; hence, a  verbal formula believed to “retain” or “encapsulate” the meaning of  lengthier texts and prolix doctrines, thus functioning as a
                            mnemonic  device. It is said that those who memorize these formulae (which may or  may not have semantic meaning) gain the power to retain the fuller  teachings that the
                            dhāraṇī “retain.” Commenting on the <hi rend="small-caps">Bodhisattvabhūmisūtra</hi>
                            <foreign xml:lang="la" type="term">[sic</foreign>], Buddhist exegetes, such as  the sixth-century Chinese scholiast <hi rend="small-caps">Jinying  Huiyuan</hi>, describe
                            dhāraṇī as part of the equipment or  accumulation (<hi rend="small-caps">saṃbhāra</hi>) that <hi rend="small-caps">bodhisattvas</hi> need to reach full  enlightenment, and
                            classify dhāraṇī into four categories, i.e., those  associated with (1) teachings (<hi rend="small-caps">dharma</hi>), (2)  meaning (<hi rend="small-caps">artha</hi>), (3)
                            spells (<hi rend="small-caps">mantra</hi>) and (4) acquiescence (<hi rend="small-caps">kṣānti</hi>). The first two types are  involved with learning and remembering the
                            teachings and intent of  Buddhist doctrine and thus function as “codes.” . . . The third type  (<hi rend="small-caps">mantradhāraṇī</hi>) helps  the bodhisattva to overcome
                            adversity, counter baleful influences, and  bestow protection. . . . The fourth type assists the bodhisattva in  acquiescing to the true nature of dharmas as unproduced . .
                            . , giving  him the courage to remain in the world for all sentient beings.</p>
                    </q>
                    <milestone unit="chunk" xml:id="eft-dharani-meaning-8"/>
                    <p tid="8">This informative dictionary entry ends by helpfully describing the  various occurrences of dhāraṇī and suggesting that they are probably not to  be considered
                        proto-tantric texts (contrary to one prevailing theory) but  rather belong to a pan-Buddhist context. However, the Indian Buddhist locus  classicus for a fourfold division of
                        dhāraṇīs is not a sūtra, as stated by  that dictionary, but rather a treatise entitled the <title xml:lang="Sa-Ltn">Bodhisattvabhūmi</title>. The relevant passage was also
                        discussed and  translated by Jens Braarvig,<note place="end" xml:id="eft-dharani-meaning-9">See Braarvig 1985, p. 19–20: “The <title xml:lang="Sa-Ltn">Bodhisattvabhūmi</title>
                            divides dhāraṇī into four  types: <foreign xml:lang="Sa-Ltn" type="term">dharmadhāraṇī</foreign>  <foreign xml:lang="Sa-Ltn" type="term">of Dharma], [arthadhāraṇī</foreign>
                            <foreign xml:lang="Sa-Ltn" type="term">of the meaning], [mantradhāraṇī</foreign>
                            <foreign xml:lang="Sa-Ltn" type="term">of mantras] and [dhāraṇī</foreign> to attain the  tolerance, <foreign xml:lang="Sa-Ltn" type="term">kṣānti</foreign>, of a 
                            bodhisattva. By the first type the bodhisattva acquires the power of  remembrance (<foreign xml:lang="Sa-Ltn" type="term">smṛti</foreign>) and  insight (<foreign xml:lang="Sa-Ltn" type="term">prajñā</foreign>) into  the Dharma, and thus is able to retain in memory for endless time any  book merely by hearing it once. <title xml:lang="Sa-Ltn">Arthadhāraṇī</title> is the same, only here one retains the meaning  of the book, not just the words, as in the first. . . . The third,  <foreign xml:lang="Sa-Ltn" type="term">mantradhāraṇī</foreign>, at  first seems to justify the translation ‘magical formula.’ Here, the  bodhisattva acquires the power of
                            concentration, <foreign xml:lang="Sa-Ltn" type="term">samādhivaśitā</foreign>, and he  employs the mantras magically to alleviate the sufferings of living  beings . . . the
                            fourth, the <foreign xml:lang="Sa-Ltn" type="term">bodhisattvakṣāntilabhāya dhāraṇī</foreign>
                            <foreign xml:lang="Sa-Ltn" type="term">dhāraṇī for attaining  the bodhisattva’s tolerance][ . . . </foreign>consists in pondering a mantra until one understands its 
                            meaning, namely that it is without meaning, and accordingly understands  all dharmas as being beyond expression. The bodhisattva’s <foreign xml:lang="Sa-Ltn" type="term">kṣānti</foreign> is the tolerance of  this state of things, that dharmas are unborn, empty and so on.” </note>  who renders this fourfold classification of dhāraṇī as
                        (1) dhāraṇī of  Dharma, (2) dhāraṇī of the meaning, (3) dhāraṇī of mantras, and (4) dhāraṇī  to attain tolerance. Braarvig also cites the <title xml:lang="Sa-Ltn">Akṣaya­matinirdeśa</title>, which characterizes dhāraṇī as both  remembrance itself and the faculty or means of retaining in memory the  teachings of the buddhas.<note place="end" xml:id="eft-dharani-meaning-10">Braarvig 1985, p. 18. </note> Braarvig thus  observes that dhāraṇī became connected with concentration (<foreign xml:lang="Sa-Ltn" type="term">samādhi</foreign>), remembrance or  recollection (<foreign xml:lang="Sa-Ltn" type="term">smṛti</foreign>), and  meditation (<foreign xml:lang="Sa-Ltn" type="term">dhyāna</foreign>),  concluding that “dhāraṇī and samādhi naturally belong together; to retain  something in memory, concentration is needed, and remembrance may
                        produce  concentration.”<note place="end" xml:id="eft-dharani-meaning-11">  Braarvig 1985, p. 22. </note>  </p>
                    <milestone unit="chunk" xml:id="eft-dharani-meaning-12"/>
                    <p tid="9">It should be noted that J. S. Negi in his dictionary entry for the  phrase <foreign xml:lang="Bo-Ltn" type="term">don gyi gzungs</foreign>  (dhāraṇī of the sense) quotes
                        the same fourfold enumeration of dhāraṇī from  the <title xml:lang="Sa-Ltn">Bodhisattvabhūmi</title>.<note place="end" xml:id="eft-dharani-meaning-13">See J. S. Negi 1993–2005,
                            vol. 6,  p. 2318: (1) dhāraṇī of the Dharma (<foreign xml:lang="Bo-Ltn" type="term">chos kyi gzungs</foreign>,<foreign xml:lang="Sa-Ltn" type="term">
                                dharmadhāraṇī</foreign>), (2) dhāraṇī of the sense  (<foreign xml:lang="Bo-Ltn" type="term">don gyi gzungs</foreign>,  <foreign xml:lang="Sa-Ltn" type="term">arthadhāraṇī</foreign>), (3)  dhāraṇī of mantras (<foreign xml:lang="Bo-Ltn" type="term">gsang sngags  kyi gzungs</foreign>, <foreign xml:lang="Sa-Ltn" type="term">mantradhāraṇī</foreign>), and (4) bodhisattva’s dhāraṇī for gaining  of forbearance, (<foreign xml:lang="Bo-Ltn" type="term">byang chub sems  dpa’ bzod pa ’thob par
                                byed pa’i gzungs</foreign>, <foreign xml:lang="Sa-Ltn" type="term">bodhisattvakṣāntidhāraṇī</foreign>). </note> In a standard modern  Tibetan–Chinese dictionary,
                        moreover, the same four <foreign xml:lang="Bo-Ltn" type="term">gzungs kyi sgo</foreign> (access to the  dhāraṇī) appear, but in a different order, while the third one is
                        called  <foreign xml:lang="Bo-Ltn" type="term">tshig gi gzungs</foreign>  (dhāraṇī of words), instead of <foreign xml:lang="Bo-Ltn" type="term">chos  kyi gzungs</foreign>
                        (dhāraṇī of Dharma).<note place="end" xml:id="eft-dharani-meaning-14">See Krang Dbyi-sun 1985, p.  2506. </note>
                    </p>
                    <milestone unit="chunk" xml:id="eft-dharani-meaning-15"/>
                    <p tid="10">The topic of dhāraṇī has also received notable attention from Janet  Gyatso, who provides a rich semiotic analysis focusing on the work of the  Tibetan author
                        Dodrupchen Jikten Tenpai Nyima<note place="end" xml:id="eft-dharani-meaning-16">This is the phonetic rendering of the  Tibetan name <foreign xml:lang="Bo-Ltn">rdo grub chen ’jigs
                                med bstan  pa’i nyi ma</foreign>. </note> (1865–c. 1926). Drawing on the  theories of Charles Sanders Peirce, Gyatso argues that dhāraṇī function as  “iconic
                        signifiers” that represent their signified objects by virtue of  being similar to them.<note place="end" xml:id="eft-dharani-meaning-17">See Gyatso 1992, p. 179. </note> Noting 
                        common examples of iconic signifiers such as pictures, diagrams, and  metaphors, she argues that dhāraṇīs are analogous to these since—following  the explanation of
                        Dodrupchen—their lack of any conventional meaning is in  fact their meaning: “Again, as the mantric formula itself has no  linguistically expressible meaning, it resembles the
                        thusness that it is  signifying, and so it can be employed as an iconic sign.”<note place="end" xml:id="eft-dharani-meaning-18">Gyatso 1992, p. 191. </note> Here  the idea is that
                        dhāraṇī qua iconic signs can free practitioners from their  own deluded conventions, functioning as “reminders” of inexpressible  emptiness. The assumption is that deluded
                        sentient beings forget the  “profound situation” of emptiness, and gradually may become accustomed to  indexical and symbolic signs that come to be understood as “icons of
                        that  birthless truth.”<note place="end" xml:id="eft-dharani-meaning-19">  Gyatso 1992, p. 195. </note>
                    </p>
                    <milestone unit="chunk" xml:id="eft-dharani-meaning-20"/>
                    <p tid="11">Ronald Davidson<note place="end" xml:id="eft-dharani-meaning-21">On the different meanings of dhāraṇī and  the Western scholarly reception of the term, see Davidson 2009.
                        </note>  argues that dhāraṇī are “codings” for different elements of Buddhist  tradition including doctrines, syllables, scriptures, ritual powers, the  elimination of negative
                        karma, the destruction of unwholesome psychological  states, essential elements of the Buddhist path, and even the path in its  entirety. In this regard, he criticizes his
                        predecessors for limiting their  analyses of dhāraṇī to intellective and mnemonic functions.<note place="end" xml:id="eft-dharani-meaning-22">Davidson 2009, p. 106. </note> He 
                        also recognizes dhāraṇī as a scriptural genre, describing it as an extremely  diverse phenomenon: </p>
                    <milestone unit="chunk" xml:id="eft-dharani-meaning-23"/>
                    <q><p tid="12">Dhāraṇīs are phrases/statements/texts that operate in the same  manner as dhāraṇīs as syllables/letters or as mantras, from coding  elements of doctrine to the
                            entire canon to acting as a vehicle for  final liberation. This function yields dhāraṇīs as a genre, which often  includes prayers, aspirations, ritual programs and
                            concluding summaries  of benefits. It is indicative, though, that texts in the genre can have  their mantradhāraṇīs abstracted elsewhere with no sense that there is a  loss
                            of the meaning, just what we might expect for coded  information.[](note id:eft-dharani-meaning-24)</p>
                    </q>
                    <milestone unit="chunk" xml:id="eft-dharani-meaning-25"/>
                    <p tid="13">Davidson prefaces these characterizations of dhāraṇī by cautioning  that the volume and proliferation of dhāraṇī scriptures and dhāraṇī-related  rites necessitate that
                        any statement concerning dhāraṇīs “requires  qualification almost before it is written.”<note place="end" xml:id="eft-dharani-meaning-26">Davidson 2009, p. 141. </note> He notes
                        that  this situation is exacerbated by the fact that Mahāyāna sūtras “sometimes  contradict each other and, occasionally, themselves.”<note place="end" xml:id="eft-dharani-meaning-27">Davidson 2009, p. 141.  </note>
                    </p>
                    <milestone unit="chunk" xml:id="eft-dharani-meaning-28"/>
                    <p tid="14">In his second article on dhāraṇī, Davidson takes a different  approach, using the linguistic tools of historical pragmatics. Drawing on  the work of John Searle,
                        Davidson explores how dhāraṇī texts might be  fruitfully analyzed as consisting of illocutionary acts. He finds nine forms  of such acts in his sources: (1) precipitating
                        assertives that articulate a  problem condition or a miraculous event, (2) directives to speak or perform  the dhāraṇī, with the verb in the imperative or optative, (3)
                        commissive  statements promising to communicate a dhāraṇī, (4) assertives in the forms  of precedent or predictive statements extolling the use of the given dhāraṇī  by
                        a/some/many previous buddhas, (5) assertives as benefit statements that  usually concern the dhāraṇī’s power to ward off disease, poison, possession,  or enemies, or that
                        affirm health, welfare, or soteriological efficacy, (6)  assertive hybrid warning statements, (7) ubiquitous expressives such as  praise, homage, confession, and condemnation,
                        (8) perlocutionary expressives  or assertives about the joy and amazement of the audience who received the  dhāraṇī under discussion, and (9) the mantradhāraṇī itself.<note place="end" xml:id="eft-dharani-meaning-29">See Davidson 2014, p. 11. </note>  By identifying these nine types of illocutionary acts across his source  texts, Davidson
                        concludes that the dhāraṇī genre is highly formalized—and to  some degree formulaic—working in recognizable pragmatic patterns.<note place="end" xml:id="eft-dharani-meaning-30">Davidson 2014, p.  52. </note>
                    </p>
                    <milestone unit="chunk" xml:id="eft-dharani-meaning-31"/>
                    <p tid="15">Gyatso’s and Davidson’s characterizations of dhāraṇī are relevant to  <title xml:lang="en">The Dhāraṇī of the Jewel Torch</title>, in which we  find frequent references
                        to the ultimate reality of emptiness and the  various codings and speech acts that Davidson outlines. </p>
                    <p tid="16">10)   Gyatso 1992, p. 195. </p>
                    <p tid="17">11) On the different meanings of dhāraṇī and  the Western scholarly reception of the term, see Davidson 2009. </p>
                    <p tid="18">12) Davidson 2009, p. 106. </p>
                    <p tid="19">13) See Davidson 2009, p. 142. </p>
                    <p tid="20">14) Davidson 2009, p. 141. </p>
                    <p tid="21">15) Davidson 2009, p. 141.  </p>
                    <p tid="22">16) See Davidson 2014, p. 11. </p>
                    <p tid="23">17) Davidson 2014, p.  52. </p>-->
                </div>
            </div>
        </body>
        <back>
            <div type="listBibl">
                <head type="listBibl" tid="4">Bibliography</head>
                <div type="section" xml:id="EFT-KB-DHARANI-listBibl-1">
                    <head type="section" tid="5">New Section Heading</head>
                    <bibl xml:id="EFT-KB-DHARANI-1">Here's a sample bibliographic reference with a link to <ref target="https://read.84000.co/translation/toh46.html">Toh 46</ref></bibl>
                </div>
            </div>
        </back>
    </text>
</TEI>