<?xml-model href="../schema/current/knowledgebase.rng" schematypens="http://relaxng.org/ns/structure/1.0"?><TEI xmlns="http://www.tei-c.org/ns/1.0" xmlns:eft="http://read.84000.co/ns/1.0" xmlns:tei="http://www.tei-c.org/ns/1.0">
    <teiHeader>
        <fileDesc>
            <titleStmt>
                <title type="mainTitle" xml:lang="en">Dundubhisvara</title>
                <title type="mainTitle" xml:lang="Bo-Ltn">rnga sgra</title>
                <title type="otherTitle" xml:lang="Sa-Ltn">Dundubhisvararāja</title>
                <title type="otherTitle" xml:lang="Bo-Ltn">rnga sgra’i rgyal po</title>
                <title type="otherTitle" xml:lang="Sa-Ltn">Amṛtadundubhisvararāja</title>
                <title type="otherTitle" xml:lang="Bo-Ltn">’chi med rnga sgra’i rgyal po</title>
            </titleStmt>
            <editionStmt>
                <edition>v 0.0.3 <date>2023</date></edition>
            </editionStmt>
            <publicationStmt>
                <publisher><name>84000: Translating the Words of the Buddha</name></publisher>
                <availability status="2.a"/><idno xml:id="EFT-KB-DUNDUBHISVARA"/>
                <idno type="eft-kb-id">dundubhisvara</idno>
                <date>2021-06-08</date>
            </publicationStmt>
            <sourceDesc>
                <p>Created by 84000: Translating the Words of the Buddha</p>
            </sourceDesc>
            <notesStmt/>
            <revisionDesc>
                <change who="#mike" when="2021-06-08T22:50:27.912Z" type="text-version" status="0.0.1" xml:id="EFT-KB-DUNDUBHISVARA-2"><desc>Auto (file-created)</desc></change>
                <change who="#mike" when="2021-06-08T22:57:03.741Z" type="text-version" status="0.0.2" xml:id="EFT-KB-DUNDUBHISVARA-3"><desc>Auto (knowledgebase-header)</desc></change>
                <change who="#admin" when="2023-07-30T22:39:48.323Z" type="text-version" status="0.0.3" xml:id="EFT-KB-DUNDUBHISVARA-4">
                    <desc>TEI migrated to 2.19.0</desc>
                </change>
            </revisionDesc>
        </fileDesc>
    </teiHeader>
    <text>
        <front/>
        <body>
            <div type="article">
                <div type="section" xml:id="EFT-KB-DUNDUBHISVARA-article-1">
                    <head type="section" tid="6">In connection with Amitāyus-Amitābha and Sukhāvatī </head>
                    <p tid="7">Dundubhisvararāja, rnga sgra’i rgyal po, seems to be an epithet of Amitāyus or Aparimitāyus <foreign xml:lang="Bo-Ltn">tshe dpag med</foreign> as the name initially
                        Amṛtadundubhisvararāja is used to introduce the dhāraṇi in the Aparimitāyurñānahṛdayadhāraṇī Toh 676/850 and also occurs within that dhāraṇi. </p>
                    <p tid="8">The text is clearly about tshe dpag med in the sense of Amitāyus-Amitābha, since it involves descriptions of the western buddhafield of Sukhāvatī, despite its title,
                        which could lead one to believe it was about Aparimitāyurjñāna also tshe dpag med but tshe dang yeshe dpag tu med pa in long form. </p>
                    <p tid="9">This text is also cited in Tibetan literature and Indian?? as rnga sgra’i rgyal po’i gzungs and it may perhaps be as a result that the epithet is applied to
                        Amitāyus-Amitābha. </p>
                    <p tid="10">In the Tibetan tradition, this appears to be the most common use of the name rnga sgra’i rgyal po Dundubhisvararāja. </p>
                    <head type="nonStructuralBreak" tid="11">As a buddha of the northern direction </head>
                    <p tid="12">cf the Suvarṇaprabhāsa sūtras </p>
                    <p tid="13">In this same ? connection the Japanese and Chinese? traditions seem to give Dundubhisvara as an alternative name of the buddha of the Karma family associated with the
                        north, i.e. instead of Amoghasiddhi. See https://fr.wikipedia.org/wiki/Amoghasiddhi </p>
                    <p tid="14">There may be the variant Dundubhisvaranirghoṣa as a buddha of the north see Edgerton. </p>
                    <head type="nonStructuralBreak" tid="15">As a buddha of the past in connection with the origin of Tārā </head>
                    <p tid="16">In Tārāmūlakalpa ? See Landesman 2008 </p>
                    <head type="nonStructuralBreak" tid="17">As the name of bodhisattvas </head>
                    <head type="nonStructuralBreak" tid="18">As the name of a gandharva king </head>
                    <head type="nonStructuralBreak" tid="19">As the name of a nāga king </head>
                </div>
            </div>
        </body>
        <back>
            <div type="listBibl">
                <head type="listBibl" tid="4">Bibliography</head>
                <div type="section" xml:id="EFT-KB-DUNDUBHISVARA-listBibl-1">
                    <head type="section" tid="5">New Section Heading</head>
                    <bibl xml:id="EFT-KB-DUNDUBHISVARA-1">Here's a sample bibliographic reference with a link to <ref target="https://read.84000.co/translation/toh46.html">Toh 46</ref></bibl>
                </div>
            </div>
        </back>
    </text>
</TEI>