<?xml-model href="../schema/current/knowledgebase.rng" schematypens="http://relaxng.org/ns/structure/1.0"?><TEI xmlns="http://www.tei-c.org/ns/1.0" xmlns:eft="http://read.84000.co/ns/1.0" xmlns:tei="http://www.tei-c.org/ns/1.0">
    <teiHeader>
        <fileDesc>
            <titleStmt>
                <title type="mainTitle" xml:lang="en">five powers, five faculties</title>
                <title type="mainTitle" xml:lang="Sa-Ltn">pañcendriya</title>
                <title type="mainTitle" xml:lang="Bo-Ltn">dbang po lnga</title>
            </titleStmt>
            <editionStmt>
                <edition>v 0.0.4 <date>2023</date></edition>
            </editionStmt>
            <publicationStmt>
                <publisher><name>84000: Translating the Words of the Buddha</name></publisher>
                <availability status="2.a"/><idno xml:id="EFT-KB-FIVE-POWERS-FIVE-FACULTIES"/>
                <idno type="eft-kb-id">five-powers-five-faculties</idno>
                <date>2021-06-09</date>
            </publicationStmt>
            <sourceDesc>
                <p>Created by 84000: Translating the Words of the Buddha</p>
            </sourceDesc>
            <notesStmt/>
            <revisionDesc>
                <change who="#mike" when="2021-06-09T22:13:52.492Z" type="text-version" status="0.0.1" xml:id="EFT-KB-FIVE-POWERS-FIVE-FACULTIES-6"><desc>Auto (file-created)</desc></change>
                <change who="#mike" when="2021-06-09T22:14:27.089Z" type="text-version" status="0.0.2" xml:id="EFT-KB-FIVE-POWERS-FIVE-FACULTIES-7"><desc>Auto (knowledgebase-header)</desc></change>
                <change who="#mike" when="2021-06-09T22:14:41.94Z" type="text-version" status="0.0.3" xml:id="EFT-KB-FIVE-POWERS-FIVE-FACULTIES-8"><desc>Auto (knowledgebase-header)</desc></change>
                <change who="#admin" when="2023-07-30T22:39:48.323Z" type="text-version" status="0.0.4" xml:id="EFT-KB-FIVE-POWERS-FIVE-FACULTIES-9">
                    <desc>TEI migrated to 2.19.0</desc>
                </change>
            </revisionDesc>
        </fileDesc>
    </teiHeader>
    <text>
        <front/>
        <body>
            <div type="article">
                <div type="section" xml:id="EFT-KB-FIVE-POWERS-FIVE-FACULTIES-article-1">
                    <p tid="6">May refer to several sets of “five faculties” or “powers” depending on context. </p>
                    <milestone unit="chunk" xml:id="EFT-KB-FIVE-POWERS-FIVE-FACULTIES-2"/>
                    <label tid="26">The five sense faculties, or the five sensory organs; also called dbang po gzugs can pa lnga: </label>
                    <list type="bullet" rend="numbers">
                        <item><p tid="8">vision, or the eye (cakṣurindriya, mig gi dbang po) </p></item>
                        <item><p tid="9">hearing, or the ear (śrotrendriya, rna ba’i dbang po) </p></item>
                        <item><p tid="10">smell, or the nose (ghrāṇendriya, sna’i dbang po) </p></item>
                        <item><p tid="11">taste, or the tongue (jihvendriya, lce’i dbang po) </p></item>
                        <item><p tid="12">touch, or the body (kāyendriya, lus kyi dbang po) </p></item>
                    </list>
                    <milestone unit="chunk" xml:id="EFT-KB-FIVE-POWERS-FIVE-FACULTIES-3"/>
                    <label tid="27">Five “powers” or faculties employed on the bodhisattva path, particularly as applied in the first two stages of the path of application
                        (prayogamārga, sbyor lam); also called rnam byang gi dbang po lnga </label>
                    <list type="bullet" rend="numbers">
                        <item><p tid="14">the faculty of faith (śraddhendriya, dad pa’i dbang po) </p></item>
                        <item><p tid="15">the faculty of perseverance (vīryendriya, brtson ’grus kyi dbang po) </p></item>
                        <item><p tid="16">the faculty of recollection (smṛtyindriya, dran pa’i dbang po) </p></item>
                        <item><p tid="17">the faculty of meditative stability (samādhyindriya, ting nge ’dzin gyi dbang po) </p></item>
                        <item><p tid="18">the faculty of discriminative awareness (prajñendriya, shes rab kyi dbang po) </p></item>
                    </list>
                    <p tid="19">(see also “the thirty-seven factors of the path to enlightenment” (saptatriṃśatbodhipakṣīyadharmā, byang chub phyogs kyi chos so bdun) </p>
                    <milestone unit="chunk" xml:id="EFT-KB-FIVE-POWERS-FIVE-FACULTIES-4"/>
                    <label tid="28">In certain Abhidharma contexts (see also tshor ba lnga): </label>
                    <list type="bullet" rend="numbers">
                        <item><p tid="21">bde ba’i dbang po </p></item>
                        <item><p tid="22">bdug bsngal gyi dbang po </p></item>
                        <item><p tid="23">yid bde ba’i dbang po </p></item>
                        <item><p tid="24">yid mi bde ba’i dbang po </p></item>
                        <item><p tid="25">btang snyoms kyi dbang po </p></item>
                    </list>
                    <milestone unit="chunk" xml:id="EFT-KB-FIVE-POWERS-FIVE-FACULTIES-5"/>
                    <p tid="29">In some medical texts, the five vital organs (heart, liver, kidneys, lungs, spleen), also called lus kyi don lnga. </p>
                </div>
            </div>
        </body>
        <back>
            <div type="listBibl">
                <head type="listBibl" tid="4">Bibliography</head>
                <div type="section" xml:id="EFT-KB-FIVE-POWERS-FIVE-FACULTIES-listBibl-1">
                    <head type="section" tid="5">New Section Heading</head>
                    <bibl xml:id="EFT-KB-FIVE-POWERS-FIVE-FACULTIES-1">Here's a sample bibliographic reference with a link to <ref target="https://read.84000.co/translation/toh46.html">Toh
                        46</ref></bibl>
                </div>
            </div>
        </back>
    </text>
</TEI>