<?xml-model href="../schema/current/knowledgebase.rng" schematypens="http://relaxng.org/ns/structure/1.0"?><TEI xmlns="http://www.tei-c.org/ns/1.0" xmlns:eft="http://read.84000.co/ns/1.0" xmlns:tei="http://www.tei-c.org/ns/1.0">
    <teiHeader>
        <fileDesc>
            <titleStmt>
                <title type="mainTitle" xml:lang="en">Foremost Qualities of Śrāvaka Disciples</title>
            </titleStmt>
            <editionStmt>
                <edition>v 0.0.2 <date>2023</date></edition>
            </editionStmt>
            <publicationStmt>
                <publisher><name>84000: Translating the Words of the Buddha</name></publisher>
                <availability status="2.a"/><idno xml:id="EFT-KB-FOREMOST-QUALITIES-SRAVAKA-DISCIPLES"/>
                <idno type="eft-kb-id">foremost-qualities-sravaka-disciples</idno>
                <date>2021-06-09</date>
            </publicationStmt>
            <sourceDesc>
                <p>Created by 84000: Translating the Words of the Buddha</p>
            </sourceDesc>
            <notesStmt/>
            <revisionDesc>
                <change who="#mike" when="2021-06-09T22:17:16.216Z" type="text-version" status="0.0.1" xml:id="EFT-KB-FOREMOST-QUALITIES-SRAVAKA-DISCIPLES-8"><desc>Auto (file-created)</desc></change>
                <change who="#admin" when="2023-07-30T22:39:48.323Z" type="text-version" status="0.0.2" xml:id="EFT-KB-FOREMOST-QUALITIES-SRAVAKA-DISCIPLES-9">
                    <desc>TEI migrated to 2.19.0</desc>
                </change>
            </revisionDesc>
        </fileDesc>
    </teiHeader>
    <text>
        <front/>
        <body>
            <div type="article">
                <div type="section" xml:id="EFT-KB-FOREMOST-QUALITIES-SRAVAKA-DISCIPLES-article-1">
                    <head type="section" tid="6">The Śrāvaka Disciples </head>
                    <milestone unit="chunk" xml:id="EFT-KB-FOREMOST-QUALITIES-SRAVAKA-DISCIPLES-2"/>
                    <head type="nonStructuralBreak" tid="7">from the Śūraṃgamasamādhisūtra: </head>
                    <p tid="36">The list is incidental to the main narrative in this passage, in which Maitreya demonstrates his mastery of the śūraṃgamasamādhi by manifesting, to all the bodhisattvas
                        in the assembly, in all kinds of forms in all the worlds of the trichiliocosm, including those of the ten foremost śrāvakas: </p>
                    <list type="bullet" rend="numbers">
                        <item><p tid="9">Ānanda – the Tathāgata’s attendant (upasthāyaka, de bzhin gshegs pa’i g.yog byed). </p></item>
                        <item><p tid="10">Śāriputra – foremost of those with great wisdom (mahāprajñāvatām agryaḥ, shes rab che). </p></item>
                        <item><p tid="11">Maudgalyāyana – foremost of those with great supernormal powers (ṛddhimatām agryaḥ, rdzu ’phrul che). </p></item>
                        <item><p tid="12">Mahākāśyapa – foremost of those who observe the ascetic practices (dhūtaguṇavādinām agryaḥ, sbyangs pa smra). </p></item>
                        <item><p tid="13">Pūrṇa – foremost of those who expound the Dharma (dharmakathikānām agryaḥ, chos smrar ba por gyur). </p></item>
                        <item><p tid="14">Rāhula – foremost of those who like to train themselves (śikṣākāmānām agryaḥ, bslab pa ’dod par gyur). </p></item>
                        <item><p tid="15">Upāli – foremost of those who hold the vinaya (vinayadharāṇām agryaḥ, ’dul ba ’dzin). </p></item>
                        <item><p tid="16">Aniruddha – foremost of those who have the divine eye (divyacakṣukānām agryaḥ, lha’i mig dang ldan). </p></item>
                        <item><p tid="17">Revata – foremost of those in meditative absorption (dhyāyinām agryaḥ, bsam gtan par gyur). </p></item>
                    </list>
                    <p tid="18">10. Subhūti – foremost of those staying without kleśas (araṇavihāriṇām agryaḥ, nyon mongs pa med par gnas pa’i mchog tu gyur). </p>
                    <p tid="19">Śūraṃgamasamādhisūtra (Toh 132), Degé Kangyur vol. 55 (mdo sde, da), F.305.b. </p>
                    <milestone unit="chunk" xml:id="EFT-KB-FOREMOST-QUALITIES-SRAVAKA-DISCIPLES-3"/>
                    <head type="nonStructuralBreak" tid="37">From <title xml:lang="en">Great Upholder of the Secret Mantra</title> 
                        </head>
                    <head type="nonStructuralBreak" tid="38">(<title xml:lang="Sa-Ltn">Mahā­mantrānudhāriṇī</title>, Toh 563)</head>
                    <p tid="39">Thirteen disciples are mentioned in <ptr target="#UT22084-090-007-53"/>. The names and qualities 
                        of these elders are invoked for their “truth and true words” to lend power to the request for protection: </p>
                    <list type="bullet" rend="numbers">
                        <item><p tid="40">Ājñāta­kauṇḍinya, like the eldest of a king’s sons, foremost among those practicing pure conduct, for a long time has passed since his ordination;</p></item>
                        <item><p tid="41">Mahākāśyapa, supreme among those with few desires who adhere to the qualities from training and have contentment;</p></item>
                        <item><p tid="42">Śāradvatīputra, supreme among those with great wisdom and eloquence;</p></item>
                        <item><p tid="43">Mahā­maudgalyāyana, supreme among those with great miraculous powers and great magical abilities;</p></item>
                        <item><p tid="44">Aniruddha, supreme among those with the divine eye;</p></item>
                        <item><p tid="45">Ānanda, supreme among the learned; </p></item>
                        <item><p tid="46">Upālī, supreme among holders of discipline;</p></item>
                        <item><p tid="47">Pūrṇa­maitrāyaṇī­putra, supreme among Dharma preachers;</p></item>
                        <item><p tid="48">Rāhula, supreme among those with respect for the trainings;</p></item>
                        <item><p tid="49">Vasumallaputra, supreme among those who distribute bedding and cushions;</p></item>
                        <item><p tid="50">Piṇḍola Bhāradvāja, supreme among those who proclaim the lion’s roar;</p></item>
                        <item><p tid="51">Kālodāyin, supreme among those who inspire householders;</p></item>
                        <item><p tid="52">Sudarśana, supreme among those who are venerated by gods and men.</p></item>
                    </list>
                    <milestone unit="chunk" xml:id="EFT-KB-FOREMOST-QUALITIES-SRAVAKA-DISCIPLES-4"/>
                    <head type="nonStructuralBreak" tid="53">nyan thos mchog brgyad </head>
                    <head type="nonStructuralBreak" tid="54">from Dungkar: </head>
                    <list type="bullet" rend="numbers">
                        <item><p tid="55">Śāriputra – Great wisdom (shes rab can) </p></item>
                        <item><p tid="56">Maudgalyāyana – great supernatural powers (rdzu ’phrul can) </p></item>
                        <item><p tid="57">Subhūti – interest in the profound (zab mo la mos pa) </p></item>
                        <item><p tid="58">Aniruddha – having the divine eye (lha’i mig ldan) </p></item>
                        <item><p tid="59">Dravya Mallaputra (gyad nor bu) – assigner of lodgings (mal stan bgo ba, vaiyāpṛtyakara) </p></item>
                        <item><p tid="60">Udāyin – arousing faith in householders (khyim bdag dad pa skyes pa) </p></item>
                        <item><p tid="61">Ānanda – learning (mang du thos pa) </p></item>
                        <item><p tid="62">Rāhula – respect for training (bslab pa la gus pa) </p></item>
                    </list>
                    <milestone unit="chunk" xml:id="EFT-KB-FOREMOST-QUALITIES-SRAVAKA-DISCIPLES-5"/>
                    <p tid="30">Mahākāśyapa was known as “the foremost among the upholders of the ascetic practices” (dhūtaguṇavādinām agraḥ) and was the Buddha’s successor as leader of the saṅgha
                        after the parinirvāṇa. </p>
                    <milestone unit="chunk" xml:id="EFT-KB-FOREMOST-QUALITIES-SRAVAKA-DISCIPLES-6"/>
                    <p tid="31">Śāriputra—foremost of the wise, “second only to the Buddha in his knowledge of the Dharma”—attained the state of arhat two weeks after going forth, after hearing the
                        Dīrghanakaparivrājakaparipṛcchā </p>
                    <milestone unit="chunk" xml:id="EFT-KB-FOREMOST-QUALITIES-SRAVAKA-DISCIPLES-7"/>
                    <p tid="32">Maudgalyāyana / Mahāmaudgalyāyana – foremost in supranormal powers (ṛddhi) – attained the state of arhat seven days after going forth </p>
                    <milestone unit="chunk" xml:id="EFT-KB-FOREMOST-QUALITIES-SRAVAKA-DISCIPLES-8"/>
                    <p tid="33">Ānanda (from email sent 5/9/2020): he had no less than five “foremost in…” distinctions (no-one else had more than two): as well as that of “foremost attendant"
                        (upaṭṭhakānaṁ), he was foremost in having “heard much” (bahussutānaṁ), “good memory” (satimantānaṁ), “mastery of the structure of the teachings” (gatimantānaṁ), and “steadfast
                        in study” (dhitimantānaṁ) (all from Bodhi/ Nyanaponika/Hecker, Great Disciples of the Buddha). </p>
                </div>
                <div type="section" xml:id="EFT-KB-FOREMOST-QUALITIES-SRAVAKA-DISCIPLES-article-2">
                    <head type="section" tid="34">Pali Souces </head>
                    <p tid="35">See https://84000.org/tipitaka/english/metta.lk/20i146-e.php </p>
                </div>
            </div>
        </body>
        <back>
            <div type="listBibl">
                <head type="listBibl" tid="4">Bibliography</head>
                <div type="section" xml:id="EFT-KB-FOREMOST-QUALITIES-SRAVAKA-DISCIPLES-listBibl-1">
                    <head type="section" tid="5">New Section Heading</head>
                    <bibl xml:id="EFT-KB-FOREMOST-QUALITIES-SRAVAKA-DISCIPLES-1">Here's a sample bibliographic reference with a link to <ref target="https://read.84000.co/translation/toh46.html">Toh
                            46</ref></bibl>
                </div>
            </div>
        </back>
    </text>
</TEI>