<?xml-model href="../schema/current/knowledgebase.rng" schematypens="http://relaxng.org/ns/structure/1.0"?><TEI xmlns="http://www.tei-c.org/ns/1.0" xmlns:eft="http://read.84000.co/ns/1.0" xmlns:tei="http://www.tei-c.org/ns/1.0">
    <teiHeader>
        <fileDesc>
            <titleStmt>
                <title type="mainTitle" xml:lang="en">Gayā</title>
            </titleStmt>
            <editionStmt>
                <edition>v 0.0.2 <date>2023</date></edition>
            </editionStmt>
            <publicationStmt>
                <publisher><name>84000: Translating the Words of the Buddha</name></publisher>
                <availability status="2.a"/><idno xml:id="EFT-KB-GAYA"/>
                <idno type="eft-kb-id">gaya</idno>
                <date>2021-06-09</date>
            </publicationStmt>
            <sourceDesc>
                <p>Created by 84000: Translating the Words of the Buddha</p>
            </sourceDesc>
            <notesStmt/>
            <revisionDesc>
                <change who="#mike" when="2021-06-09T21:51:06.12Z" type="text-version" status="0.0.1" xml:id="EFT-KB-GAYA-2"><desc>Auto (file-created)</desc></change>
                <change who="#admin" when="2023-07-30T22:39:48.323Z" type="text-version" status="0.0.2" xml:id="EFT-KB-GAYA-3">
                    <desc>TEI migrated to 2.19.0</desc>
                </change>
            </revisionDesc>
        </fileDesc>
    </teiHeader>
    <text>
        <front/>
        <body>
            <div type="article">
                <div type="section" xml:id="EFT-KB-GAYA-article-1">
                    <head type="section" tid="6">Gayā </head>
                    <p tid="7">Gayā, Bodhgāya, Uruvilvā, Phalgu river, Nairañjana (Lilaja) river, the Kāśyapa brothers, Gayāśīrṣa, ~sūtra, Ratnameghasūtra, Devadatta, </p>
                    <p tid="8">Gayā is among the tīrtha sacred pilgrimage sites mentioned in the Mahābhārata, Rāmāyaṇa, and numerous Purāṇas and Dharmaśāstra works (Sirchar 283). </p>
                    <p tid="9">See Singh ch. 4. </p>
                </div>
            </div>
        </body>
        <back>
            <div type="listBibl">
                <head type="listBibl" tid="4">Bibliography</head>
                <div type="section" xml:id="EFT-KB-GAYA-listBibl-1">
                    <head type="section" tid="5">New Section Heading</head>
                    <bibl xml:id="EFT-KB-GAYA-1">Here's a sample bibliographic reference with a link to <ref target="https://read.84000.co/translation/toh46.html">Toh 46</ref></bibl>
                </div>
            </div>
        </back>
    </text>
</TEI>