<?xml-model href="../schema/current/knowledgebase.rng" schematypens="http://relaxng.org/ns/structure/1.0"?><TEI xmlns="http://www.tei-c.org/ns/1.0" xmlns:eft="http://read.84000.co/ns/1.0" xmlns:tei="http://www.tei-c.org/ns/1.0">
    <teiHeader>
        <fileDesc>
            <titleStmt>
                <title type="mainTitle" xml:lang="en">Marks and Signs</title>
            </titleStmt>
            <editionStmt>
                <edition>v 0.0.3 <date>2024</date></edition>
            </editionStmt>
            <publicationStmt>
                <publisher><name>84000: Translating the Words of the Buddha</name></publisher>
                <availability status="2.a"/><idno xml:id="EFT-KB-MARKS-SIGNS"/>
                <idno type="eft-kb-id">marks-signs</idno>
                <date>2021-06-08</date>
            </publicationStmt>
            <sourceDesc>
                <p>Created by 84000: Translating the Words of the Buddha</p>
            </sourceDesc>
            <notesStmt/>
            <revisionDesc>
                <change who="#mike" when="2021-06-08T23:36:15.61Z" type="text-version" status="0.0.1" xml:id="EFT-KB-MARKS-SIGNS-2"><desc>Auto (file-created)</desc></change>
                <change who="#admin" when="2023-07-30T22:39:48.323Z" type="text-version" status="0.0.2" xml:id="EFT-KB-MARKS-SIGNS-3">
                    <desc>TEI migrated to 2.19.0</desc>
                </change>
                <change who="#john" when="2024-01-30T12:01:12.353Z" type="text-version" status="0.0.3" xml:id="EFT-KB-MARKS-SIGNS-4">
                    <desc>Added ref to Toh 172.</desc>
                </change>
            </revisionDesc>
        </fileDesc>
    </teiHeader>
    <text>
        <front/>
        <body>
            <div type="article">
                <head type="article" tid="6">Scriptural sources for 32 major and 80 minor marks</head>
                <div type="section" xml:id="EFT-KB-MARKS-SIGNS-article-1">
                    <head type="section" tid="31">A. Kangyur </head>
                    <p tid="32">Prajñāpāramitāsūtras: </p>
                    <list type="bullet" rend="dots">
                        <item><p tid="33">Ch 63 of 100,000 </p></item>
                        <item><p tid="34">Ch 62 of 25,000 </p></item>
                        <item><p tid="35">Ch 73 of 18,000 </p></item>
                        <item><p tid="36">Chs <ref target="https://read.84000.co/translation/toh11.html#UT22084-031-002-270">2</ref> and <ref target="https://read.84000.co/translation/toh11.html#UT22084-031-002-2379">29</ref> of 10,000 </p></item>
                    </list>
                    <lb/>
                    <p tid="37"><title xml:lang="Sa-Ltn">Abhisamayālaṃkāra</title> VIII.12-32 </p>
                    <p tid="45"><title xml:lang="Sa-Ltn">Lalitavistara</title> (Toh 95) 7.98-103</p> 
                    <p tid="38">also 26.145-173 (32 marks with their “causes”). </p>
                    <p tid="39"><title xml:lang="Sa-Ltn">Mahāyānodapeśa</title> (Toh 169) vol.59, F.297a et seq. (32 marks with their “causes”) </p>
                    <p tid="40"><title xml:lang="Sa-Ltn">Rāṣṭrapālaparipṛcchā</title> (Toh 62) Ch 2. </p>
                    <p tid="41"><title xml:lang="Sa-Ltn">Arthaviniścaya</title> (Toh 317) F.185.a et seq. marks and signs, and the other buddhadharmas (also
                        with causes for the 32) </p>
                    <p tid="42"><title xml:lang="Sa-Ltn">Bodhisattvacaryānirdeśa</title> (Toh 184) <ref target="https://read.84000-translate.org/translation/toh184.html#UT22084-061-004-39">Verses 1.23 et seq</ref>. spoken by the child
                        Ratnadatta’s mother, different order but includes all 32 marks except webbed feet and hands, 40 teeth, straight gullet, and aureole. </p>
                    <p tid="43"><title xml:lang="Sa-Ltn">Raśmisamantamukha</title> (Toh 55) F.219a et seq. ?? </p>
                    <p tid="46"><title xml:lang="en">The Question of Mañjuśrī</title> (Toh 172) <ref target="https://read.84000.co/translation/toh172.html#UT22084-060-001-73">1.18</ref>, but only 29 marks appear to be listed, and there are slight differences compared to other lists.</p>
                </div>
                <div type="section" xml:id="EFT-KB-MARKS-SIGNS-article-2">
                    <head type="section" tid="22">B. Tengyur</head>
                    <p tid="23">
                        <title xml:lang="Sa-Ltn">Ratnagotravibhāga-Uttaratantraśāstra</title> III.17-25 (32 major only)</p>
                </div>
                <div type="section" xml:id="EFT-KB-MARKS-SIGNS-article-3">
                    <head type="section" tid="24">C. Other inc. Skt texts</head>
                    <p tid="25">
                        <title xml:lang="Sa-Ltn">Mahāvastu</title>
                    </p>
                </div>
                <div type="section" xml:id="EFT-KB-MARKS-SIGNS-article-4">
                    <head type="section" tid="26">D. Pali: </head>
                    <p tid="27">
                        <title xml:lang="Sa-Ltn">Lakkhaṇasutta</title>
                    </p>
                    <p tid="28">others?</p>
                </div>
                <div type="section" xml:id="EFT-KB-MARKS-SIGNS-article-5">
                    <head type="section" tid="29">Note for # 77 of minor marks in PP 10k: </head>
                    <p tid="30">In the context of the 80 minor marks, the palms and soles are said in many such lists to be marked with auspicious symbols such
                        as the svastika and śrīvatsa. This is presumably in addition to the thousand-spoked wheels mentioned above and in most lists of the 32
                        major marks. The mention of the palm and sole markings in lists of the 32 major marks in the Lalitavistara and Rāṣṭrapālaparipṛcchā both
                        mention svastikas in addition to wheels. In the list of the 80 minor marks in the Lalitavistara (7.103), however, the equivalent to this
                        mention of markings on the palms and soles refers instead to Prince Siddhartha’s hair as curling into shapes such as the svastika and
                        śrīvatsa.</p>
                </div>
            </div>
        </body>
        <back>
            <div type="listBibl">
                <head type="listBibl" tid="4">Bibliography</head>
                <div type="section" xml:id="EFT-KB-MARKS-SIGNS-listBibl-1">
                    <head type="section" tid="5">New Section Heading</head>
                    <bibl xml:id="EFT-KB-MARKS-SIGNS-1">Here's a sample bibliographic reference with a link to <ref target="https://read.84000.co/translation/toh46.html">Toh 46</ref></bibl>
                </div>
            </div>
        </back>
    </text>
</TEI>