<?xml-model href="../schema/current/knowledgebase.rng" schematypens="http://relaxng.org/ns/structure/1.0"?><TEI xmlns="http://www.tei-c.org/ns/1.0" xmlns:eft="http://read.84000.co/ns/1.0" xmlns:tei="http://www.tei-c.org/ns/1.0">
    <teiHeader>
        <fileDesc>
            <titleStmt>
                <title type="mainTitle" xml:lang="en">Other Buddhas</title>
            </titleStmt>
            <editionStmt>
                <edition>v 0.0.2 <date>2023</date></edition>
            </editionStmt>
            <publicationStmt>
                <publisher><name>84000: Translating the Words of the Buddha</name></publisher>
                <availability status="2.a"/><idno xml:id="EFT-KB-OTHER-BUDDHAS"/>
                <idno type="eft-kb-id">other-buddhas</idno>
                <date>2021-06-08</date>
            </publicationStmt>
            <sourceDesc>
                <p>Created by 84000: Translating the Words of the Buddha</p>
            </sourceDesc>
            <notesStmt/>
            <revisionDesc>
                <change who="#mike" when="2021-06-08T23:22:18.465Z" type="text-version" status="0.0.1" xml:id="EFT-KB-OTHER-BUDDHAS-2"><desc>Auto (file-created)</desc></change>
                <change who="#admin" when="2023-07-30T22:39:48.323Z" type="text-version" status="0.0.2" xml:id="EFT-KB-OTHER-BUDDHAS-3">
                    <desc>TEI migrated to 2.19.0</desc>
                </change>
            </revisionDesc>
        </fileDesc>
    </teiHeader>
    <text>
        <front/>
        <body>
            <div type="article">
                <div type="section" xml:id="EFT-KB-OTHER-BUDDHAS-article-1">
                    <head type="section" tid="6">Buddhas of the past </head>
                    <p tid="7">jātakas and vyākaraṇa; Dipaṃkara </p>
                    <p tid="8">sangs rgyas rabs bdun and Mahāvadāna </p>
                    <p tid="9">Bahubuddhakasūtra </p>
                    <p tid="10">list of 25 </p>
                    <p tid="11">mention of millions </p>
                    <p tid="12">Lalitavistara list of ?25 </p>
                </div>
                <div type="section" xml:id="EFT-KB-OTHER-BUDDHAS-article-2">
                    <head type="section" tid="13">Buddhas of the future </head>
                    <p tid="14">Maitreya </p>
                    <p tid="15">one-off vyākaraṇa episodes </p>
                    <p tid="16">Bhadrakalpika 1,000 buddhas </p>
                    <p tid="17">also have several collective vyākaraṇa versions </p>
                </div>
                <div type="section" xml:id="EFT-KB-OTHER-BUDDHAS-article-3">
                    <head type="section" tid="18">Buddhas elsewhere </head>
                    <p tid="19">gangs can mtsho </p>
                    <p tid="20">4, 8, 10 directions </p>
                    <p tid="21">The Eight Buddhas </p>
                    <p tid="22">The Twelve Buddhas </p>
                    <p tid="23">Vimalakīrtinirdeśa </p>
                    <p tid="24">… many other texts </p>
                </div>
                <div type="section" xml:id="EFT-KB-OTHER-BUDDHAS-article-4">
                    <head type="section" tid="25">Tantric buddhas </head>
                    <p tid="26">rigs kyi btso bo (3, 5) </p>
                    <p tid="27">peaceful and wrathful </p>
                    <p tid="28">Vairocana </p>
                    <p tid="29">Vajradhara </p>
                    <p tid="30">Samantabhadra </p>
                    <p tid="31">6 Munis </p>
                </div>
            </div>
        </body>
        <back>
            <div type="listBibl">
                <head type="listBibl" tid="4">Bibliography</head>
                <div type="section" xml:id="EFT-KB-OTHER-BUDDHAS-listBibl-1">
                    <head type="section" tid="5">New Section Heading</head>
                    <bibl xml:id="EFT-KB-OTHER-BUDDHAS-1">Here's a sample bibliographic reference with a link to <ref target="https://read.84000.co/translation/toh46.html">Toh 46</ref></bibl>
                </div>
            </div>
        </back>
    </text>
</TEI>