<?xml-model href="../schema/current/knowledgebase.rng" schematypens="http://relaxng.org/ns/structure/1.0"?><TEI xmlns="http://www.tei-c.org/ns/1.0" xmlns:eft="http://read.84000.co/ns/1.0" xmlns:tei="http://www.tei-c.org/ns/1.0">
    <teiHeader>
        <fileDesc>
            <titleStmt>
                <title type="mainTitle" xml:lang="en">Śrāvaka</title>
                <title xml:lang="en">English: hearer, listener, proclaimer</title>
                <title xml:lang="Sa-Ltn">Sanskrit: śrāvaka, śrāvikā</title>
                <title xml:lang="Bo-Ltn">Tibetan: nyan thos </title>
                <title xml:lang="Pi-Ltn">Pāli: sāvaka, sāvikā</title>
            </titleStmt>
            <editionStmt>
                <edition>v 0.0.2 <date>2023</date></edition>
            </editionStmt>
            <publicationStmt>
                <publisher><name>84000: Translating the Words of the Buddha</name></publisher>
                <availability status="2.a"/><idno xml:id="EFT-KB-SRAVAKA"/>
                <idno type="eft-kb-id">sravaka</idno>
                <date>2021-06-08</date>
            </publicationStmt>
            <sourceDesc>
                <p>Created by 84000: Translating the Words of the Buddha</p>
            </sourceDesc>
            <notesStmt/>
            <revisionDesc>
                <change who="#mike" when="2021-06-08T23:37:28.178Z" type="text-version" status="0.0.1" xml:id="EFT-KB-SRAVAKA-2"><desc>Auto (file-created)</desc></change>
                <change who="#admin" when="2023-07-30T22:39:48.323Z" type="text-version" status="0.0.2" xml:id="EFT-KB-SRAVAKA-3">
                    <desc>TEI migrated to 2.19.0</desc>
                </change>
            </revisionDesc>
        </fileDesc>
    </teiHeader>
    <text>
        <front/>
        <body>
            <div type="article">
                <head type="section" tid="6">Glosses from canonical sources:</head>
                <div type="section" xml:id="EFT-KB-SRAVAKA-article-1">
                    <head type="section" tid="7">I. Sanskrit </head>
                    
                    <p tid="8">
                        <ref target="https://www2.hf.uio.no/polyglotta/index.php?page=record&amp;view=record&amp;vid=78&amp;mid=266752">Mahāvyutpatti</ref>
                    </p>
                    
                    <p tid="9">
                        <foreign xml:lang="Sa-Ltn" type="quote">śṛnānatīti śrāvaka</foreign> (<foreign xml:lang="Sa-Ltn" type="quote">śṛṇvantīti śrāvakāḥ</foreign>
                        ?)</p>
                    
                    <p tid="10">They hear, hence they are Śrāvakas (‘Hearers’) </p>
                    
                    <p tid="11">
                        <foreign xml:lang="Sa-Ltn" type="quote">samyakajñāna pha lan śrā ba sintā ti śrāvaka</foreign>
                         (
                        <foreign xml:lang="Sa-Ltn" type="quote">samyagjñānaphalaṁ śrāvayantīti śrāvakāḥ</foreign>
                        ?)
                    </p>
                    
                    <p tid="12">They make others hear about the result of perfect awareness, thus they are Śrāvakas. (Trns. Mattia Salvini) </p>
                    
                    <p tid="13">Saddharmapuṇḍarīkasūtra</p>
                    
                    <p tid="14">
                        <foreign xml:lang="Sa-Ltn" type="quote">kecit sattvāḥ paraghoṣaśravānugamanam ākāṅkṣamānā</foreign> […] <foreign xml:lang="Sa-Ltn" type="quote">te ucyante śrāvakayānam ākāṅkṣamāṇāḥ</foreign> (Kern and Nanjio, <title xml:lang="Sa-Ltn">Saddharmapuṇḍarīka</title>, p. 80.5).</p>
                    
                    <p tid="15">Some sentient beings, wishing to follow what they hear from someone else’s voice […] are explained as those who wish for the Śrāvakayāna. (Trns. Mattia Salvini) </p>
                    
                    <p tid="16">Arthaviniścayasūtranibandhana of Vīryaśrīdatta</p>
                    
                    <p tid="17">
                        <foreign xml:lang="Sa-Ltn" type="quote">bhagavato buddhasya pareṇa śrāvyanta iti śrāvakāḥ</foreign> (N.H. Samtani (ed.), <title xml:lang="en">The Arthaviniścaya-sūtra &amp; its Commentary (Nibandhana)</title> (Patna: K.P. Jayaswal Research Institute, 1971 [Tibetan Sanskrit Works Series XIII])</p>
                    
                    <p tid="18">Śrāvakas are so called because they are subsequently (<foreign xml:lang="Sa-Ltn" type="term">pareṇa</foreign>) brought to hear [the teaching] of the Buddha, the Blessed One. </p>
                    
                    <p tid="19">N.H. Samtani (tr.) <title xml:lang="en">Gathering the Meanings: The Compendium of Categories: The Arthaviniścaya sūtra and its Commentary Nibandhana</title> (Berkeley: Dharma Publishing, 2002), p. 182.</p>
                    
                    <p tid="20">Of the Bhavagat, the Buddha, they are made to hear by someone else, thus they are “śrāvakas” (Trns. Mattia Salvini) </p>
                    
                    <p tid="21">Vinayavastu</p>
                    
                    <p tid="22">
                        <foreign xml:lang="Sa-Ltn" type="quote">Eṣāgrā me bhikṣavo bhikṣuṇīnāṁ mama śrāvikāṇāṁ sūtrāntavibhāgakartrīṇāṁ yaduta kacaṁgalā bhikṣuṇī</foreign> (Vinayavastu 132kha/1.21, Mithila Institute, Darbhanga, Bihar 1967)</p>
                    
                    <p tid="23">This one, oh Bhikṣus, is the foremost amongst my Śrāvikās, who perform the subdivision of the Sūtrānta: Kacaṁgalā Bhikṣuṇī. (Trns. Mattia Salvini) </p>
                </div>
                <div type="section" xml:id="EFT-KB-SRAVAKA-article-2">
                    <head type="section" tid="24">II. Tibetan </head>
                    
                    <p tid="25">
                        <ref target="https://www2.hf.uio.no/polyglotta/index.php?page=record&amp;view=record&amp;vid=78&amp;mid=266752">Mahāvyutpatti</ref>
                    </p>
                    
                    <p tid="26">
                        <foreign xml:lang="Bo-Ltn" type="quote">śrāvaka źes pa gcig tu na śṛnānatīti śrāvaka źes bya ste/ de bźin gśegs pa las chos kyi luṅ ma mnos par bdag ñid kyis rtogs par mi nus te ñan pa la yaṅ bya/ yaṅ gcig tu na samyakajñāna pha lan śrā ba sintā ti śrāvaka źes bya ste/ yaṅ dag pa’i śes pas rgyun du źugs pa la sogs pa’i ’bras bu thob pa gźan la sgrogs śiṅ thos par byed pas na ñan thos źes bya/</foreign>
                    </p>
                    
                    <p tid="27">Because they are unable to realize by themselves without receiving the instruction of the Tathāgata , they are, for one, called “hearers” (<foreign xml:lang="Bo-Ltn" type="term">nyan pa</foreign>)....Or, in another way, because they proclaim and cause others to hear the fruits of a stream-enterer and so on that they have attained through correct knowledge, they are called “proclaimers who cause to be heard” (<foreign xml:lang="Bo-Ltn" type="term">nyan thos</foreign>). (Trns. David Rawson) </p>
                    
                    <p tid="28">Saddharmapuṇḍarīkasūtra</p>
                    
                    <p tid="29">
                        <foreign xml:lang="Bo-Ltn" type="quote">mgon po de ring bdag cag nyan thos gyur/ /byang chub dam pa yang dag bsgrags par bgyi/ /byang chub pa yi sgra yang rab tu brjod/ /de bas bdag cag nyan thos mi zad 'dra</foreign>
                    </p>
                    
                    <p tid="30">Protector, today we have become proclaimers.<lb/>We proclaim perfect awakening.<lb/>We also express the sound of the awakened.<lb/>Because of that, we are 'proclaimers' who are similar to the inexhaustible. <lb/>(Trns. David Rawson) </p>
                    
                    <p tid="31">Jayānanda’s subcommentary on the Madhyamakāvatārabhāṣya </p>
                    
                    <p tid="32">
                        <foreign xml:lang="Bo-Ltn" type="quote">byang chub dam pa bla na med pa yang dag par rdzogs pa'i byang chub gzhan gyis thos par byed pas nyan thos so</foreign> (sde dge bstan 'gyur dbu ma vol ra F.No. 7.a)</p>
                    
                    <p tid="33">Because someone else makes them hear of the perfect awakening, they are called “hearers.” (David Rawson) </p>
                </div>
                <div type="section" xml:id="EFT-KB-SRAVAKA-article-3">
                    <head type="section" tid="34">III. Pāli </head>
                    
                    <p tid="35"> (All the Pāli passages are from the Chattha Saṅgāyana edition, unless otherwise specified)</p>
                    
                    <p tid="36">Khuddakapāṭha-aṭṭhakathā, and also Suttanipāta-aṭṭhakathā</p>
                    
                    <p tid="37">
                        <foreign xml:lang="Pi-Ltn" type="quote">sabbepi te vacanaṃ suṇantīti sāvakā </foreign>
                    </p>
                    
                    <p tid="38">All of them hear the speech, thus they are “hearers” (Mattia Salvini) </p>
                    
                    <p tid="39">Visuddhimagga of Buddhaghosa</p>
                    
                    <p tid="40">
                        <foreign xml:lang="Pi-Ltn" type="quote">bhagavato ovādānusāsaniṃ sakkaccaṃ suṇantī ti sāvakā</foreign> (Henry Clarke Warren (ed.), revised by Dharmananda Kosambi, <title xml:lang="en">Visuddhimagga of Buddhaghosâcariya</title> [1950] Repr. Motilal Banarsidass, Delhi, 1989 § 7.90. )</p>
                    
                    <p tid="41">They are ‘listeners’ because they listen attentively to the instructions and teachings of the Fortunate One. (Peter Skilling) </p>
                    
                    <p tid="42">Summary of the discussion</p>
                    
                    <p tid="43">The Sanskrit term Śrāvaka, and its Tibetan and Pāli equivalents, are difficult to render in English with a single expression. The main difficulty is that we find at least three different possible etymologies in traditional sources:</p>
                    <list type="bullet">
                        <item>
                            <p tid="44">1. Active and not-causative (‘they hear’)</p>
                        </item>
                        <item>
                            <p tid="45">2. Active and causative (‘they make others hear’)</p>
                        </item>
                        <item>
                            <p tid="46">3. Passive and causative (‘they are made to hear by others’)</p>
                        </item>
                    </list>
                    
                    <p tid="47">We may either retain the Sanskrit <foreign xml:lang="Sa-Ltn" type="term">śrāvaka</foreign>, or use one English term (as for example, ‘hearer’), or use different English renderings in different contexts.</p>
                </div>
            </div>
        </body>
        <back>
            <div type="listBibl">
                <head type="listBibl" tid="4">Bibliography</head>
                <div type="section" xml:id="EFT-KB-SRAVAKA-listBibl-1">
                    <head type="section" tid="5">New Section Heading</head>
                    <bibl xml:id="EFT-KB-SRAVAKA-1">Here's a sample bibliographic reference with a link to <ref target="https://read.84000.co/translation/toh46.html">Toh 46</ref></bibl>
                </div>
            </div>
        </back>
    </text>
</TEI>