<?xml-model href="../schema/current/knowledgebase.rng" schematypens="http://relaxng.org/ns/structure/1.0"?><TEI xmlns="http://www.tei-c.org/ns/1.0">
    <teiHeader>
        <fileDesc>
            <titleStmt>
                <title type="articleTitle" xml:lang="en">Stūpa</title>
                <title type="mainTitle" xml:lang="en">Stūpa</title>
                <title type="otherTitle" xml:lang="Bo-Ltn">mchod rten</title>
            </titleStmt>
            <editionStmt>
                <edition>v 1.2.2 <date>2024</date></edition>
            </editionStmt>
            <publicationStmt>
                <publisher><name>84000: Translating the Words of the Buddha</name></publisher>
                <availability status="1"/>
                <idno xml:id="EFT-KB-STUPA"/>
                <idno type="eft-kb-id">stupa</idno>
                <date>2023-08-22</date>
            </publicationStmt>
            <sourceDesc>
                <p>Created by 84000: Translating the Words of the Buddha</p>
            </sourceDesc>
            <notesStmt/>
            <revisionDesc>
                <change who="#mike" when="2021-08-03T22:49:12.774Z" type="text-version" status="0.1.1" xml:id="EFT-KB-STUPA-32"><desc>Auto
                    (knowledgebase-header)</desc></change>
                <change who="#admin" when="2023-07-30T22:39:48.323Z" type="text-version" status="0.1.2" xml:id="EFT-KB-STUPA-33">
                    <desc>TEI migrated to 2.19.0</desc>
                </change>
                <change who="#john" when="2023-08-22T08:21:02.981Z" type="text-version" status="1.1.1" xml:id="EFT-KB-STUPA-34">
                    <desc>1.1.1</desc>
                </change>
                <change who="#john" when="2023-08-22T08:21:02.981Z" type="publication-status" status="1" xml:id="EFT-KB-STUPA-35">
                    <desc>1</desc>
                </change>
                <change who="#john" when="2023-09-28T16:53:37.606Z" type="text-version" status="1.2.1" xml:id="EFT-KB-STUPA-41">
                    <desc>Added more material and illustrations.</desc>
                </change>
                <change who="#john" when="2024-05-19T18:59:22.609Z" type="text-version" status="1.2.2" xml:id="EFT-KB-STUPA-42">
                    <desc>Added ref to Toh 319</desc>
                </change>
            </revisionDesc>
        </fileDesc>
    </teiHeader>
    <text>
        <front/>
        <body>
            <div type="article">
                <head type="article" tid="80">Stūpa</head>
                <div type="section" xml:id="EFT-KB-STUPA-article-1">
                    <head type="section" tid="71">Introduction</head>
                    <p tid="2">Stūpas, often also known as caityas,<note place="end" xml:id="EFT-KB-STUPA-40">The Sanskrit 
                        term <foreign xml:lang="Sa-Ltn">caitya</foreign> is almost synonymous with <foreign xml:lang="Sa-Ltn">stūpa</foreign>
                    but with a somewhat wider range of meaning that can extend to sanctuaries, shrines, places of worship, and objects 
                    of veneration more generally, such as sacred trees, etc. Both Sanskrit terms are translated into Tibetan as 
                    <foreign xml:lang="Bo-Ltn">mchod rten</foreign>, literally “support of worship” or “support of offering.”</note> 
                        are reliquary monuments characteristic of Buddhist sites, originally in
                        the form of mounds housing bodily remains, relics, or cremated ashes. The
                        first Buddhist stūpas were those constructed to house the Buddha’s relics,
                        which were divided into eight or ten portions taken to different regions.
                        The relics they contained were later distributed more widely, particularly
                        during the reign of Aśoka, and housed in a large number of stūpas
                        constructed all over the Indian subcontinent and Central Asia.</p>
                    <milestone unit="chunk" xml:id="EFT-KB-STUPA-6"/>
                    <p tid="3">Arhats and other teachers and important monastic officials also came
                        to be commemorated in stūpas, and the site of a venerated stūpa often became
                        the nucleus of a monastery or center of learning, attracting pilgrims and
                        devotees, forming a focus for practice and worship, and providing offerings
                        for the saṅgha.</p>
                    <milestone unit="chunk" xml:id="EFT-KB-STUPA-7"/>
                    <p tid="4">As the construction of stūpas developed over time and in different
                        regions, a number of different traditional forms evolved. Stūpas usually
                        have a round or square, stepped base (<foreign xml:lang="Sa-Ltn" type="term">medhi</foreign>), a rounded dome or bulb-shaped “vase” (Skt. <foreign xml:lang="Sa-Ltn" type="term">anda</foreign>, Tib. <foreign xml:lang="Bo-Ltn" type="term">bum pa</foreign>) body, and a tiered
                        canopy or parasol (<foreign xml:lang="Sa-Ltn" type="term">chatra</foreign>)
                        above an upper enclosure (<foreign xml:lang="Sa-Ltn" type="term">harmika</foreign>). Many traditional stūpas are built around a central,
                        wooden axis called the “life tree” (<foreign xml:lang="Sa-Ltn" type="term">yaṣṭi</foreign>, <foreign xml:lang="Bo-Ltn" type="term">srog
                            shing</foreign>). Stūpas may be surrounded by a latticed railing
                            (<foreign xml:lang="Sa-Ltn" type="term">vedika</foreign>, <foreign xml:lang="Bo-Ltn" type="term">lan kan</foreign>) within which is a
                        passage for circumambulation (<foreign xml:lang="Sa-Ltn" type="term">prādakṣiṇapatha</foreign>, <foreign xml:lang="Bo-Ltn" type="term">skor
                            lam</foreign>). The elements of stūpa architecture have taken on a rich
                        symbolism.</p>
                    <milestone unit="chunk" xml:id="EFT-KB-STUPA-8"/>
                    <p tid="5">The architecture of both pyramidal temples (like the Mahābodhi Temple
                        in Bodh Gaya) and pagoda towers is also derived from the stūpa form. </p>
                    <milestone unit="chunk" xml:id="EFT-KB-STUPA-9"/>
                    <p tid="6">Stūpas are built in stages following extensive ritual procedures and
                        consecration ceremonies. They house not only funereal relics but also hair,
                        nails, clothes and other personal belongings, statues, jewels, medicinal
                        substances, sacred texts, and rolled up sheets of written mantras and
                        dhāraṇīs. They may be built over a base under which weapons are buried
                        (symbolizing the overcoming of war and conflict) and containing “wealth
                        vases” (for the increase of prosperity and wellbeing).</p>
                </div>
                <div type="section" xml:id="EFT-KB-STUPA-article-2">
                    <head type="section" tid="7">Notable Mentions of Stūpas in Kangyur Texts</head>
                    <milestone unit="chunk" xml:id="EFT-KB-STUPA-10"/>
                    <p tid="8"><label>1) Benefits of building stūpas:</label></p>
                    <list type="bullet">
                        <item>
                            <p tid="9">
                                <title xml:lang="en">The White Lotus of the Good Dharma</title> (Toh
                                113), <ref target="https://read.84000.co/translation/toh113.html#UT22084-051-001-518">2.105-109</ref>
                            </p>
                        </item>
                        <item>
                            <p tid="10">
                                <title xml:lang="en">The Sūtra on Dependent Arising</title> (Toh
                                212), <ref target="https://read.84000.co/translation/toh212.html#UT22084-062-012-13">1.6</ref>
                            </p>
                        </item>
                    </list>
                    <milestone unit="chunk" xml:id="EFT-KB-STUPA-11"/>
                    <p tid="11"><label>2) Benefits of venerating stūpas:</label></p>
                    <p tid="12">This is the main theme of:</p>
                    <list type="bullet" rend="dots">
                        <item>
                            <p tid="13">
                                <title xml:lang="en">
                                    <ref target="https://read.84000.co/translation/toh195.html">The
                                        Avalokinī Sūtra</ref>
                                </title> (Toh 195) cf also the parallel passages in the <title xml:lang="Sa-Ltn">Mahāvastu</title> and quotes in the <title xml:lang="Sa-Ltn">Śikṣāsamuccaya</title>.</p>
                        </item>
                        <item>
                            <p tid="81">
                                <title xml:lang="en">The Marvelous Dharma Discourse</title>
                                (<title xml:lang="Sa-Ltn">Adbhutadharmaparyāya</title>, Toh
                                319)</p>
                        </item>
                        <item>
                            <p tid="82">
                                <title xml:lang="en">Verses on Circumambulating Reliquaries</title>
                                    (<title xml:lang="Sa-Ltn">Caityapradakṣiṇagāthā</title>, Toh
                                321)</p>
                        </item>
                    </list>
                    <p tid="15">It is mentioned in passages in:</p>
                    <list type="bullet" rend="dots">
                        <item>
                            <p tid="16">Numerous stories in <title xml:lang="en">The Hundred
                                    Deeds</title> (<ref target="https://read.84000.co/translation/toh340.html">Toh</ref>
                                <ref target="https://read.84000.co/translation/toh340.html">
                                    340</ref>)</p>
                        </item>
                        <item>
                            <p tid="17"> <title xml:lang="en">The Questions of Subāhu</title> (Toh 70), <ref target="https://read.84000.co/translation/toh70.html#UT22084-043-007-25">1.6</ref> and <ref target="https://read.84000.co/translation/toh70.html#UT22084-043-007-52">1.26</ref> </p>
                        </item>
                    </list>
                    <milestone unit="chunk" xml:id="EFT-KB-STUPA-12"/>
                    <p tid="18"><label>3) Texts Used in Rituals for Construction and
                            Consecration:</label></p>
                    <p tid="72">The “two stainless ones” (<foreign xml:lang="Bo-Ltn" type="term">dri
                            med rnam gnyis</foreign>), which are:</p>
                    <list type="bullet" rend="dots">
                        <item>
                            <p tid="73">
                                <title xml:lang="en">The Incantation of the Pure Stainless
                                    Light</title> (<title xml:lang="Sa-Ltn">Raśmivimalaviśuddhaprabhādhāraṇī</title>, Toh 510) </p>
                        </item>
                        <item>
                            <p tid="74">
                                <title xml:lang="en">The Incantation of Vimaloṣṇīṣa</title> (<title xml:lang="Sa-Ltn">Samantamukhapraveśaraśmi­vimaloṣṇīṣaprabhāsa­sarvatathāgata­hṛdayasamaya­vilokita-nāmadhāraṇī</title>,
                                Toh 599)</p>
                        </item>
                    </list>
                    <p tid="75">A number of other texts mention the closely related topic of making miniature stūpas or <foreign xml:lang="Bo-Ltn">tsha tsha</foreign>, 
                        an activity which has its own symbolic meaning and beneficial results:</p>
                    <list type="bullet" rend="dots">
                        <item>
                            <p tid="76">
                                <title xml:lang="en"><ref target="https://read.84000.co/translation/toh601.html">The Dhāraṇī 
                                    for a Caitya</ref></title> (<title xml:lang="Sa-Ltn">Caityadhāraṇī</title>, Toh 601) </p>
                        </item>
                        <item>
                            <p tid="77">
                                <title xml:lang="en"><ref target="https://read.84000.co/translation/toh212.html">The Sūtra on Dependent 
                                    Arising</ref></title> (<title xml:lang="Sa-Ltn">Pratītya­samutpāda­sūtra</title>,
                                Toh 212)</p>
                        </item>
                    </list>
                    <p tid="22">Related material and commentaries in Tengyur (Toh 2688, 3068-9,
                        3079, 3081-2) and Nyingma Kahma vol. 2.</p>
                    <milestone unit="chunk" xml:id="EFT-KB-STUPA-13"/>
                    <p tid="23"><label>4) Other Mentions of Stūpas in Kangyur Texts:</label></p>
                    <p tid="24">Stūpas of the six buddhas of the past in the Heaven Free from
                        Strife, in <title xml:lang="en">The Application of Mindfulness of the Sacred
                            Dharma</title> (Toh 287), <ref target="https://read.84000.co/translation/UT22084-068-021.html#UT22084-068-021-5305">4.C.2656 et seq</ref>. </p>
                </div>
                <div type="section" xml:id="EFT-KB-STUPA-article-3">
                    <head type="section" tid="25">The Eight Stūpas Related to the Buddha’s
                        Life</head>
                    <p tid="79"><!--[needs amplification, cf the several praises to the eight stūpas in
                        the Tengyur <foreign xml:lang="Bo-Ltn">stod tshogs</foreign> which are not
                        all about the same set of eight]--></p>
                    <milestone unit="chunk" xml:id="EFT-KB-STUPA-14"/>
                    <p tid="27">
                        <label>1. Heap of Lotuses or Bringer of Auspiciousness Stūpa</label>
                            (<foreign xml:lang="Bo-Ltn" type="term">pad spungs</foreign> / <foreign xml:lang="Bo-Ltn" type="term">bkra shis ’byung ba’i mchod
                                rten</foreign>)
                        <media mimeType="image/png" url="https://upload.wikimedia.org/wikipedia/commons/7/70/Eight_great_stupas.svg" source="https://w.wiki/7axd">
                            <desc>en.wikipedia, CC BY-SA 3.0 https://creativecommons.org/licenses/by-sa/3.0, via Wikimedia Commons</desc>
                        </media>
                    </p>
                    <p tid="28">The Buddha Śākyamuni, on the seventh day of the fourth month,
                        Vaiśākha (Saga Dawa), took birth in the Lumbinī grove near the city of
                        Kapilavastu. The stūpa honouring this occasion was built by his father King
                        Śuddhodana and others, and is known as the Heap of Lotuses Stūpa.
                    </p>
                    <milestone unit="chunk" xml:id="EFT-KB-STUPA-15"/>
                    <p tid="29"><label>2. Subjugation of Māra or Great Enlightenment Stūpa</label>
                            (<foreign xml:lang="Bo-Ltn" type="term">bdud btul</foreign> / <foreign xml:lang="Bo-Ltn" type="term">byang chub chen po’i mchod
                        rten</foreign>)</p>
                    <p tid="30">The Buddha Śākyamuni, at the age of thirty-five, on the fifteenth
                        day of the fourth month, Vaiśākha (Saga Dawa), attained complete and perfect
                        enlightenment beneath the Bodhi Tree in Vajrāsana (Bodhgaya). The stūpa
                        honouring this occasion was built by King Bimbisāra and others, and is known
                        as the Subjugation of Māra Enlightenment Stūpa.</p>
                    <milestone unit="chunk" xml:id="EFT-KB-STUPA-16"/>
                    <p tid="31"><label>3. Many Auspicious Gateways Stūpa</label></p>
                    <p tid="32">The Buddha Śākyamuni, at the age of thirty-five, on the fourth day
                        of the sixth month, Āṣāḍha, turned the Wheel of the Dharma of the Four
                        Truths in the Ṛṣipatana Deer Park in the region of Vārāṇasī. The stūpa
                        honouring this occasion was built by the Five Excellent Disciples, and is
                        known as the Many Auspicious Gateways Stūpa.</p>
                    <milestone unit="chunk" xml:id="EFT-KB-STUPA-17"/>
                    <p tid="33"><label>4. Miracles Stūpa</label></p>
                    <p tid="34">The Buddha Śākyamuni, at the age of fifty, on the first fifteen days
                        of the first month, Māgha, outperformed the māras and non-Buddhist teachers
                        in the Jetavana Grove in Śrāvastī. The stūpa honouring this occasion was
                        built by the Licchavis, and is known as the Miracles Stūpa.</p>
                    <milestone unit="chunk" xml:id="EFT-KB-STUPA-18"/>
                    <p tid="35"><label>5. Descent from the Heavens Stūpa</label></p>
                    <p tid="36">The Buddha Śākyamuni, at the age of forty-two, after spending the
                        rains retreat in the Tuṣita god realm to repay the kindness of his mother,
                        on the twenty-second day of the ninth month, Āśvina, returned to the human
                        realm in the city of Saṃkāśya. The stūpa honouring this occasion was built
                        by the inhabitants of the region, and is known as the Descent from the
                        Heavens Stūpa.</p>
                    <milestone unit="chunk" xml:id="EFT-KB-STUPA-19"/>
                    <p tid="37"><label>6. Settling of Disputes Stūpa</label>
                    </p>
                    <p tid="38">While the Buddha Śākyamuni was residing in the Veṇuvana Grove at
                        Rājagṛha, the two supreme disciples [Śāriputra and Maudgalyāyana] resolved
                        the schism in the saṅgha created by Devadatta. The stūpa honouring this
                        occasion was built by the Prince and other Magadhans, and is known as the
                        Settling of Disputes Stūpa.</p>
                    <milestone unit="chunk" xml:id="EFT-KB-STUPA-20"/>
                    <p tid="39"><label>7. Victory Stūpa</label></p>

                    <p tid="40">The Buddha Śākyamuni, in his eightieth year of age, on the fifteenth
                        day of the third month, Chaitra, having said that his physical body would
                        pass away, granted in Vaiśālī the blessing of extending his life by three
                        months, as the layman Cunda had requested him. The stūpa honouring this
                        occasion was built by the gods, and is known as the Victory Stūpa.</p>
                    <milestone unit="chunk" xml:id="EFT-KB-STUPA-21"/>
                    <p tid="41"><label>8. Parinirvāṇa Stūpa</label></p>
                    <p tid="42">The Buddha Śākyamuni, at the age of eighty-one, on the fifteenth day
                        of the fourth month, Vaiśākha (Saga Dawa), manifested the apparent
                        parinirvāṇa of his physical body in the city of Kuśinagarī, and the stūpa
                        built there by the Mallas is known as the Parinirvāṇa Stūpa.</p>
                </div>
                <div type="section" xml:id="EFT-KB-STUPA-article-4">
                    <head type="section" tid="43">Stūpas as Representations of the Tathāgata’s Body,
                        Speech, and Mind</head>
                    <milestone unit="chunk" xml:id="EFT-KB-STUPA-22"/>
                    <p tid="44"><label>Body</label></p>
                    <p tid="45">As monuments housing the relics of a tathāgata, or of arhats and
                        other awakened individuals, stūpas most obviously represent the body of the
                        tathāgata.</p>
                    <milestone unit="chunk" xml:id="EFT-KB-STUPA-23"/>
                    <p tid="46"><label>Speech</label></p>
                    <p tid="47">The statements of places where a scripture is recited, read or
                        upheld “becomes a caitya” / “becomes like a caitya,” see Schopen 2005.</p>
                    <milestone unit="chunk" xml:id="EFT-KB-STUPA-24"/>
                    <p tid="48"><label>Mind</label></p>
                    <p tid="49">In representing the continued presence of the tathāgata, stūpas also
                        embody the awakened state and hence mind. In the Tibetan tradition of
                        offering supports of body, speech, and mind to a teacher during ritual
                        offerings for longevity (<foreign xml:lang="Bo-Ltn" type="term">brtan
                            zhugs</foreign>), a small stūpa is used to symbolize the adamantine
                        mind. </p>
                </div>
                <div type="section" xml:id="EFT-KB-STUPA-article-5">
                    <head type="section" tid="50">Other Well-known Stūpas</head>
                    <milestone unit="chunk" xml:id="EFT-KB-STUPA-25"/>
                    <p tid="51">
                        <label>Sāñcī</label>
                        <media mimeType="image/png" url="https://upload.wikimedia.org/wikipedia/commons/thumb/b/b0/Sanchi1_N-MP-220.jpg/800px-Sanchi1_N-MP-220.jpg" source="https://en.wikipedia.org/wiki/File:Sanchi1_N-MP-220.jpg">
                            <desc>en.wikipedia, CC BY-SA 3.0 https://creativecommons.org/licenses/by-sa/3.0, via Wikimedia Commons</desc>
                        </media>
                    </p>
                    <p tid="52">A stūpa in present day Madhya Pradesh that may have been built by
                        one of Aśoka’s queens and was an important site of practice and pilgrimage
                        from the third century <hi rend="small-caps">bce</hi> to the twelfth century
                            <hi rend="small-caps">ce</hi>. It housed relics that may have been those
                        of Śāriputra and Maudgalyāyana.
                    </p>
                    <milestone unit="chunk" xml:id="EFT-KB-STUPA-26"/>
                    <p tid="53"><label>Amarāvati</label> (<foreign xml:lang="Bo-Ltn" type="term">’chi med ldan</foreign>)</p>
                    <p tid="54">Known historically as Dhānyakaṭaka and situated in modern Andhra
                        Pradesh, another stūpa built in Aśoka’s reign. It was the largest stūpa in
                        India, and Dhānyakaṭaka became the capital of the southern Sātavāhana
                        dynasty in the third century <hi rend="small-caps">ce</hi>. It is also the
                        place where the Buddha is traditionally said to have taught the <title xml:lang="Sa-Ltn">Kālacakratantra</title>.</p>
                    <milestone unit="chunk" xml:id="EFT-KB-STUPA-27"/>
                    <p tid="55"><label>Bhārhut</label></p>
                    <p tid="56">Another stūpa built in Aśoka’s reign, famous for its bas-relief
                        images.</p>
                    <milestone unit="chunk" xml:id="EFT-KB-STUPA-28"/>
                    <p tid="57"><label>Gandhāra stūpas</label></p>
                    <p tid="58">A large number of stūpas were built in the Gandhāra region, probably
                        from Aśoka’s time onwards. It seems to have been in Gandhāra that many of
                        the forms of stūpa known today eveolved. </p>
                    <milestone unit="chunk" xml:id="EFT-KB-STUPA-29"/>
                    <p tid="59"><label>Gomasalaganda</label></p>
                    <p tid="60">The legendary stūpa on the Gośṛṅga hill in Khotan, blessed by the
                        Buddha Śākyamuni and the four previous buddhas, as described in <title xml:lang="en">
                            <ref target="https://read.84000.co/translation/toh357.html">The Prophecy
                                on Mount Gośṛṅga</ref>
                        </title> (Toh 357). Its probable site may be surmised but there is no trace
                            today.<note place="end" xml:id="EFT-KB-STUPA-2"> See Stein 1907, vol. 1,
                            p. 189.</note>
                    </p>
                    <milestone unit="chunk" xml:id="EFT-KB-STUPA-30"/>
                    <p tid="61"><label>The Three Stūpas of the Kathmandu Valley</label></p>
                    <list type="bullet">
                        <item>
                            <p tid="62">
                                <label>1) Bodhnāth, Jarungkashor</label> (<foreign xml:lang="Bo-Ltn" type="term">bya rung kha shor</foreign>)
                                <media mimeType="image/png" url="https://upload.wikimedia.org/wikipedia/commons/4/44/Boudha_Stupa_2018_04.jpg" source="https://commons.wikimedia.org/wiki/File:Boudha_Stupa_2018_04.jpg#/media/File:Boudha_Stupa_2018_04.jpg">
                                    <desc>en.wikipedia, CC BY-SA 3.0 https://creativecommons.org/licenses/by-sa/3.0, via Wikimedia Commons</desc>
                                </media>
                            </p>
                            <p tid="63">The Great Stūpa in present-day Bauddhanath to the east of
                                Kathmandu, center of a thriving community of Tibetan monasteries and
                                Tibetans in exile. It is said to house the relics of the Buddha
                                Kāśyapa, but historically speaking may date to the reign of King
                                Mānadeva I in the late fifth century <hi rend="small-caps">ce</hi>.
                                According to a famous <foreign xml:lang="Bo-Ltn" type="term">gter
                                    ma</foreign> text detailing the legend of the stūpa’s
                                construction during Kāśyapa’s dispensation, those who built the
                                stūpa—the sons of the poultry-woman Śamvara, along with other
                                characters in the legend—thereby created the karmic seeds for their
                                rebirth as King Trisong Detsen, Padmasambhava, Śāntarakṣita, and
                                other key figures in the propagation of Buddhism to Tibet.
                            </p></item>
                        <item>
                            <p tid="64">
                                <label>2) Svayaṃbhū</label> (<foreign xml:lang="Bo-Ltn" type="term">’phags pa shing kun</foreign>)
                                <media mimeType="image/png" url="https://upload.wikimedia.org/wikipedia/commons/thumb/f/fe/Swayambhunath_2018.jpg/800px-Swayambhunath_2018.jpg" source="https://en.wikipedia.org/wiki/File:Swayambhunath_2018.jpg">
                                    <desc>en.wikipedia, CC BY-SA 3.0 https://creativecommons.org/licenses/by-sa/3.0, via Wikimedia Commons</desc>
                                </media>
                            </p>
                            <p tid="65">The stūpa on top of a hill to the west of Kathmandu, sacred
                                to Newar and Tibetan Buddhist traditions, and said to date from the
                                dispensation of the Buddha Vipaśyin, through a legend concerning
                                Mañjuśrī’s draining of a lake filling the valley that parallels (and
                                may represent a mislocation of) the legend of the Gomasalaganda
                                stūpa and the Gośṛṅga hill in Khotan.<note place="end" xml:id="EFT-KB-STUPA-3"> See introduction to <title xml:lang="en">The Prophecy on Mount Gośṛṅga</title> (Toh
                                    357), <ref target="https://read.84000.co/translation/toh357.html#UT22084-076-011-30">i.10-11</ref>.</note> Historical records start with the
                                fifth century reign of King Vṛṣadeva.
                            </p></item>
                        <item><p tid="66"><label>3) Namobuddha</label> (<foreign xml:lang="Bo-Ltn" type="term">stag mo lus sbyin</foreign>)</p>
                            <p tid="67">Built at a hillside site in the Kathmandu valley southeast
                                of Kathmandu where, according to legend, the Buddha in a previous
                                life as a local prince fed his own body, out of compassion, to a
                                starving tigress so that she could feed her cubs.</p></item>
                    </list>
                    <milestone unit="chunk" xml:id="EFT-KB-STUPA-31"/>
                    <p tid="68">
                        <label>Borobodur</label>
                        <media mimeType="image/png" url="https://upload.wikimedia.org/wikipedia/commons/3/31/Borobudur_temple_panorama.jpg" source="https://commons.wikimedia.org/wiki/File:Borobudur_temple_panorama.jpg">
                            <desc>en.wikipedia, CC BY-SA 3.0 https://creativecommons.org/licenses/by-sa/3.0, via Wikimedia Commons</desc>
                        </media>
                    </p>
                    <p tid="69">A massive temple complex on the Indonesian island of Java, built in
                        the late eighth century. the complex has the layout of a maṇḍala, centered
                        on a large stūpa surrounded by seventy-two smaller ones. In theme it appears
                        to be linked to the narrative of the apprentice bodhisattva Sudhana in the
                            <title xml:lang="Sa-Ltn">Gaṇḍavyūha</title>.
                    </p>
                </div>
            </div>
        </body>
        <back>
            <div type="listBibl">
                <head type="listBibl" tid="70">Bibliography</head>
                <div type="section" xml:id="EFT-KB-STUPA-listBibl-1">
                    <bibl xml:id="EFT-KB-STUPA-4">Schopen, Gregory. “The Phrase <foreign xml:lang="Sa-Ltn" type="quote">sa pṛthivīpradeśaś caityabhūto
                            bhavet</foreign> in the <title xml:lang="Sa-Ltn">Vajracchedikā</title>.”
                        In <title xml:lang="en">Figments and Fragments of Mahāyāna Buddhism in
                            India: More Collected Papers</title>. Honolulu: University of Hawai’i
                        Press (2005), pp. 25-62.</bibl>

                    <bibl xml:id="EFT-KB-STUPA-5">Stein, M. Aurel. <title xml:lang="en">Ancient
                            Khotan: Detailed Report of Archaeological Explorations in Chinese
                            Turkestan</title>, 2 vols. Oxford: Clarendon Press, 1907.</bibl>
                </div>
            </div>
        </back>
    </text>
</TEI>