<?xml-model href="../schema/current/knowledgebase.rng" type="application/xml" schematypens="http://relaxng.org/ns/structure/1.0"?><TEI xmlns="http://www.tei-c.org/ns/1.0">
    <teiHeader>
        <fileDesc>
            <titleStmt>
                <title type="mainTitle" xml:lang="en">Veṇuvana and the Kalandakanivāpa</title>
                <title type="otherTitle" xml:lang="Bo-Ltn">’od ma’i tshal</title>
            </titleStmt>
            <editionStmt>
                <edition>v 0.0.4 <date>2023</date></edition>
            </editionStmt>
            <publicationStmt>
                <publisher>
                    <name>84000: Translating the Words of the Buddha</name>
                </publisher>
                <availability status="1"/><idno xml:id="EFT-KB-VENUVANA-KALANDAKANIVAPA"/>
                <idno type="eft-kb-id">venuvana-kalandakanivapa</idno>
                <date>2020-08-07</date>
            </publicationStmt>
            <sourceDesc>
                <p>Born digital.</p>
            </sourceDesc>
            <notesStmt/>
            <revisionDesc>
                <change who="#mike" when="2021-08-05T22:08:57.917Z" type="text-version" status="0.0.2" xml:id="EFT-KB-VENUVANA-KALANDAKANIVAPA-14"><desc>Auto (knowledgebase-header)</desc></change>
                <change who="#mike" when="2021-08-05T22:10:51.451Z" type="publication-status" status="1" xml:id="EFT-KB-VENUVANA-KALANDAKANIVAPA-15"><desc>1</desc></change>
                <change who="#mike" when="2021-08-05T22:10:51.451Z" type="text-version" status="0.0.3" xml:id="EFT-KB-VENUVANA-KALANDAKANIVAPA-16"><desc>Auto (knowledgebase-header)</desc></change>
                <change who="#admin" when="2023-07-30T22:39:48.323Z" type="text-version" status="0.0.4" xml:id="EFT-KB-VENUVANA-KALANDAKANIVAPA-17">
                    <desc>TEI migrated to 2.19.0</desc>
                </change>
            </revisionDesc>
        </fileDesc>
        <profileDesc>
            <textClass>
                <keywords>
                    <term type="main-subject">Kalandaka</term>
                </keywords>
                <!--<catRef scheme="knowledgeBase" target="k"/> Not sure if this is needed, commenting out for now, but it is validated by current schema-->
            </textClass>
        </profileDesc>
        <encodingDesc>
            <classDecl>
                <!--FROM WORD DOC:
          Index
          •	Places / Geographical / India / Magadha / Rājagṛha
          •	Nidāna / Rājagṛha
          •	~Persons / Human / Kings / Bimbisāra
          •	~Fauna / Kalandaka-->

                <!--SEE TEI GUIDELINES FOR:
          •  TAXONOMY ELEMENT:
          https://www.tei-c.org/release/doc/tei-p5-doc/en/html/ref-taxonomy.html
          •  TEXT CLASSIFICATION:
          https://www.tei-c.org/release/doc/tei-p5-doc/en/html/HD.html#HD43
          -->
                <taxonomy xml:id="taxonomy-84000">
                    <category xml:id="places.geographical.india.magadha.rājagṛha">
                        <catDesc>Places / Geographical / India / Magadha / Rājagṛha</catDesc>
                    </category>
                    <category xml:id="nidāna.rājagṛha">
                        <catDesc>Nidāna / Rājagṛha</catDesc>
                    </category>
                    <category xml:id="persons.human.kings.bimbisāra">
                        <catDesc>~Persons / Human / Kings / Bimbisāra</catDesc>
                    </category>
                    <category xml:id="fauna.kalandaka">
                        <catDesc>~Fauna / Kalandaka</catDesc>
                    </category>
                    <!--These xml:ids can be pointed to the full trees in the knowledgebase-taxonomy.xml file for example
            The xml:id="places.geographical.india.magadha.rājagṛha" can is seen as follows in the full tree:
            
            <category xml:id="places">
            <catDesc>Places - geographical or otherwise.</catDesc>
            <category xml:id="places.geographical">
              <catDesc>Geographical places.</catDesc>
              <category xml:id="places.geographical.india">
                <catDesc>Places in geographical India.</catDesc>
                <category xml:id="places.geographical.india.magadha">
                  <catDesc>Places in Magadha</catDesc>
                  <category xml:id="places.geographical.india.magadha.rājagṛha"/>
                    </category>
                  </category> 
                </category>
              </category>
             </category>
             etc...
            -->
                </taxonomy>
            </classDecl>
        </encodingDesc>
    </teiHeader>
    <text>
        <front/>
        <body>
            <div type="article">
                <head type="article" tid="1">Veṇuvana and the Kalandakanivāpa /°nivāsa</head>
                <div type="section" xml:id="EFT-KB-VENUVANA-KALANDAKANIVAPA-article-1">
                    <head type="section" tid="39">Within the Kangyur</head>
                    <milestone unit="chunk" xml:id="EFT-KB-VENUVANA-KALANDAKANIVAPA-1"/>
                    <label tid="40">Appears in these published texts, as the setting (<foreign xml:lang="Sa-Ltn">nidāna</foreign>):</label>
                    <list type="bullet">
                        <item>
                            <p tid="49"><title xml:lang="en">
                                <ref target="https://read.84000.co/translation/toh61.html">Toh 61 The Questions of Pūrṇa</ref>
                            </title></p>
                        </item>
                        <item>
                            <p tid="50"><title xml:lang="en">
                                <ref target="https://read.84000.co/translation/toh70.html">Toh 70 The Sūtra of the Questions of Subāhu</ref>
                            </title></p>
                        </item>
                        <item>
                            <p tid="51"><title xml:lang="en">
                                <ref target="https://read.84000.co/translation/toh83.html">Toh 83 The Questions of Bhadrapāla the Merchant</ref>
                            </title></p>
                        </item>
                        <item>
                            <p tid="52"><title xml:lang="en">
                                <ref target="https://read.84000.co/translation/toh101.html">Toh 101 Upholding the Roots of Virtue</ref>
                            </title></p>
                        </item>
                        <item>
                            <p tid="53"><title xml:lang="en">
                                <ref target="https://read.84000.co/translation/toh114.html">Toh 114 / 527 The King of the Array of All Dharma Qualities</ref>
                            </title></p>
                        </item>
                        <item>
                            <p tid="54"><title xml:lang="en">
                                <ref target="https://read.84000.co/translation/toh131.html">Toh 131 The Absorption of the Thus-Gone One’s Wisdom Seal</ref>
                            </title></p>
                        </item>
                        <item>
                            <p tid="55"><title xml:lang="en">
                                <ref target="https://read.84000.co/translation/toh138.html">Toh 138 The Ratnaketu Dhāraṇī</ref>
                            </title></p>
                        </item>
                        <item>
                            <p tid="56"><title xml:lang="en">
                                <ref target="https://read.84000.co/translation/toh174.html">Toh 174 The Inquiry of Lokadhara</ref>
                            </title></p>
                        </item>
                        <item>
                            <p tid="57"><title xml:lang="en">
                                <ref target="https://read.84000.co/translation/toh197.html">Toh 197 The Nectar of Speech</ref>
                            </title></p>
                        </item>
                        <item>
                            <p tid="58"><title xml:lang="en">
                                <ref target="https://read.84000.co/translation/toh298.html">Toh 298 The Gaṇḍi Sūtra</ref>
                            </title></p>
                        </item>
                    </list>
                    <milestone unit="chunk" xml:id="EFT-KB-VENUVANA-KALANDAKANIVAPA-2"/>
                    <label tid="41">Mentioned in these published texts:</label>
                    <list type="bullet" rend="dots">
                        <item>
                            <p tid="59"><title xml:lang="en">Toh 1 The Chapter on Going Forth</title></p>
                        </item>
                        <item>
                            <p tid="60"><title xml:lang="en">Toh 340 The Hundred Deeds</title></p>
                        </item>
                    </list>
                </div>
                <div type="section" xml:id="EFT-KB-VENUVANA-KALANDAKANIVAPA-article-2">
                    <head type="section" tid="4">Veṇuvana (<foreign xml:lang="Bo-Ltn">’od ma’i tshal</foreign>)</head>
                    <p tid="5">The Veṇuvana as a whole was the first offering of land (as an <foreign xml:lang="Sa-Ltn">ārāma</foreign> or park) made to the Buddha as a place, at a suitable distance
                        from the city of Rājaghṛa, in which he and his monks could reside. It was donated by King Bimbisāra, King of Magadha.</p>
                    <p tid="6">Bimbisāra had met the Prince Siddhartha after the latter had renounced the world but before he had attained awakening; according to the <title xml:lang="Sa-Ltn">Mahāvaṃsa</title> they even knew each other as children. </p>
                    <p tid="7">Bimbisāra had requested Siddhartha that when he had achieved his spiritual goal he would visit Rājaghṛa and instruct him. After his awakening, the period during which he
                        reflected alone, and his first teaching at Sarnath to “the five” (his former companions), the Buddha also converted “the five friends,” “the fifty brahmin youths,” “the sixty
                        youths,” and at Uruvilvā and Gaya the “thousand matted-hair ascetics” under Mahākāśyapa. </p>
                    <p tid="8">It was at this early point that Bimbisāra sent his soldiers to invite the Buddha to travel from Gayasīrsa to Rājaghṛa, and when the Buddha arrived with all these
                        followers Bimbisāra offered him the Veṇuvana (as he had vowed to himself according to <title xml:lang="en">The Questions of Pūrṇa</title>, see below).</p>
                    <p tid="9">The offering formed the first occasion for the Vinaya rule to be defined allowing the saṅgha to accept offerings of land from laymen.</p>
                    <p tid="10">This is where Śāriputra and Maudgalyāyana first met the Buddha and went forth as monks, as recounted in <title xml:lang="en"><ref target="https://read.84000.co/translation/UT22084-001-001.html#UT22084-001-001-580">The Chapter on Going Forth</ref></title> and in the <title xml:lang="en"><ref target="https://read.84000.co/translation/toh138.html?view-mode=editor#UT22084-056-006-85">Ratnaketu Dhāraṇī</ref></title>.</p>
                    <p tid="11">The Buddha spent his second, third, and fourth rains retreat there, and it is recorded as the site of many teachings. After the Buddha’s parinirvāṇa, Ānanda may have
                        lived there.</p>
                </div>
                <div type="section" xml:id="EFT-KB-VENUVANA-KALANDAKANIVAPA-article-3">
                    <head type="section" tid="12">Kalandakanivāpa / °nivāsa (<foreign xml:lang="Bo-Ltn">bya ka lan da ka gnas pa</foreign>)</head>
                    <p tid="13">A particular site—perhaps a grove, or a platform, and later probably a vihāra—within the Veṇuvana near Rājaghṛa. It was probably the first place within the Veṇuvana
                        where the Buddha stayed, and possibly the main vihara there.</p>
                    <p tid="14">The name means “feeding place” (°<foreign xml:lang="Sa-Ltn">nivāpa</foreign>) or “abode” (°<foreign xml:lang="Sa-Ltn">nivāsa</foreign>) of <foreign xml:lang="Sa-Ltn">kalandaka</foreign>.</p>
                    <p tid="15">What the word <foreign xml:lang="Sa-Ltn">kalandaka</foreign> refers to remains unclear. According to Pali sources it may mean squirrels, but the Tibetan term refers to
                        them being birds, maybe some kind of crow. The suggestion that they were flying squirrels may represent a compromise position, but it seems there is a species of Indian flying
                        squirrel, <foreign xml:lang="la">Petaurista philippensis</foreign>, that might have been in such a habitat. See dictionary entries and quote from Gendun Chopel <ref target="#Dict">below</ref>.</p>
                    <milestone unit="chunk" xml:id="EFT-KB-VENUVANA-KALANDAKANIVAPA-3"/>
                    <p tid="16">There are two partly conflicting stories about the site before it was offered and how it obtained its name:</p>
                    <list type="bullet" rend="numbers">
                        <item>
                            <milestone unit="chunk" xml:id="EFT-KB-VENUVANA-KALANDAKANIVAPA-11"/>
                            <p tid="17">according to the story told in the <title xml:lang="Sa-Ltn">Saṅghabhedavastu</title><!--Reference Toh 0001-17--> (Toh 1, ch.17, Degé Kangyur vol.4, F.77.b et
                                seq.), the name is said to have arisen when, one day, King Bimbisāra fell asleep after a romantic liaison in the Bamboo Grove. While the king rested, his consort
                                wandered off. A snake (the reincarnation of the park’s previous owner, who still resented the king’s acquisition of the park) approached with malign intentions. Through
                                the king’s tremendous merit, a gathering of <foreign xml:lang="Sa-Ltn">kalandaka</foreign>—crows or other birds according to Tibetan renderings, but some Sanskrit and
                                Pali sources suggest squirrels, maybe flying squirrels—miraculously appeared and began squawking. Their clamor alerted the king’s consort to the danger, who rushed back
                                and hacked the snake to pieces, thereby saving the king’s life. King Bimbisāra then named the spot Kalandakanivāpa (“Kalandakas’ Feeding Place”), sometimes (though not
                                in the <title xml:lang="Sa-Ltn">Vinayavastu</title>) given as Kalandakanivāsa (“Kalandakas’ Abode”) in their honor.</p>
                        </item>
                        <item>
                            <milestone unit="chunk" xml:id="EFT-KB-VENUVANA-KALANDAKANIVAPA-12"/>
                            <p tid="18">according to the story told in <title xml:lang="en"><ref target="https://read.84000.co/translation/toh61.html">The Questions of Pūrṇa</ref></title> (Toh 61), as
                                an intriguing twist to the story above, in <ref target="https://read.84000.co/translation/toh61.html#UT22084-042-002-445">chapter 5</ref> the Buddha says that Kalandaka
                                and Veṇuvana are a special place where no desire, ignorance, or anger are felt:</p>
                            <q source="Toh 61 #UT22084-042-002-445">
                                <p tid="19">“Ānanda, [F.207.a] thus-gone ones have certainly resided in other temples, but those places do not have the same qualities as this one. Why is it so?
                                    Because, Ānanda, when animals enter Kalandaka Forest and Veṇuvana, they cease developing sexual desire; and when flocks of birds enter this forest, they no longer
                                    sing at inappropriate times. Why is it so? Because when Bimbisāra, the king of Magadha, visited his kingdom for the first time after being enthroned, he came to
                                    this forest, together with his retinue of queens, to frolic together. However, as soon as he entered here, he felt that his desire for passionate frolicking had
                                    disappeared. Everyone in the retinue of queens also felt that any desire for passionate frolicking had disappeared. At that moment, the king became utterly
                                    delighted and thought, ‘If a buddha appears in the world and comes to my country, may I meet him face to face. Upon meeting him, may I develop sincere trust in him.
                                    Having developed sincere trust, may I worship him. I will offer this forest to that thus-gone one. May he reside in this place, and may I hear the Dharma from him.
                                    Why? Because this forest is a place for those who are to be worshiped, not for those who are bound by the five sense desires.’</p>
                                <p tid="20">“Ānanda, when King Bimbisāra entered this forest, he had such virtuous thoughts. In the past, thus-gone ones resided in this forest and taught this
                                    discourse of the bodhisattva collection. Therefore, none of the qualities associated with this forest are found in other places, and all the worlds with their gods,
                                    humans, and demigods are respectfully paying homage to it. Ānanda, in this forest, there are no poisonous snakes, lizards, horseflies, mosquitos, or the like.
                                    Beings who reside here do not entertain any evil thoughts: [F.207.b] this is also an extraordinary quality of Veṇuvana. Even if I attempted to express the qualities
                                    of this grove for one hundred years, this task would never come to an end. Why is it so? Because, Ānanda, this perfumed chamber of Veṇuvana possesses all those
                                    immeasurable qualities, while other places do not.”</p>
                                <p tid="21">“Blessed One,” said the venerable Ānanda, “I did not know that Veṇuvana possessed such qualities! Blessed One, I want to confess today my previous negative
                                    attitude of not wanting to serve the Blessed One as his attendant.”</p>
                            </q>
                            <milestone unit="chunk" xml:id="EFT-KB-VENUVANA-KALANDAKANIVAPA-13"/>
                            <p tid="22">This same text also describes the place, in the paragraph preceding the above, as a unique site for crucial teachings, and (mysteriously) as <foreign xml:lang="Bo-Ltn">nam mkha’i sa mtshams</foreign> (the “border in space” or “edge of space”):</p>
                            <q>
                                <p tid="23">“Therefore, Ānanda, you should remember this discourse of the bodhisattva collection as <title xml:lang="Sa-Ltn">The Sūtra of Turning the Wheel of
                                        Dharma</title>. It is with this teaching that I turned the wheel of Dharma for the hearers in the Deer Park in Vārāṇasī. Ānanda, today, within Veṇuvana, I have
                                    also turned this irreversible Dharma wheel, this discourse of the bodhisattva collection, and the doubts of all sentient beings have been eliminated. Ānanda, here,
                                    at the edge of space, the thus-gone ones of the past also taught this discourse of the bodhisattva collection. The future thus-gone ones will also teach this
                                    discourse of the bodhisattva collection here, at the edge of space. After awakening to unsurpassed and perfect buddhahood, I have also expounded this discourse of
                                    the bodhisattva collection here, at the edge of space. For those reasons, you should know that this place has become a great reliquary of the thus-gone ones, which
                                    is to be worshiped by all the worlds with their gods and humans. Ānanda, this is so because this is the only place that has the unique quality of being the location
                                    where the thus-gone ones of the past have taught this profound discourse. Ānanda, any sentient being afflicted by desire, anger, and ignorance who enters Veṇuvana,
                                    will, without exception, no longer give rise to desire, anger, and ignorance.”</p>
                            </q>
                        </item>
                    </list>
                </div>
                <div type="section" xml:id="EFT-KB-VENUVANA-KALANDAKANIVAPA-article-4">
                    <head type="section" tid="24">Dictionary entries and other sources for <foreign xml:lang="Sa-Ltn">Kalandakanivāpa</foreign>, and <foreign xml:lang="Sa-Ltn">kalandaka /
                            kalantaka</foreign></head>
                    <list type="section">
                        <item>
                            <milestone unit="chunk" xml:id="EFT-KB-VENUVANA-KALANDAKANIVAPA-4"/>
                            <label tid="42">from F. Edgerton. <title xml:lang="en">A Buddhist Hybrid Sanskrit Dictionary</title>:</label>
                            <q>
                                <p tid="25"><foreign xml:lang="Sa-Ltn">Kalandakanivāpa</foreign>: m. (= Pali id., squirrel food-offering), also written in mss. <foreign xml:lang="Sa-Ltn">Karandaka</foreign>~;, q.v., and Kalaṇḍaka~, Karaṇḍaka~, q.v.; n. of a place near Rājagṛha where Buddha often dwelt.</p>
                            </q>
                        </item>
                        <item>
                            <milestone unit="chunk" xml:id="EFT-KB-VENUVANA-KALANDAKANIVAPA-5"/>
                            <label tid="43">from G. P. Malalasekera. <title xml:lang="en">Dictionary of Pali Names</title>:</label>
                            <q>
                                <p tid="26"><title xml:lang="Sa-Ltn">Kalandakanivāpa</title>: A woodland in Veluvana. Here food (nivāpa) was regularly placed for the squirrels. It is said that once a
                                    certain raja went there for a picnic and, having over-drunk, fell asleep. His retinue, seeing him sleeping, wandered away, looking for flowers and fruits. A snake,
                                    attracted by the smell of liquor, approached the king from a neighbouring tree-trunk, and would have bitten him had not a tree-sprite, assuming the form of a
                                    squirrel, awakened him by her chirping. In gratitude the rājā gave orders that thenceforth the squirrels in that locality should be fed regularly. UdA.60;
                                    SnA.ii.419. According to some, it was the gift of a merchant named Kalandaka (Beal: Romantic Legend, p.315); Tibetan sources identify the rājā with Bimbisāra and
                                    say that the snake was a reincarnation of the owner whose land the king had confiscated. According to these same sources the name is Kalantaka and is described as
                                    the name of a bird (Rockhill: op. cit., p.43). Kalandakanivāpa was evidently a favourite resort of the Buddha and his monks.</p>
                            </q>
                        </item>
                        <item>
                            <milestone unit="chunk" xml:id="EFT-KB-VENUVANA-KALANDAKANIVAPA-6"/>
                            <label tid="44">from <title xml:lang="Bo-Ltn">saM bod skad nyis shan sbyar</title> [Sanskrit-Tibetan Glossary], pp. 208-209:</label>
                            <q>
                                <p tid="27"><foreign xml:lang="Sa-Ltn">kalantaka</foreign> — a synonym for sparrow (<foreign xml:lang="Bo-Ltn">mchil ba</foreign>); the synonymy <title xml:lang="Bo-Ltn">legs bshad gser gyi lde mig</title> [“Golden Key of Elegant Expositions”] by the Dzogchenpa Tenzin Gyaltsen says, “The variegated-back
                                        <foreign xml:lang="Sa-Ltn">kalandaka</foreign>, the small bird of hamlets the <foreign xml:lang="Bo-Ltn">bskyed byed</foreign> [“producer”?] sparrow, and
                                        <foreign xml:lang="Sa-Ltn">cataka</foreign>, are all the names of small house birds.”</p>
                                <p tid="28"><foreign xml:lang="Sa-Ltn">kalantaka</foreign> — small bird; sparrow.</p>
                                <p tid="29"><foreign xml:lang="Sa-Ltn">kalandaka</foreign>, <foreign xml:lang="Sa-Ltn">kalanda</foreign> — sparrow.</p>
                            </q>
                        </item>
                        <item>
                            <milestone unit="chunk" xml:id="EFT-KB-VENUVANA-KALANDAKANIVAPA-7"/>
                            <label tid="45">from O. Böhtlink. <title xml:lang="de">Sanskrit-Wörterbuch</title>:</label>
                            <q>
                                <p tid="30"><foreign xml:lang="Sa-Ltn">kalandaka</foreign> — 1) m. a) a particular bird (?); in Pāli, squirrel. b) a particular piece of equipment of a śramaṇa. 2) f.
                                        <foreign xml:lang="Sa-Ltn">kalandikā</foreign> = <foreign xml:lang="Sa-Ltn">kalindikā</foreign> (science).</p>
                            </q>
                        </item>
                        <item>
                            <milestone unit="chunk" xml:id="EFT-KB-VENUVANA-KALANDAKANIVAPA-8"/>
                            <label tid="46">from Monier Williams. <title xml:lang="en">Sanskrit English Dictionary</title>:</label>
                            <q>
                                <p tid="31"><foreign xml:lang="Sa-Ltn">kalandaka</foreign> — 1) m. a) a squirrel (or a kind of bird?) <distinct>Buddh.</distinct>; a particular vessel used by śramaṇas
                                        <distinct>Buddh.</distinct>; 2) f. = <foreign xml:lang="Sa-Ltn">kalindikā</foreign> (q.v.).</p>
                            </q>
                        </item>
                        <item>
                            <milestone unit="chunk" xml:id="EFT-KB-VENUVANA-KALANDAKANIVAPA-9"/>
                            <label tid="47">from Rhys Davids and Stede. <title xml:lang="en">Pali English Dictionary</title>, Pali Text Society, p. 219:</label>
                            <q>
                                <p tid="32"><foreign xml:lang="Sa-Ltn">kalandaka</foreign> — 1) a squirrel Miln. 368; 2) an (ornamental) cloth or mat, spread as a seat J vi.224; -<foreign xml:lang="Sa-Ltn">nivāpa</foreign> N. of a locality in Veḷuvana, near Rājagaha, where oblations had been made to squirrels D ii.116; Vin i.137; ii.105, 290,
                                    etc. </p>
                            </q>
                        </item>
                        <item>
                            <milestone unit="chunk" xml:id="EFT-KB-VENUVANA-KALANDAKANIVAPA-10"/>
                            <label tid="48">from Thubten Jinpa and Donald Lopez (trs.). Gendun Chopel, in <title xml:lang="en">Grains of Gold: Tales of a Cosmopolitan Traveler</title>. Chicago:
                                University of Chicago Press, 2014, pp.183-4:</label>
                            <q>
                                <p tid="33">“Regarding <foreign xml:lang="Sa-Ltn">kalandaka</foreign>, in many passages in the vinaya, the word is translated as “<foreign xml:lang="Sa-Ltn">kalandaka</foreign> creature,” [<foreign xml:lang="Bo-Ltn">srog chags ka lan da ka</foreign>] and in everyday Tibetan, “creature” is just the name for a
                                    four-legged animal. However, in some instances [of translation] the word is written also as “<foreign xml:lang="Sa-Ltn">kalandaka</foreign> bird.” Actually, this is
                                    a squirrel [<foreign xml:lang="Bo-Ltn">sre mong</foreign>]. Because it makes its nest in treetops, it could be mistaken for a bird. People say that this [word
                                        <foreign xml:lang="Sa-Ltn">kalandaka</foreign>] is used in China as the name of a bird. This creature has a groove on its back that is said to be the mark of
                                    [lord] Rāma petting it with his hand because it had comforted Sītā when she was carried off by the demon [Rāvaṇa]. In the Sanskrit synonyms, its name is given as
                                    “striped back” [<foreign xml:lang="Bo-Ltn">rgyab khra</foreign>], which seems to refer to this [physical feature]. It is well known for screaming when it sees a
                                    snake. I think there are a great many of them in the bamboo groves.” [Tibetan terms inserted from source text.]</p>
                            </q>
                            <p tid="34">Note: Despite what Gendun Chopel says here, we have not been able to find references to the term “<foreign xml:lang="Sa-Ltn">kalandaka</foreign> creature”
                                    (<foreign xml:lang="Bo-Ltn">srog chags ka lan da ka</foreign>) in either the Vinaya section, or elsewhere, in the Kangyur. In almost all references to the
                                Kalandakanivāpa, the word <foreign xml:lang="Bo-Ltn">ka lan da ka</foreign> is prefixed by “bird” (<foreign xml:lang="Bo-Ltn">bya</foreign>). In other contexts, the
                                word <foreign xml:lang="Bo-Ltn">ka lan da ka</foreign> (sometimes <foreign xml:lang="Bo-Ltn">ka lan ta ka</foreign> or <foreign xml:lang="Bo-Ltn">ka lan Ta
                                ka</foreign>) is also found as one item in lists of which the other members are clearly other birds.</p>
                        </item>
                    </list>
                </div>
                <div type="section" xml:id="EFT-KB-VENUVANA-KALANDAKANIVAPA-article-5">
                    <head type="section" tid="35">Bird or squirrel?</head>
                    <p tid="36">Although a type of squirrel seems most likely from Pali sources in particular, Sanskrit sources seem to allow more doubt and at present there does not seem to be enough
                        solid evidence to conclude that the Tibetan interpretation of <foreign xml:lang="Sa-Ltn">kalandaka</foreign> as a type of bird is definitely a misunderstanding.</p>
                    <p tid="37">Kalandaka is also the name of the father, and the village, of Sudinna / Sudatta (Tib. <foreign xml:lang="Bo-Ltn">bzang byin</foreign>), known as “Sudinna, son of
                        Kalandaka,” who figures especially in the <title xml:lang="Sa-Ltn">Vinayavibhaṅga</title> (Toh 3) but also in other Vinaya texts as the monk whose actions led to the
                        formulation of the “defeat” category of breaches of the monastic vow.</p>
                </div>
            </div>
        </body>
        <back>
            <div type="listBibl">
                <head type="listBibl" tid="38">Bibliography</head>
                <div type="section" xml:id="EFT-KB-VENUVANA-KALANDAKANIVAPA-listBibl-1"/>
            </div>
        </back>
    </text>
</TEI>