<?xml-model href="../schema/current/knowledgebase.rng" schematypens="http://relaxng.org/ns/structure/1.0"?><TEI xmlns="http://www.tei-c.org/ns/1.0" xmlns:eft="http://read.84000.co/ns/1.0" xmlns:tei="http://www.tei-c.org/ns/1.0"><teiHeader><fileDesc><titleStmt>
                <title type="mainTitle" xml:lang="en">Women Bodhisattvas</title></titleStmt><editionStmt><edition>v 0.1.0 <date>2023</date></edition></editionStmt><publicationStmt><publisher><name>84000: Translating the Words of the Buddha</name></publisher><availability status="3"/><idno xml:id="EFT-KB-WOMEN-BODHISATTVAS"/><idno type="eft-kb-id">women-bodhisattvas</idno><date>2023-08-22</date></publicationStmt><sourceDesc><p>Created by 84000: Translating the Words of the Buddha</p></sourceDesc><notesStmt/><revisionDesc/></fileDesc></teiHeader><text><front/><body><div type="article"><div type="section" xml:id="EFT-KB-WOMEN-BODHISATTVAS-article-1"><head type="section" tid="1">Article Section Heading</head><milestone unit="chunk" xml:id="EFT-KB-WOMEN-BODHISATTVAS-1"/><p rend="default-text" tid="2">Here's a paragraph to get you started. Replace this as you wish<note place="end" xml:id="EFT-KB-WOMEN-BODHISATTVAS-2">This is a ready-made footnote.</note>.</p></div></div></body><back><div type="listBibl"><head type="listBibl" tid="3">Bibliography</head><div type="section" xml:id="EFT-KB-WOMEN-BODHISATTVAS-listBibl-1"><head type="section" tid="4">Bibliography Section Heading</head><bibl rend="default-text" xml:id="EFT-KB-WOMEN-BODHISATTVAS-3">This is a sample bibliographic reference with a <ref target="https://read.84000.co/translation/toh46.html">link example</ref>.</bibl></div></div><div type="glossary"><list type="glossary"/></div></back></text></TEI>