<?xml-model href="../schema/current/section.rng" schematypens="http://relaxng.org/ns/structure/1.0"?><TEI xmlns="http://www.tei-c.org/ns/1.0" xmlns:xi="http://www.w3.org/2001/XInclude">
    <teiHeader>
        <fileDesc type="section">
            <titleStmt>
                <title type="mainTitle" xml:lang="Bo-Ltn"/>
                <title type="mainTitle" xml:lang="Sa-Ltn"/>
                <title type="mainTitle" xml:lang="en">The Collection</title>
            </titleStmt>
            <editionStmt>
                <edition>v 0.1.1 <date>2023</date></edition>
            </editionStmt>
            <publicationStmt>
                <p>Published in 84000 Reading Room</p>
                <availability status="2.a"/><idno xml:id="LOBBY"/>
                <date>2010</date>
            </publicationStmt>
            <sourceDesc work="W" sort-index="1">
                <p>Derived from previous outline file from TBRC</p>
                <bibl>
                    <idno parent-id=""/>
                </bibl>
            </sourceDesc>
            <notesStmt/>
            <revisionDesc>
            
                <change who="#admin" when="2023-07-30T22:39:48.323Z" type="text-version" status="0.1.1" xml:id="LOBBY-2">
                    <desc>TEI migrated to 2.19.0</desc>
                </change>
            </revisionDesc>
        </fileDesc>
    </teiHeader>
    <text>
        <front>
            <div type="abstract">
                <p tid="1">The Reading Room is a browsable catalogue of all the texts in the Kangyur and Tengyur.</p>
                <p tid="2">In the interest of preserving their traditional structure, the two great canonical collections are here
                    divided into the same sections and subsections as the Degé Kangyur and Tengyur. Each subsection lists all the
                    texts that belong to it in their traditional order, showing details of their titles in English, Tibetan, and
                    Sanskrit, and numbered according to the Tōhoku catalogue. Translation status is indicated in the righthand
                    column, with links to the translation if completed.</p>
                <p tid="3">Please note that 84000 is initially concentrating its resources mainly on the Kangyur.</p>
            </div>
        </front>
        <body/>
        <back><div type="listBibl"><head type="listBibl" tid="4">Bibliography</head><div type="section" xml:id="LOBBY-listBibl-1"><head type="section" tid="5">Bibliography Section Heading</head><bibl rend="default-text" xml:id="LOBBY-1">This is a sample bibliographic reference with a <ref target="https://read.84000.co/translation/toh46.html">link example</ref>.</bibl></div></div><div type="glossary"><list type="glossary"/></div></back>
    </text>
</TEI>