<?xml-model href="../schema/current/section.rng" schematypens="http://relaxng.org/ns/structure/1.0"?><TEI xmlns="http://www.tei-c.org/ns/1.0">
    <teiHeader>
        <fileDesc type="section">
            <titleStmt>
                <title type="mainTitle" xml:lang="Bo-Ltn">spyod pa’i rgyud/</title>
                <title type="mainTitle" xml:lang="Sa-Ltn">Caryātantra</title>
                <title type="mainTitle" xml:lang="en">Conduct tantras</title>
             </titleStmt>
            <publicationStmt>
                <p>Published in 84000 Reading Room</p>
                <idno xml:id="O1JC114941JC21414"/>
                <date>2010</date>
            </publicationStmt>
            <sourceDesc work="W22084" sort-index="15">
                <p>Derived from previous outline file from TBRC</p>
                <bibl>
                    <idno parent-id="O1JC114941JC20565"/>
                </bibl>
            </sourceDesc>
            <notesStmt>
                <note type="lastUpdated" date-time="2019-12-12T10:31:29.479Z" user="john">12/12/2019 10:31:29</note>
            </notesStmt>
        </fileDesc>
    </teiHeader>
    <text>
        <front>
            <div type="abstract">
                <p tid="1">Tantras of the Conduct class with both meditational and ritual elements, mostly centered on the deities
                    Vairocana, Acala, or Vajrapāṇi (Toh 494-501).</p>
            </div>
            <div type="warning">
                <p tid="2">
                    <emph rend="bold">Warning:</emph> Readers are reminded that according to Vajrayāna Buddhist tradition there
                    are restrictions and commitments concerning tantra. Practitioners who are not sure if they should read this
                    translation are advised to consult the authorities of their lineage. The responsibility for reading this text
                    or sharing it with others who may or may not fulfill the requirements lies in the hands of readers.</p>
            </div>
        </front>
        <body>
            <div type="about">
                <head type="about" tid="8">Conduct tantras</head>
                <div type="section">
                    <head type="section" tid="9"/>
                    <milestone unit="chunk" xml:id="O1JC114941JC21414-1"/>
                    <p tid="3">This is the smallest class of tantras, comprising only 8 works in the Kangyur. The Conduct tantra practice
                        and view are intermediate between those of the Yoga and Action tantras; external ritual is important, but
                        the goal is liberation through internal, meditative practice. Vairocana, Acala and Vajrapāṇi are the
                        principal deities. Other terms (used in some Nyingma classifications of tantra) are Upayoga and
                        Ubhayatantra.</p>
                    <milestone unit="chunk" xml:id="O1JC114941JC21414-2"/>
                    <p tid="4">The works in this class are divided according to the three families:</p>
                    <list>
                        <item>
                            <p tid="5">(a) <label>Tathāgata family</label> (Toh 494 and 495), two tantras centered on Vairocana and Acala
                                respectively;</p>
                        </item>
                        <item>
                            <p tid="6">(b) <label>Padma family</label>, not represented here;</p>
                        </item>
                        <item>
                            <p tid="7">(c) <label>Vajra family</label> (Toh 496-501), centered on Vajrapāṇi.</p>
                        </item>
                    </list>
                </div>
            </div>
        </body>
    </text>
</TEI>