<?xml-model href="../schema/current/section.rng" schematypens="http://relaxng.org/ns/structure/1.0"?><TEI xmlns="http://www.tei-c.org/ns/1.0">
    <teiHeader>
        <fileDesc type="section">
            <titleStmt>
                <title type="mainTitle" xml:lang="Bo-Ltn">bya ba'i rgyud/</title>
                <title type="mainTitle" xml:lang="Sa-Ltn">Kriyātantra</title>
                <title type="mainTitle" xml:lang="en">Action tantras</title>
                </titleStmt>
            <publicationStmt>
                <p>Published in 84000 Reading Room</p>
                <idno xml:id="O1JC114941JC21415"/>
                <date>2010</date>
            </publicationStmt>
            <sourceDesc work="W22084" sort-index="16">
                <p>Derived from previous outline file from TBRC</p>
                <bibl>
                    <idno parent-id="O1JC114941JC20565"/>
                </bibl>
            </sourceDesc>
            <notesStmt>
                <note type="lastUpdated" date-time="2021-01-19T09:47:22.029Z" user="john">19/01/2021 09:47:22</note>
            </notesStmt>
        </fileDesc>
    </teiHeader>
    <text>
        <front>
            <div type="abstract">
                <p tid="1">Tantras of the Action class, mainly emphasizing external worship and ritual, and classified into six “families”
                    of principal deities (Toh 502-808).</p>
            </div>
            <div type="warning">
                <p tid="2">
                    <emph rend="bold">Warning:</emph> Readers are reminded that according to Vajrayāna Buddhist tradition there
                    are restrictions and commitments concerning tantra. Practitioners who are not sure if they should read this
                    translation are advised to consult the authorities of their lineage. The responsibility for reading this text
                    or sharing it with others who may or may not fulfill the requirements lies in the hands of readers.</p>
            </div>
        </front>
        <body>
            <div type="about">
                <head type="about" tid="32">Action tantras</head>
                <div type="section" xml:id="O1JC114941JC21415-about-1">
                    <milestone unit="chunk" xml:id="O1JC114941JC21415-1"/>
                    <p tid="3">This, the lowest of the three classes of outer tantra, constitutes the largest group of tantras in the
                        Kangyur, with 308 titles. Tantras of this class emphasize external purity and ritual, and are often aimed
                        at the obtaining of “ordinary” siddhi, or powers, to subdue enemies and obstacles, attain wealth and other
                        worldly goals (although with the aim of helping beings). The approach to the deity is one of
                        subservience.</p>
                    <milestone unit="chunk" xml:id="O1JC114941JC21415-2"/>
                    <p tid="4">The first 303 titles in this group (Toh 502-804) are classified as the <label>Individual
                            Kriyatantras</label> (<title xml:lang="Bo-Ltn">bya ba so so’i rgyud</title>), and are divided into
                        three principal and four other families:</p>
                    <milestone unit="chunk" xml:id="O1JC114941JC21415-3"/>
                    <p tid="5">
                        <label>I. The Tathāgata family</label> (Toh 502-673), divided into 8 sections:</p>
                    <list>
                        <milestone unit="chunk" xml:id="O1JC114941JC21415-4"/>
                        <item>
                            <p tid="6">(a) 41 works featuring the principal deity of the Tathāgata family (<foreign type="term" xml:lang="Bo-Ltn">gshegs rigs kyi tso bo</foreign>, Toh 502-542), including the Medicine
                                Buddha (Toh 503-505); sūtras and incantations centered on other buddhas (Toh 510-513), and on
                                dependent origination and its mantra (Toh 519-521); two essentialised Prajñāpāramitā works (Toh
                                530-531), the second being the famous “Heart Sūtra;” the 108 names of the Buddha (Toh 532); and
                                incantations of Buddha Śākyamuni and Vairocana (Toh 533-534).</p>
                        </item>
                        <milestone unit="chunk" xml:id="O1JC114941JC21415-5"/>
                        <item>
                            <p tid="7">(b) 10 works on the “Turner of the Wheel” of the Tathāgata family (<foreign type="term" xml:lang="Bo-Ltn">gshegs rigs kyi ’khor los sgyur ba</foreign>, Toh 543-552), all centered on
                                Manjuśrī and starting with the important <title xml:lang="Sa-Ltn">Manjuśrīmūlatantra</title> (Toh
                                543).</p>
                        </item>
                        <milestone unit="chunk" xml:id="O1JC114941JC21415-6"/>
                        <item>
                            <p tid="8">(c) 37 works on the “Mother” of the Tathāgata family (<foreign type="term" xml:lang="Bo-Ltn">gshegs
                                    rigs kyi yum</foreign>, Toh 553-589), many of them on the Prajñāpāramitā (Toh 553-554,
                                576-581, and 583), but also including the three <title xml:lang="Sa-Ltn">Suvarṇaprabhā</title>
                                works (Toh 555-557), works related to the <title xml:lang="Sa-Ltn">Pañcarakṣā</title> (Five
                                Proctresses, Toh 558-563 and 587-588), and a series of incantations said to carry the essence of
                                some well-known Mahāyāna sūtras such as the <title xml:lang="Sa-Ltn">Gaṇḍavyūha</title> and <title xml:lang="Sa-Ltn">Laṅkāvatāra</title> (Toh 583-586 and 589).</p>
                        </item>
                        <milestone unit="chunk" xml:id="O1JC114941JC21415-7"/>
                        <item>
                            <p tid="9">(d) 13 works on the Uṣṇīṣa of the Tathāgata family (<foreign type="term" xml:lang="Bo-Ltn">gshegs
                                    rigs kyi gtsug tor</foreign>, Toh 590-603), mostly centered on incantations of the deities
                                Uṣṇīṣasitātapatrā (Toh 590-593) and Uṣṇīṣavijayā, male and female (Toh 594-600), but also 
                                including incantations related to stūpas (Toh 601 and 602).</p>
                        </item>
                        <milestone unit="chunk" xml:id="O1JC114941JC21415-8"/>
                        <item>
                            <p tid="10">(e) 10 works on the wrathful male and female deities of the Tathāgata family (<foreign type="term" xml:lang="Bo-Ltn">gshegs rigs kyi khro bo khro mo</foreign>, Toh 604-613).</p>
                        </item>
                        <milestone unit="chunk" xml:id="O1JC114941JC21415-9"/>
                        <item>
                            <p tid="11">(f) 20 works on the “messenger goddesses” of the Tathāgata family (<title xml:lang="Bo-Ltn">gshegs
                                    rigs kyi pho nya mo</title>, Toh 614-633), many of which focus on the protection from ill
                                health, diseases, and epidemics, including a duplicate of the Mahāsūtra “Entering the City of
                                Vaiśali” (<title xml:lang="Sa-Ltn">Vaiśālipraveśamahāsūtra</title>), Toh 628.</p>
                        </item>
                        <milestone unit="chunk" xml:id="O1JC114941JC21415-10"/>
                        <item>
                            <p tid="12">(g) 19 works on bodhisattvas “who are included in the Tathāgata family” (<title xml:lang="Bo-Ltn">de bzhin gshegs pa’i rigs su bsdu ba</title>, Toh 634-652), comprising texts on the 108 names
                                of all the eight principal bodhisattvas (Toh 634-642) as well as works for removing obstacles, and
                                incantations to help trainee bodhisattvas develop the qualities they need (Toh 650 and 651).</p>
                        </item>
                        <milestone unit="chunk" xml:id="O1JC114941JC21415-11"/>
                        <item>
                            <p tid="13">(h) 21 works “on gods of the pure places and so forth” (<title xml:lang="Bo-Ltn">gnas gtsang ma’i
                                    lha la sogs pa</title>, Toh 653-673), including two more of the Mahāsūtras (Toh 653 and 656),
                                duplicates of the <title xml:lang="Sa-Ltn">Mahāmeghasūtra</title> (Toh 657) and a related work
                                (Toh 658), and works centered on various wealth and protector deities (Toh 660-673).</p>
                        </item>
                    </list>
                    <lb/>
                    <milestone unit="chunk" xml:id="O1JC114941JC21415-12"/>
                    <p tid="14">
                        <label>II. The Padma family</label> (Toh 674-742), divided into 5 sections:</p>
                    <list>
                        <milestone unit="chunk" xml:id="O1JC114941JC21415-13"/>
                        <item>
                            <p tid="15">(a) 6 works featuring the principal deity of the family (<foreign type="term" xml:lang="Bo-Ltn">rigs kyi tso bo</foreign>, Toh 674-680), in the forms of Amitāyus (Toh 673A-676), and
                                Amitābha and his buddhafield (Toh 674-680).</p>
                        </item>
                        <milestone unit="chunk" xml:id="O1JC114941JC21415-14"/>
                        <item>
                            <p tid="16">(b) 43 works on the “Turner of the Wheel” of the family (<foreign type="term" xml:lang="Bo-Ltn">rigs kyi ’khor los sgyur ba</foreign>, Toh 681-723), a large majority centered on
                                Avalokiteśvara in his various forms.</p>
                        </item>
                        <milestone unit="chunk" xml:id="O1JC114941JC21415-15"/>
                        <item>
                            <p tid="17">(c) 9 works on the “Mother” of the family (<foreign type="term" xml:lang="Bo-Ltn">rigs kyi
                                    yum</foreign>, Toh 724-732), all focussing on forms of Tāra.</p>
                        </item>
                        <milestone unit="chunk" xml:id="O1JC114941JC21415-16"/>
                        <item>
                            <p tid="18">(d) 4 works on the wrathful male and female deities of the family (<foreign type="term" xml:lang="Bo-Ltn">rigs kyi khro bo khro mo</foreign>, Toh 733-736), centered on Hayagrīva (Toh
                                733), Pratyaṅgirā (Toh 734), and the “Leaf-clad” goddess of the wilderness, Parṇaśabarī (Toh 735
                                and 736), sometimes considered to be a form of Tāra.</p>
                        </item>
                        <milestone unit="chunk" xml:id="O1JC114941JC21415-17"/>
                        <item>
                            <p tid="19">(e) 6 works on the male and female attendant deities of the family (<foreign type="term" xml:lang="Bo-Ltn">rigs kyi bka’ nyan pho mo</foreign>, Toh 737-742), including works on
                                Pratyaṅgirā (Toh 737), Sarasvatī (Toh 738), and Mahādevī (Toh 738-741). </p>
                        </item>
                    </list>
                    <lb/>
                    <milestone unit="chunk" xml:id="O1JC114941JC21415-18"/>
                    <p tid="20">
                        <label>III. The Vajra family</label> (Toh 743-763), also divided into 5 sections:</p>
                    <list>
                        <item>
                            <p tid="21">(a) 1 work featuring the principal deity of the family (<foreign type="term" xml:lang="Bo-Ltn">rigs
                                    kyi tso bo</foreign>), an incantation of Akṣobhya (Toh 743).</p>
                        </item>
                        <milestone unit="chunk" xml:id="O1JC114941JC21415-19"/>
                        <item>
                            <p tid="22">(b) 7 works on the lord of the family (<foreign type="term" xml:lang="Bo-Ltn">rigs kyi bdag
                                    po</foreign>, Toh 744 and 746-751), all featuring different forms of Vajrapāṇi, including the
                                    <title xml:lang="en">Bhūtaḍāmara Tantra</title> (Toh 747), as well as the <title xml:lang="en">Incantation of Vajravidāraṇā</title> (Toh 750) and its explanatory tantra (Toh 751).</p>
                        </item>
                        <milestone unit="chunk" xml:id="O1JC114941JC21415-20"/>
                        <item>
                            <p tid="23">An eighth work, Toh 745, the <title xml:lang="en">Hundred and Eight Names of Tāra</title>, was
                                added to the end of volume 94 in later printings of the Degé Kangyur, and presumably belongs to
                                section II (c) above.</p>
                        </item>
                        <milestone unit="chunk" xml:id="O1JC114941JC21415-21"/>
                        <item>
                            <p tid="24">(c) 1 work on the “Mother” of the family (<foreign type="term" xml:lang="Bo-Ltn">rigs kyi
                                    yum</foreign>), an incantation of Vajrājitānalapramohanī (Toh 751).</p>
                        </item>
                        <milestone unit="chunk" xml:id="O1JC114941JC21415-22"/>
                        <item>
                            <p tid="25">(d) 3 works on the wrathful male and female deities of the family (<foreign type="term" xml:lang="Bo-Ltn">rigs kyi khro bo khro mo</foreign>, Toh 753-755), brief incantations related
                                to Vajravidāraṇā (Toh 753), the names of ten forms of Vajrapāṇi (Toh 754), and the deity
                                Kuṇḍalyamṛta (Toh 755).</p>
                        </item>
                        <milestone unit="chunk" xml:id="O1JC114941JC21415-23"/>
                        <item>
                            <p tid="26">(e) 8 works on the male and female messenger and attendant deities of the family (<foreign type="term" xml:lang="Bo-Ltn">rigs kyi pho nya dang bka’ nyan pho mo</foreign>, Toh 756-763),
                                including works centered on the deities Bhurkuṃkūṭa (<foreign type="term" xml:lang="Bo-Ltn">sme ba
                                    brtsegs pa</foreign>, Toh 756), Mahābala (Toh 757), Vajraśṛṅkhala (Toh 758), Vajratuṇḍa (Toh
                                759), and Lohatuṇḍa (Toh 760-763).</p>
                        </item>
                    </list>
                    <lb/>
                    <milestone unit="chunk" xml:id="O1JC114941JC21415-24"/>
                    <p tid="27">
                        <label>IV. The Wealth-god family</label> (<foreign type="term" xml:lang="Bo-Ltn">nor can gyi
                            rigs</foreign>, Toh 764-771), comprising 8 works on yakṣa wealth-gods including Maṇibhadra (Toh
                        764-765) and Jambhala (Toh 768-771).</p>
                    <milestone unit="chunk" xml:id="O1JC114941JC21415-25"/>
                    <p tid="28">
                        <label>V. The Increase family</label> (<foreign xml:lang="Bo-Ltn">rgyas pa’i
                        rigs</foreign>), here represented by a single work, the <title xml:lang="en">Incantation of
                            Mekhalā</title> (Toh 772).</p>
                    <milestone unit="chunk" xml:id="O1JC114941JC21415-26"/>
                    <p tid="29">
                        <label>VI. The Worldly family</label> (<foreign type="term" xml:lang="Bo-Ltn">’jig rten pa’i
                            rigs</foreign>), also represented by a single work, <title xml:lang="en">Mahāśvāsa, King of
                            Spells</title> (Toh 773).</p>
                    <milestone unit="chunk" xml:id="O1JC114941JC21415-27"/>
                    <p tid="30">
                        <label>VII. Some miscellaneous brief incantations</label> (<title xml:lang="Bo-Ltn">phyogs ma brtags pa’i
                            gzungs phran ’ga’ zhig</title>, Toh 774-804), a series of 31 incantations for specific purposes such
                        as circumambulating (Toh 775-776), purifying offerings (Toh 777-778), prostrations (Toh 779), treating
                        problems of disease, poison, burns, and infections (Toh 783-4 and 798-803), pacifying hatred, anger, and
                        sin (Toh 785-789), escaping from bondage (Toh 796) intimidating demons (Toh 797), finding clothes (Toh
                        780), being attractive or having a pleasant voice (Toh 791-2), being successful (Toh 793-4), making people
                        happy (Toh 781), and purifying all the lower realms (Toh 782).</p>
                    <milestone unit="chunk" xml:id="O1JC114941JC21415-28"/>
                    <p tid="31">Finally, the last four works in this Action tantra section (Toh 805-808) are classified as <label>General
                            Tantras</label>, containing systematic instructions on meditation and ritual applicable in general to
                        different Action tantra practices. The best known is probably the <title xml:lang="en">Tantra of the
                            Questions of Subāhu</title> (Toh 805, not to be confused with the <title xml:lang="en">Sūtra of the
                            Questions of Subāhu</title>, Toh 70).</p>
                </div>
            </div>
        </body>
    </text>
</TEI>