<?xml-model href="../schema/current/section.rng" schematypens="http://relaxng.org/ns/structure/1.0"?><TEI xmlns="http://www.tei-c.org/ns/1.0" xmlns:xi="http://www.w3.org/2001/XInclude">
    <teiHeader>
        <fileDesc type="section">
            <titleStmt>
                <title type="mainTitle" xml:lang="Bo-Ltn">bsngo smon shis brjod/</title>
                <title type="mainTitle" xml:lang="Sa-Ltn">Praṇidhāna</title>
                <title type="mainTitle" xml:lang="en">Dedication-aspiration</title>
                <title type="articleTitle" xml:lang="en">Dedication-aspiration (Kangyur Section)</title>
                </titleStmt>
            <editionStmt>
                <edition>v 0.1.1 <date>2023</date></edition>
            </editionStmt>
            <publicationStmt>
                <p>Published in 84000 Reading Room</p>
                <availability status="1"/><idno xml:id="O1JC114941JC21416"/>
                <idno type="eft-kb-id">dedication-aspiration</idno>
                <date>2010</date>
            </publicationStmt>
            <sourceDesc work="W22084" sort-index="17">
                <p>Derived from previous outline file from TBRC</p>
                <bibl>
                    <idno parent-id="O1JC114941JC20565"/>
                </bibl>
            </sourceDesc>
            <notesStmt/>
            <revisionDesc>
            
                <change who="#admin" when="2023-07-30T22:39:48.323Z" type="text-version" status="0.1.1" xml:id="O1JC114941JC21416-5">
                    <desc>TEI migrated to 2.19.0</desc>
                </change>
            </revisionDesc>
        </fileDesc>
    </teiHeader>
    <text>
        <front>
            <div type="abstract">
                <p tid="1">A group of canonical texts used as dedication prayers and expressions of auspiciousness to conclude the Tantra
                    Collection (Toh 809-827).</p>
            </div>
        </front>
        <body>
            <div type="article">
                <head type="article" tid="5">Dedication-aspiration</head>
                <div type="section" xml:id="O1JC114941JC21416-article-1">
                    <milestone unit="chunk" xml:id="O1JC114941JC21416-1"/>
                    <p tid="2">This group of texts is introduced in Situ Panchen’s catalogue to the Degé Kangyur as a fifth 
                        subsection of the Tantra Compendium, in addition to the subsections containing tantric works of the 
                        four major categories, containing dedication prayers and expressions of auspiciousness as a 
                        concluding “branch of excellence” (<foreign xml:lang="Bo-Ltn">phun sum tshogs pa’i yan lag</foreign>). </p>
                    <milestone unit="chunk" xml:id="O1JC114941JC21416-2"/>
                    <p tid="6">The 19 works in the section are mainly short extracts from longer works.
                        Toh 809-815 take the form of dedication prayers, while Toh 816-827 are mainly expressions of well-wishing
                        and auspiciousness in verse.</p>
                    <milestone unit="chunk" xml:id="O1JC114941JC21416-3"/>
                    <p tid="4">The catalogue only gives details of the first two texts, Toh 809 and 810, which are also the longest. 
                        The remaining works, it says, are present as final ornaments.</p>
                </div>
            </div>
        </body>
        <back><div type="listBibl"><head type="listBibl" tid="7">Bibliography</head><div type="section" xml:id="O1JC114941JC21416-listBibl-1"><head type="section" tid="8">Bibliography Section Heading</head><bibl rend="default-text" xml:id="O1JC114941JC21416-4">This is a sample bibliographic reference with a <ref target="https://read.84000.co/translation/toh46.html">link example</ref>.</bibl></div></div><div type="glossary"><list type="glossary"/></div></back>
    </text>
</TEI>