<?xml-model href="../schema/current/section.rng" schematypens="http://relaxng.org/ns/structure/1.0"?><TEI xmlns="http://www.tei-c.org/ns/1.0" xmlns:xi="http://www.w3.org/2001/XInclude">
    <teiHeader>
        <fileDesc type="section">
            <titleStmt>
                <title type="articleTitle" xml:lang="en">Old Tantras (Kangyur Section)</title>
                <title type="mainTitle" xml:lang="en">Old Tantras</title>
                <title type="mainTitle" xml:lang="Sa-Ltn">Pratantra</title>
                <title type="mainTitle" xml:lang="Bo-Ltn">rnying rgyud/</title>
            </titleStmt>
            <editionStmt>
                <edition>v 1.1.6 <date>2023</date></edition>
            </editionStmt>
            <publicationStmt>
                
                <availability status="1"/>
                <idno xml:id="O1JC114941JC20566"/>
                <idno type="eft-kb-id">old-tantras</idno>
                <date>2023-11-04</date>
                <p>Published in 84000 Reading Room</p>
            </publicationStmt>
            <sourceDesc work="W22084" sort-index="18">
                <p>Derived from previous outline file from TBRC</p>
                <bibl>
                    <idno parent-id="O1JC114941JC14716"/>
                </bibl>
            </sourceDesc>
            <notesStmt/>
            <revisionDesc>

                <change who="#admin" when="2023-07-30T22:39:48.323Z" type="text-version" status="0.1.1" xml:id="O1JC114941JC20566-2">
                    <desc>TEI migrated to 2.19.0</desc>
                </change>
                <change who="#john" when="2023-11-14T13:04:11.535Z" type="text-version" status="1.1.1" xml:id="O1JC114941JC20566-224">
                    <desc>Revised version with more detail and history.</desc>
                </change>
                <change who="#john" when="2023-11-17T18:24:35.514Z" type="text-version" status="1.1.2" xml:id="O1JC114941JC20566-225">
                    <desc>Revised version with updates including suggestions by Dylan.</desc>
                </change>
                <change who="#john" when="2023-11-19T19:25:25.85Z" type="text-version" status="1.1.3" xml:id="O1JC114941JC20566-226">
                    <desc>Included mention of Guhyagarbha's Ati interpretation.</desc>
                </change>
                <change who="#john" when="2023-11-19T22:17:25.409Z" type="text-version" status="1.1.4" xml:id="O1JC114941JC20566-227">
                    <desc>Typo corrected.</desc>
                </change>
                <change who="#john" when="2023-11-20T10:52:40.274Z" type="text-version" status="1.1.6" xml:id="O1JC114941JC20566-228">
                    <desc>Updated to ensure backup as I'd edited the Distribution version.</desc>
                </change>
            </revisionDesc>
        </fileDesc>
    </teiHeader>
    <text>
        <front>
            <div type="abstract">
                <p tid="1">Seventeen works representing a small selection of the many “inner” class tantras of the
                    Ngagyur Nyingma (“earlier translation”) tradition (Toh 828-844).</p>
            </div>
            <div type="warning">
                <p tid="2">
                    <emph rend="bold">Warning:</emph> Readers are reminded that according to
                    Vajrayāna Buddhist tradition there are restrictions and commitments concerning
                    tantra. Practitioners who are not sure if they should read translations in this
                    section are advised to consult the authorities of their lineage. The
                    responsibility, and hence consequences, of reading these texts and/or sharing
                    them with others who may or may not fulfill the requirements lie in the hands of
                    readers. See “Unrestricted access” below.</p>
            </div>
        </front>
        <body>
            <div type="article">
                <head type="article" tid="29">Old Tantras</head>
                  <div type="section" xml:id="O1JC114941JC20566-article-1">
                  <head type="section" tid="800">Overview</head>
                    <milestone unit="chunk" xml:id="O1JC114941JC20566-3"/>
                    <p tid="11149412056648">This section of the Kangyur contains a small selection of the tantras
                        belonging to the three main “inner tantra” categories and translated in the early, 
                        “imperial” period of translation in Tibet (i.e. the
                        eighth and early ninth centuries, prior to the mid ninth century disintegration of the empire). </p>
                      <milestone unit="chunk" xml:id="O1JC114941JC20566-103"/>
                      <p tid="11149412056649">Although many such tantras had been propagated
                        among a restricted circle of tantric practitioners associated with what later came to be known as the
                        “ancient tradition of the early translations” (<foreign xml:lang="Bo-Ltn">snga 
                            ’gyur rnying ma</foreign>), they had not been as well documented as the large number of
                        texts of other categories (sūtra, vinaya, dhāraṇī, eulogy, treatise, commentary, etc.) that had 
                        also been translated in the imperial period.</p>
                      <milestone unit="chunk" xml:id="O1JC114941JC20566-104"/>
                      <p tid="11149412056650">Most of the texts of these inner tantra categories were criticized as inauthentic 
                        by many of the scholars—mostly affiliated with the “later translation” traditions—who were responsible for compiling the 
                        various early Kangyurs and Tengyurs. Their objections regarding these tantras were in marked contrast to their 
                        acceptance of the early translations of all other textual genres. The limited selection in this section comprises those few
                        tantric works that at least some later scholars (though not all) felt could be acknowledged as canonical.</p>
                      <milestone unit="chunk" xml:id="O1JC114941JC20566-105"/>
                      <p tid="11149412056651">Despite being far less numerous than the works collected independently of the Kangyur and Tengyur 
                          in the (varying) compilations known as the Nyingma Gyübum, the tantras in this section are at least
                          partially representative of the three main divisions of the inner tantras according to the Nyingma
                          doxography: Atiyoga, Anuyoga, and Mahāyoga.</p>
                   </div>
                <div type="section" xml:id="O1JC114941JC20566-25">
                    <head type="section" tid="O1JC114941JC20566-26">History and Controversy During the Period of Canon Formation</head>
                    <milestone unit="chunk" xml:id="O1JC114941JC20566-4"/>
                    <p tid="4">Some hundreds of tantras are said to have been translated from Sanskrit and other
                        languages during the early, imperial period under the royal patronage of King
                        Tri Songdetsen and his successors. However, the texts of the three “inner tantra” 
                        categories were treated
                        with great secrecy, and were not listed along with the other, non-esoteric
                        texts translated at the time in official inventories such as the Denkarma 
                        (<foreign xml:lang="Bo-Ltn">ldan dkar ma</foreign>). Nor, because of their
                        perceived sanctity, were they submitted to the process of terminological and
                        orthographical standardization that took place in the early ninth century.
                        When the imperial period with its centralized patronage of Buddhist institutions and 
                        scholarship came to an end in the mid ninth century (traditionally linked to the reign of
                        Langdarma<note place="end" xml:id="O1JC114941JC20566-44">The epithet “Langdarma” (<foreign xml:lang="Bo-Ltn">glang dar ma</foreign>), 
                            only used from the 11th century onwards, refers to the king
                            whose actual name was Darma Tri Udumten (<foreign xml:lang="Bo-Ltn">dar ma khri 
                                ’u’i dum brtan</foreign>).</note>), lineages of the transmission and practice of these tantras were maintained 
                        during the century of rebellions and general disintegration
                        that followed, and have been maintained down to the present day. But in the
                        eleventh century a different set of tantras—those to be found in India at
                        the time—began to be introduced to Tibet by Rinchen Zangpo, Drokmi Lotsāwa,
                        Marpa Lotsāwa, and others. These formed the beginning of the “new
                        translations” (<foreign xml:lang="Bo-Ltn">gsar ’gyur</foreign>) of the
                        “later spread” of the teachings (<foreign xml:lang="Bo-Ltn">phyi
                            dar</foreign>) and became the tantric corpus of the new traditions that
                        gradually emerged and developed over the centuries that followed.</p>
                    <milestone unit="chunk" xml:id="O1JC114941JC20566-5"/>
                    <p tid="11149412056641">The thirteenth and fourteenth century scholars responsible for the major initiative
                        of the times—to establish canonical collections of the Tibetan translations by cataloguing, and then compiling, 
                        works of all genres into the systematic collections that became the Kangyurs—were scholars whose 
                        allegiance was to the traditions of the new translations, and they had much less interest in the tantras of the early period.
                        </p>
                    <milestone unit="chunk" xml:id="O1JC114941JC20566-20"/>
                    <p tid="11149412056652">The early canons were compiled on the foundation of the inventories and <foreign xml:lang="Bo-Ltn">dkar chag</foreign>s of 
                        canonical texts assembled and compared by Chomden Rigpai Raltri (1227–1305), his contemporary and student Üpa Losal Sangye Bum, and Butön
                        Rinchen Drup (1290-1364). Regarding the Nyingma tantras, the opinions of these three key figures differed somewhat:</p>
                    <list type="bullet" rend="dots">
                        <item><p tid="11149412056653"><hi rend="bold">Chomden Rigpai Raltri</hi>’s inventory—which in any case was not an exhaustive survey of all existing tantras, whether old or 
                    new—from the old tantras included only the <title xml:lang="Sa-Ltn">Guhyagarbha</title>, not only because
                        he had himself seen one Sanskrit manuscript and heard about another, but also because
                        he had determined its content to be genuine on several criteria.<note place="end" xml:id="O1JC114941JC20566-30">See Chomden 
                            Rigpai Raltri’s inventory, f. 37.a (modern edition) or f. 34.b (manuscript edition), and Schaeffer and van der Kuijp 2009, 
                            pp 46–50 and 181. His evaluation of the authenticity of the <title xml:lang="Sa-Ltn">Guhyagarbha</title>’s content 
                            is quoted verbatim in Sokdokpa vol. 1, cha, f. 132.b–133.b, and the passage as quoted almost identically by 
                            Dudjom Rinpoche is translated in Dudjom 1991, vol. 1, pp. 914–7. </note></p>
                        </item> 
                    <item><p tid="11149412056654"><hi rend="bold">Üpa Losal</hi>, who is thought to have compiled the 
                        <foreign xml:lang="Bo-Ltn">dkar chag</foreign>s of the now lost “old Narthang” Kangyur and Tengyur
                        is also thought to have formulated, for that Kangyur <foreign xml:lang="Bo-Ltn">dkar chag</foreign>, a short list of 
                        doxographically representative Nyingma tantras with relatively well verified provenance.<note place="end" xml:id="O1JC114941JC20566-22">
                            This is according to <foreign xml:lang="Bo-Ltn">snga ’gyur rnying ma la rgol
                                ngan log rtogs bzlog pa’i bstan bcos</foreign>, a much later text probably authored by Jigme Lingpa, p. 694.
                        That list seems to have remained constant once it had been initially drawn up, whether by Üpa Losal or 
                        someone else. The oldest printed list of the corresponding texts may 
                        be the contents list of the three relevant volumes (dza–zha)
                        in the <foreign xml:lang="Bo-Ltn">dkar chag</foreign> of the Lithang Kangyur, f. 16.b–17.a, written by the VIth Shamar,
                            Chökyi Wangchuk, in the first decade of the seventeenth century.</note></p>
                    </item> 
                        <item><p tid="11149412056655"><hi rend="bold">Butön</hi>, despite having himself received many Nyingma transmissions, 
                            famously decided to remain agnostic and 
                        not to include, in his influential inventory of translated canonical texts, any Nyingma tantras at 
                        all.<note place="end" xml:id="O1JC114941JC20566-31">See Butön, f. 79.b.</note>
                        </p>
                        </item>
                    </list>
                    <milestone unit="chunk" xml:id="O1JC114941JC20566-21"/>
                    <p tid="11149412056682">The overall tendency to exclude the old tantras from the Kangyurs was
                        partly based on reasonable doubts regarding the authenticity of the Indian sources of some of them.
                        Indeed it is no surprise that the new wave of Tibetan translators, visiting India and Nepal many
                        centuries after the early period, and largely different regions, found little evidence of the tantric
                        traditions encountered elsewhere by their forbears, and even if searching for such evidence
                        had been of greater concern for them than it actually was, they might have been unlikely 
                        to find much.</p>
                    <milestone unit="chunk" xml:id="O1JC114941JC20566-121"/>
                    <p tid="11149412056683">Moreover, the criteria that proponents of the later tantra translations drew up
                        to determine “authenticity” were themselves a set of parameters partly determined by the
                        dialectic between the old and new traditions itself. Although in some respects objective and 
                        scholarly, they were not designed to take full account of 
                        the rather different approaches to textual and cultural adaptation that shaped the values
                        of the earlier translations, and indeed even those of the Indian tantric communities
                        from which the tantras, old and new, had been inherited.<note place="end" xml:id="O1JC114941JC20566-122">See 
                            Mayer 2014, pp.35-53, esp. pp.37-39; and Mayer 2015, pp.390-397, esp. p.395.</note></p>
                    <milestone unit="chunk" xml:id="O1JC114941JC20566-6"/>
                    <p tid="6">The scholars concerned with compiling canonical collections accepted wholesale the work of
                        the early translators regarding all the textual genres other than the higher tantras; their reluctance to do the same 
                        regarding this category of tantra stands out in significant contrast. Overall, it would be difficult to conclude that 
                        their concerns were purely objective, and that they were not also influenced by partisan considerations, over-zealous reformist
                        ideals, and even politics. In the struggles of the post-imperial period,
                        edicts and arguments against the practice, the practitioners, and in many cases the very texts of the
                        early tantras—some strikingly polemical—had been written by critical scholars including Lha Lama Yeshé’ö (947-1024) the king of Gugé
                        in western Tibet, the translator Rinchen Zangpo 
                        (958–1055), Yeshé’ö’s grand-nephew the Tholing translator Zhiwa’ö (1016–1111), and the 11th century translator Gö 
                        Khukpa Lhetsé, all of whom were cited by Butön to support his decision.</p>
                    <milestone unit="chunk" xml:id="O1JC114941JC20566-7"/>
                    <p tid="7">Despite these strong influences disfavoring the Nyingma tantras, the limited selection of 
                        the most easily authenticated early tantras thought to have been first drawn up by Üpa Losal
                        (see above) materialized as a three volume section included as part of the 
                        Kangyur that was compiled and printed at Tshal Gungtang, of which the original is lost but which is known as 
                        the Tshalpa manuscript. When the Tshalpa Kangyur was completed in 1351, Butön himself consecrated it,
                        apparently raising no objections to the inclusion of these Nyingma tantras despite his own 
                        expressed preference for excluding them. </p>
                    <milestone unit="chunk" xml:id="O1JC114941JC20566-23"/>
                    <p tid="11149412056656">The Tshalpa Kangyur set one of the two major structural patterns for subsequent Kangyurs,
                        and on it were modeled the xylograph Kangyurs of the Peking series
                        beginning with early fifteenth century Yongle, the early seventeenth century Lithang Kangyur, the Choné, 
                        Narthang, Degé, and Lhasa Kangyurs. </p>
                    <milestone unit="chunk" xml:id="O1JC114941JC20566-223"/>
                    <p tid="11149412056657">However, while the other Kangyurs of predominantly Tshalpa lineage
                        all included this limited section of Nyingma tantras,<note place="end" xml:id="O1JC114941JC20566-32">See, for example, 
                            the <foreign xml:lang="Bo-Ltn">dkar chag</foreign> of the Lithang Kangyur, f. 16.b–17.a.</note> it is noteworthy that the Degé at first did not. 
                        The Nyingma tantra section was missing and is not mentioned at all in Situ Panchen’s <foreign xml:lang="Bo-Ltn">dkar chag</foreign>
                        prepared for the first printing in 1733, and even when more texts were added in a later printing in
                        1762 the Nyingma section was left out. Only much later, at some point in the mid-eighteenth century—long 
                        after the death of both Situ Panchen and his successor—were these volumes added, 
                        apparently at the instigation of Jamyang Khyentse Wangpo (1820–1892).<note place="end" xml:id="O1JC114941JC20566-33">
                            See Imaeda 1981 and Loter Wangpo ff. 136.a–136.b (pp. 508–9).
                        </note> It is unclear why it was omitted
                        in such obvious contrast to other existing Kangyurs, and for so long—especially in light of the fact that in 1794 the Degé printery had published 
                        a full, twenty-four volume Nyingma Gyübum collection (the only extant xylograph version, compiled and edited by Getsé Mahapandita
                        on the basis of Jigme Lingpa’s Padma Öling <foreign xml:lang="Bo-Ltn">dkar chag</foreign>).</p>
                    <milestone unit="chunk" xml:id="O1JC114941JC20566-24"/>
                    <p tid="11149412056645">The Kangyurs of the other major lineage are those that follow 
                    the alternative pattern set by the Themphangma manuscript, produced in Gyantse in 1431
                    and probably derived from an earlier Kangyur compiled at Zhalu. These manuscript Kangyurs, among them 
                    the Stok Palace and Shey Kangyurs, do not include a Nyingma tantra section at all. </p>
                <lb/>
                </div>
                <div type="section" xml:id="O1JC114941JC20566-27">
                    <head type="section" tid="O1JC114941JC20566-28">The Works in This Section</head>
                    <milestone unit="chunk" xml:id="O1JC114941JC20566-8"/>
                    <p tid="8">The works found in this Old Tantras section comprise only some of the principal texts representing the
                        three classes—Mahāyoga, Anuyoga, and Atiyoga—into which the Nyingma
                        tradition divides what it designates the inner tantras (<foreign xml:lang="Bo-Ltn">nang rgyud</foreign>), the equivalent of the
                        Anuttara/Niruttara class of the Sarma traditions): </p>
                    <div type="section" xml:id="O1JC114941JC20566-29">
                        <head type="section" tid="O1JC114941JC20566-30">Atiyoga</head>
                        <milestone unit="chunk" xml:id="O1JC114941JC20566-9"/>
                    <p tid="11149412056658">
                        Atiyoga is represented here only by: </p>
                        <list type="bullet" rend="dots"><item><p tid="11149412056659">Toh 828, <title xml:lang="en">The 
                            All-Creating Sovereign</title> (<foreign xml:lang="Bo-Ltn">kun byed rgyal po</foreign>), from the Mind Class
                            (<foreign xml:lang="Bo-Ltn">sems sde</foreign>) which, of the three
                        main subdivisions within Atiyoga, is the doxographically (and probably historically) inaugural stratum.</p></item></list></div>

                    <div type="section" xml:id="O1JC114941JC20566-131">
                        <head type="section" tid="O1JC114941JC20566-32">Anuyoga</head>
                        <milestone unit="chunk" xml:id="O1JC114941JC20566-10"/>
                    <p tid="11149412056660">Anuyoga is represented by:</p> 
                        <list type="bullet" rend="dots">
                            <item><p tid="11149412056661">Toh 829, known best as <title xml:lang="en">The Sūtra That Gathers All Intentions</title> (<foreign xml:lang="Bo-Ltn">mdo dgongs pa ’dus pa</foreign>) but here with another
                        title derived from its root, Toh 831 (see below);</p>
                            </item>
                            <item><p tid="11149412056662">Toh 830, <title xml:lang="en">The
                            Magnificent Lightning Wheel of Awareness</title> (<foreign xml:lang="Bo-Ltn">ye shes rngam pa glog gi ’khor lo</foreign>), although
                        in some classifications this is categorized as a Mahāyoga text;</p></item>
                            <item><p tid="11149412056663">Toh 831, <title xml:lang="en">The Sūtra of
                                All-Gathering Awareness</title> (<foreign xml:lang="Bo-Ltn">kun ’dus rig
                                    pa’i mdo</foreign>).</p></item> </list>
                    </div>
                    <div type="section" xml:id="O1JC114941JC20566-47">
                        <head type="section" tid="O1JC114941JC20566-34">Mahāyoga</head>
                        
                    <milestone unit="chunk" xml:id="O1JC114941JC20566-11"/>
                    <p tid="11">The remainder of the texts in the section, Toh 832-844, are a
                        representative but limited selection of the much more numerous Mahāyoga tantras
                        to be found in the complete Nyingma Gyübum collections. They are classified
                        into tantras (<foreign xml:lang="Bo-Ltn">rgyud sde</foreign>) and means for
                        attainment (<foreign xml:lang="Bo-Ltn">sgrub sde</foreign>): </p>
                <div type="section" xml:id="O1JC114941JC20566-35">
                    <head type="section" tid="O1JC114941JC20566-36">Tantras</head>
                    <milestone unit="chunk" xml:id="O1JC114941JC20566-12"/>
                    <p tid="11149412056664">The first group, the tantras, comprises a basic cycle
                        of 18 tantras derived from the major corpus of tantra texts known as the
                            <term>Magical Net</term>, the <foreign xml:lang="Sa-Ltn">Māyājāla</foreign> (<foreign xml:lang="Bo-Ltn">sgyu ’phrul dra
                            ba</foreign>). To this group belong: </p>
                    <list type="bullet" rend="dots">
                        <item><p tid="11149412056665">Toh 832, the twenty-two chapter version of the tantra
                            <title xml:lang="en">The Secret Nucleus</title>, the <title xml:lang="Sa-Ltn">Guhyagarbha</title> (<foreign xml:lang="Bo-Ltn">rgyud
                                gsang ba’i snying po</foreign>), said to present all things as naturally manifesting, 
                            or to present mind and wisdom as naturally manifesting, and traditionally considered to be the primary text of the cycle 
                            (note that the <title xml:lang="Sa-Ltn">Guhyagarbha</title>, classified here as a Mahāyoga tantra, is also
                            interpreted by some commentaries in Atiyoga terms or described from a hybrid perspective sometimes called “Mahā-Ati”);</p></item> 
                        <item><p tid="11149412056666">Toh 833, <title xml:lang="en">The
                            Magical Net of Vajrasattva</title> (<foreign xml:lang="Bo-Ltn">rdo rje
                            sems dpa’i sgyu ’phrul dra ba</foreign>), said to present the hundred deities of the maṇḍala and their 
                            details such as body color and hand implements;</p></item>
                        <item><p tid="11149412056667">Toh 834, called the “eighty chapter” version of 
                            <title xml:lang="en">The Secret Nucleus</title>, the <title xml:lang="Sa-Ltn">Guhyagarbha</title> (<foreign xml:lang="Bo-Ltn">rgyud
                                gsang ba’i snying po</foreign>), although it has eighty-two chapters; it is said to emphasize the buddha qualities, and 
                            differs from Toh 832 principally in its greater detail concerning the wrathful deities of the maṇḍala; </p></item>     
                        <item><p tid="11149412056668">Toh 836, <title xml:lang="en">The Tantra of the Great Magical Net of the Goddess</title>
                            (<foreign xml:lang="Bo-Ltn">lha mo sgyu ’phrul dra ba chen po</foreign>), an explanatory tantra for the group;</p></item>
                        <item><p tid="11149412056669">Toh 837, <title xml:lang="en">The Tantra of the Great Guru, from The Secret Nucleus Definitive With Respect to the Real</title>
                            (<foreign xml:lang="Bo-Ltn">gsang ba’i snying po de kho na nyid nges pa’i bla ma chen po</foreign>), a tantra emphasizing empowerment.</p></item>
                    </list>
                    <p tid="11149412056670">Also placed here within the tantra category, but not part of the <foreign xml:lang="Sa-Ltn">Māyājāla</foreign> corpus, is: </p>
                    <list type="bullet" rend="dots">
                        <item><p tid="11149412056671">Toh 835, <title xml:lang="en">The Noose of Methods</title>
                            (<foreign xml:lang="Bo-Ltn">thabs kyi zhags pa</foreign>), classified as a supplementary
                        tantra. The version in the Degé and other Tshalpa Kangyurs is a reconstructed and incomplete version of 
                        the tantra, of which more complete versions are found in some peripheral Kangyurs.</p></item>
                </list>
                </div>
                        
                        <div type="section" xml:id="O1JC114941JC20566-37">
                        <head type="section" tid="O1JC114941JC20566-38">Means for Attainment</head>
                        <milestone unit="chunk" xml:id="O1JC114941JC20566-13"/>
                    <p tid="11149412056672">The second group, the means for attainment, is classified
                        according to the meditational deities whose practice is described in each
                        text. First come the five deities of the supramundane:</p>  
                    <list type="bullet" rend="dots">
                        <item><p tid="11149412056673">Toh 838, <title xml:lang="en">The Secret Tantra of the Wheel of Mañjuśrī’s Four Activities</title>
                            (<title xml:lang="Bo-Ltn">’jam dpal las bzhi ’khor lo gsang ba’i rgyud</title>), on Mañjuśrī-Yamāntaka (body);</p></item>
                        <item><p tid="11149412056674">Toh 839, <title xml:lang="en">The Great Tantra of Aśvottama’s Display</title>
                            (<title xml:lang="Bo-Ltn">rta mchog rol pa’i rgyud chen po</title>), on Hayagrīva-Aśvottama (speech);</p></item>
                        <item><p tid="11149412056675">Toh 840, <title xml:lang="en">The Most Profound Secret Tantra of Śrī Heruka’s Compassionate Display</title>
                            (<title xml:lang="Bo-Ltn">dpal he ru ka snying rje rol pa’i rgyud gsang ba zab mo’i mchog</title>), on Śrīheruka (mind);</p></item>
                        <item><p tid="11149412056676">Toh 841, <title xml:lang="en">Eight Great Sections [starting with] the Quintessence of 
                            Great Accomplishment Whereby All Things Have the Nature of the Five Nectars</title>
                            (<title xml:lang="Bo-Ltn">thams cad bdud rtsi lnga’i rang bzhin dngos grub chen po nye ba’i snying 
                                po bam po chen po brgyad pa</title>), a text divided into eight distinct chapters or sections, on Vajrāmṛta (qualities);</p></item>
                        <item><p tid="11149412056677">here numbered Toh 841A but not catalogued
                            in Toh, <title xml:lang="en">A Fragment from the Vajrakīlaya Root Tantra</title> (<title xml:lang="Bo-Ltn">rdo rje phur 
                                pa rtsa ba’i rgyud kyi dum bu</title>), the fragmentary text representing the practice of
                        Vajrakīla (activity), widespread in the Nyingma tradition.</p></item>
                    </list>
                        <p tid="11149412056678">Then the three deities of the mundane:</p>  
                    <list type="bullet" rend="dots">        
                        <item><p tid="11149412056679">Toh 842, <title xml:lang="en">Tantra of the Flaming Ḍākinī</title>
                            (<title xml:lang="Bo-Ltn">mkha’ ’gro ma me lce ’bar ba’i rgyud</title>), on Mātaraḥ;</p></item>
                        <item><p tid="11149412056680">Toh 843, <title xml:lang="en">Root Tantra of Vajramantrabhīru</title>
                            (<title xml:lang="Bo-Ltn">drag sngags ’dus pa rdo rje rtsa ba’i rgyud</title>), on Vajramantrabhīru;</p></item>
                        <item><p tid="11149412056681">Toh 844, <title xml:lang="en">The Tantra of Lokastotrapūja</title>
                            (<title xml:lang="Bo-Ltn">’jig rten mchod bstod sgrub pa rtsa ba’i rgyud</title>), on Lokastotrapūjā.</p></item>
                    </list>
                        </div>
                    </div>
                </div>
                <div type="section" xml:id="O1JC114941JC20566-39">
                    <head type="section" tid="O1JC114941JC20566-40">Nyingma Tantras Elsewhere</head>
                    <milestone unit="chunk" xml:id="O1JC114941JC20566-14"/>
                    <p tid="14">Note that there are a few inner tantras translated in the early period
                        found not here, in the Old Tantra section, but in the main Tantra
                        Collection, as they are shared by the Nyingma and Sarma traditions (though
                        often using different translations). They include the <title xml:lang="Sa-Ltn">Mañjusrīnāmasaṃgīti</title> (Toh 360), the <title xml:lang="Sa-Ltn">Guhyasamāja</title> (<foreign xml:lang="Bo-Ltn">gsang
                            ba sdus pa</foreign>, Toh 442), and the <title xml:lang="Sa-Ltn">Māyājāla</title> (<foreign xml:lang="Bo-Ltn">sgyu ’phrul dra
                            ba</foreign>, Toh 466).</p>
                    <milestone unit="chunk" xml:id="O1JC114941JC20566-15"/>
                    <p tid="15">The separate, much larger collection of tantras considered canonical
                        by the Nyingma tradition, the Nyingma Gyübum, exists in several
                        versions (and translations of its works will, it is hoped, be added to the
                        84000 collection).</p>
                                        
                <!--</div>
                <div type="section" xml:id="O1JC114941JC20566-article-3">
                    <head type="section" tid="30">Unrestricted access</head>
                    <milestone unit="chunk" xml:id="O1JC114941JC20566-22"/>
                    <p tid="22">The decision to publish tantra texts without restricted access has
                        been considered carefully. First of all, it should be noted that all the
                        original Tibetan texts of the Kangyur, including those in this Tantra
                        section, are in the public domain. Some of the texts in this section (but by
                        no means all of them) are nevertheless, according to some traditions, only
                        studied with authorization and after suitable preliminaries.</p>
                    <milestone unit="chunk" xml:id="O1JC114941JC20566-23"/>
                    <p tid="23">It is true, of course, that a translation makes the content
                        accessible to a far greater number of people; 84000 has therefore consulted
                        many senior Buddhist teachers on this question, and most of them felt that
                        to publish the texts openly is, on balance, the best solution. The
                        alternatives would be not to translate them at all (which would defeat the
                        purposes of the whole project), or to place some sort of restriction on
                        their access. Restricted access has been tried by some Buddhist book
                        publishers, and of course needs a system of administration, judgment, and
                        policing that is either a mere formality, or is very difficult to implement.
                        It would be even harder to implement in the case of electronic texts—and
                        even easier to circumvent. Indeed, nowadays practically the whole range of
                        traditionally restricted Tibetan Buddhist material is already available to
                        anyone who looks for it, and is all too often misrepresented, taken out of
                        context, or its secret and esoteric nature deliberately vaunted.</p>
                    <milestone unit="chunk" xml:id="O1JC114941JC20566-24"/>
                    <p tid="24">84000’s policy is to present carefully authenticated translations in
                        their proper setting of the whole body of Buddhist sacred literature, and to
                        trust the good sense of the vast majority of readers not to misuse or
                        misunderstand them. Readers are reminded that according to Vajrayāna
                        Buddhist tradition there are restrictions and commitments concerning tantra.
                        Practitioners who are not sure if they should read translations in this
                        section are advised to consult the authorities of their lineage. The
                        responsibility, and hence consequences, of reading these texts and/or
                        sharing them with others who may or may not fulfill the requirements lie in
                        the hands of readers.</p>
                </div>
                <div type="section" xml:id="O1JC114941JC20566-article-4">
                    <head type="section" tid="31">Translation and editing of the titles</head>
                    <milestone unit="chunk" xml:id="O1JC114941JC20566-25"/>
                    <p tid="25">The titles (as in all sections) have been translated on the basis of
                        the short Tibetan title given in the Degé Kangyur, taking into account the
                        Sanskrit.</p>
                    <milestone unit="chunk" xml:id="O1JC114941JC20566-26"/>
                    <p tid="26">The original Sanskrit titles of the various major tantras are well
                        attested and pose only a few problems here and there. However, in the case
                        of the many lesser known works, the Sanskrit, as given at the beginning of
                        the various Tibetan works in the Degé canon (D) and reproduced with some
                        corrections in the Tōhoku Catalogue (Toh), is often problematic. Not
                        infrequently it is a back translation from the Tibetan title, with Sanskrit
                        adjectives in the wrong places, compounds that are inverted, and other
                        evidence that it was composed following the Tibetan and adopting its word
                        order.</p>
                    <milestone unit="chunk" xml:id="O1JC114941JC20566-27"/>
                    <p tid="27">We have done our best to interpret such titles in the most likely
                        fashion, but that has often meant privileging the Tibetan rather than
                        following the Sanskrit word order. In rendering the Sanskrit titles, we have
                        added some word breaks and corrected simple and obvious mistakes such as
                        missing or wrong saṃdhi, wrong long and short vowels, missing retroflex
                        consonants, etc. Many, but not all, of the amendments made by the Tōhoku
                        Catalogue have been adopted. Where the title already contains one or more
                        words with case endings, we have added the case endings to the final words
                            (<term>kalpa</term>, <term>tantra</term>, etc.) in the interest of
                        consistency. We have not, however, attempted to rearrange odd Sanskrit word
                        order or make other such substantial changes. It seemed better to correct
                        only what was obviously wrong in the Sanskrit and leave the rest more or
                        less as it was, not attempting what would, in effect, be a
                        retranslation.</p>
                    <milestone unit="chunk" xml:id="O1JC114941JC20566-28"/>
                    <p tid="28">For attested proper names we have used the Sanskrit; the rest
                        (including obscure cases) we have translated. In general, the difficulties
                        involved in translating the tantra titles are in many respects much greater
                        than in the case of the sūtras. That said, we consider this a needed start,
                        even if certainly not a final result. In short, what we present here is
                        provisional and should be taken as such.</p>-->
                </div>
            </div>
        </body>
        <back>
            <div type="listBibl">
                <head type="listBibl" tid="32">Bibliography and Further Reading</head>
                <div type="section" xml:id="O1JC114941JC20566-listBibl-1">
                    <head type="section" tid="11149412056646">Tibetan Sources</head>
                    <bibl xml:id="O1JC114941JC20566-50">Chomden Rigpai Raltri (bcom ldan rig pa’i ral gri). 
                        <title xml:lang="Bo-Ltn">bstan pa rgyas pa rgyan gyi nyi ’od </title>. BDRC 
                        <ref target="http://purl.bdrc.io/resource/MW00EGS1017426_1A03D0">MW00EGS1017426</ref> (modern computerized version)
                        and <ref target="http://purl.bdrc.io/resource/MW1CZ1041_A285C1">MW1CZ1041</ref> (scanned 
                        <foreign xml:lang="Bo-Ltn">dbu med</foreign> MS from Drépung).</bibl>
                    <bibl xml:id="O1JC114941JC20566-53">Jigme Lingpa (’jigs med gling pa) (?). <title xml:lang="Bo-Ltn">snga ’gyur rnying 
                        ma la rgol ngan log rtogs bzlog pa’i bstan bcos kun mkhyen ngag gi dbang pos mdzad pa</title> [“The Omniscient Ngaki Wangpo’s 
                        treatise refuting negative statements and misunderstandings concerning the Nyingma tradition of the Early Translations”]. 
                        In <title xml:lang="Bo-Ltn">gsung ’bum/ ’jigs med gling pa</title> (a ’dzom par ma), vol. 6, cha (171 ff). 
                        <ref target="http://purl.bdrc.io/resource/MW7477_5F1BCB">BDRC MW7477</ref>.</bibl>
                    <bibl xml:id="O1JC114941JC20566-153">Loter Wangpo (blo gter dbang po). <title xml:lang="Bo-Ltn">rgyud sde rin po che 
                        kun las btus pa’i byung tshul dang bka’i bsdu ba ji ltar mdzad pa’i ’phros las brtsams te gleng ba zab 
                        don sgo brgya ’byed pa’i lde mig</title>. 
                        In <title xml:lang="Bo-Ltn">rgyud sde kun btus</title> (sde dge par ma), vol. 30, a (398 ff). 
                        <ref target="http://purl.bdrc.io/resource/W21295">BDRC W21295</ref>.</bibl>
                    <bibl xml:id="O1JC114941JC20566-52">Shamar VI (zhwa dmar chos kyi dbang phyug). <title xml:lang="Bo-Ltn">li thang 
                        bkaʼ ʼgyur dkar chag</title>. <ref target="http://purl.bdrc.io/resource/W1CZ881">BDRC W1CZ881</ref>.</bibl>
                    <bibl xml:id="O1JC114941JC20566-54">Sogdokpa (sog bzlog pa blo gros rgyal mtshan). <title xml:lang="Bo-Ltn">gsang sngags snga ’gyur la bod du 
                        rtsod pa snga phyir byung ba rnams kyi lan du brjod pa nges pa don gyi ’brug sgra</title> [“The Dragon’s Roar of Definitive Meaning: responses
                        to earlier and later disputes in Tibet concerning the Early Translation’s secret mantras”]. In <title xml:lang="Bo-Ltn">gsung ’bum/ 
                            blo gros rgyal mtshan</title>, vol. 1, cha (171 ff). <ref target="http://purl.bdrc.io/resource/MW8870_49D325">BDRC W8870</ref>.</bibl>
                </div>
                <div type="section" xml:id="O1JC114941JC20566-listBibl-2">
                    <head type="section" tid="11149412056647">Secondary Sources</head>
                    <bibl xml:id="O1JC114941JC20566-41">Gyurme Dorje. <title xml:lang="en">The Guhyagarbhatantra and its
                        XIVth Century Commentary Phyogs-bcu mun-sel</title>. PhD thesis.
                        University of London, SOAS (1987).</bibl>
                    <bibl xml:id="O1JC114941JC20566-42">Smith, E. Gene. <title xml:lang="en">Among Tibetan Texts: History and
                        Literature of the Himalayan Plateau (Studies in Indian and Tibetan
                        Buddhism)</title>. Boston: Wisdom Publications (2001).</bibl>
                    <bibl xml:id="O1JC114941JC20566-56">Imaeda, Yoshiro. “Note sur le Kanjur de Derge,” in  (eds.), 
                        <title xml:lang="en">Tantric and Taoist Studies in Honour of R.A. Stein</title>. Mélanges 
                        chinois et bouddhiques, vol. XX. Brussels: Institut belge des hautes études chinoises, 1981.</bibl>
                    
                    <bibl xml:id="O1JC114941JC20566-43">Dudjom Rinpoche Jigdrel Yeshe Dorje, tr. Dorje, G. and Kapstein, M.,
                        <title xml:lang="en">The Nyingma School of Tibetan Buddhism: Its
                            Fundamentals and History</title>. Boston: Wisdom Publications
                            1991.</bibl>
                    <bibl xml:id="O1JC114941JC20566-143">Mayer, Robert. “Indigenous Elements in Tibetan Tantric Religion.” In <title xml:lang="en">Mongolo-Tibetica 
                        Pragensia ’14: Ethnolinguistics, Sociolinguistics, Religion and Culture</title>, vol. 7:2, 2014. </bibl>
                    <bibl xml:id="O1JC114941JC20566-145">————. “Rnying ma Tantras.” In Brill’s Encyclopedia of Buddhism, vol. 1. Leiden: Brill, 2015.</bibl> 
                    <bibl xml:id="O1JC114941JC20566-51">Schaeffer, Kurtis R., and Leonard W.J. van der Kuijp. 
                        <title xml:lang="en">An Early Tibetan Survey of Buddhist Literature: the Bstan pa rgyas 
                            pa rgya gyi nyi ’od of Bcom ldan ral gri</title>. Harvard Oriental Series. Cambridge (MA) and London: Harvard University Press, 2009.</bibl>
                    <bibl xml:id="O1JC114941JC20566-144">Wangchuk, Dorji. “An Eleventh Century Defence of the Authenticity of
                        the Guhyagarbha Tantra,” in Eimer and Germano (eds.), <title xml:lang="en">The Many Canons of Tibetan Buddhism</title> (PIATS 2000). Leiden: Brill,
                                2002.</bibl>
                                <bibl xml:id="O1JC114941JC20566-45">See also section 6, chapter 4 in: Jamgön Kongtrul 
                                    (<foreign xml:lang="Bo-Ltn">’jam mgon kong sprul blo gros mtha’ yas</foreign>),
                        <foreign xml:lang="Bo-Ltn">shes bya kun khyab</foreign>, Delhi: Shechen
                        Publications (1997). Translated as Guarisco, E. and McLeod, I (trans.),
                        <title xml:lang="en">The Treasury of Knowledge: Book 6, Part 4, Systems
                            of Buddhist Tantra</title>, Ithaca: Snow Lion Publications (2005),
                                    chapters 17 and 20.</bibl></div>
            </div>
            <div type="glossary">
                <list type="glossary"/>
            </div>
        </back>
    </text>
</TEI>