<?xml-model href="../schema/current/section.rng" schematypens="http://relaxng.org/ns/structure/1.0"?><TEI xmlns="http://www.tei-c.org/ns/1.0" xmlns:xi="http://www.w3.org/2001/XInclude">
    <teiHeader>
        <fileDesc type="grouping">
            <titleStmt>
                <title type="mainTitle" xml:lang="Bo-Ltn">thams cad bdud rtsi lnga'i rang bzhin dngos grub chen po nye ba'i snying po bam po chen po brgyad pa/</title>
                <title type="mainTitle" xml:lang="Sa-Ltn">sarva­pañcāmṛtasāra­siddhimahadgata­hṛdaya­parivartāṣṭaka</title>
                <title type="mainTitle" xml:lang="en">Eight Great Sections [starting with] The Quintessence of Great Accomplishment Whereby All Things Have the Nature of the Five Nectars</title>
                <title type="otherTitle" xml:lang="Bo-Ltn">thams cad bdud rtsi lnga'i rang bzhin/ dngos grub chen po nye ba'i snying po mchog bam po chen po brgyad pa/</title>
                <title type="otherTitle" xml:lang="Bo-Ltn">bdud rtsi chen po mchog gi lung 'bum sde/</title>
                <title type="otherTitle" xml:lang="en">[This text has eight chapters, laid out as separate texts in Degé, and numbered 841 (1-8) in Toh, but here all included under this title]</title>
            <title type="articleTitle" xml:lang="en">Eight Great Sections [starting with] The Quintessence of Great Accomplishment Whereby All Things Have the Nature of the Five Nectars (Kangyur Section)</title>
                </titleStmt>
            <editionStmt>
                <edition>v 0.1.1 <date>2023</date></edition>
            </editionStmt>
            <publicationStmt>
                <p>Published in 84000 Reading Room</p>
                <availability status="2.a"/><idno xml:id="O1JC114941JC12592"/>
                <idno type="eft-kb-id">eight-great-sections-starting-with-quintessence</idno>
                <date>2010</date>
            </publicationStmt>
            <sourceDesc work="W22084" sort-index="19">
                <p>Derived from previous outline file from TBRC</p>
                <bibl>
                    <idno parent-id="O1JC114941JC20566"/>
                </bibl>
            </sourceDesc>
            <notesStmt/>
            <revisionDesc>
            
                <change who="#admin" when="2023-07-30T22:39:48.323Z" type="text-version" status="0.1.1" xml:id="O1JC114941JC12592-4">
                    <desc>TEI migrated to 2.19.0</desc>
                </change>
            </revisionDesc>
        </fileDesc>
    </teiHeader>
    <text>
        <front>
            <div type="abstract">
                <p tid="1">[This text has eight chapters, laid out as separate texts in Degé, and numbered 841 (1-8) in Toh, but here all included under this title]</p>
            </div>
        </front>
        <body><div type="article"><head type="article" tid="6">Eight Great Sections [starting with] The Quintessence of Great Accomplishment Whereby All Things Have the Nature of the Five Nectars</head><div type="section" xml:id="O1JC114941JC12592-article-1"><head type="section" tid="2">Article Section Heading</head><milestone unit="chunk" xml:id="O1JC114941JC12592-1"/><p rend="default-text" tid="3">Here's a paragraph to get you started. Replace this as you wish<note place="end" xml:id="O1JC114941JC12592-2">This is a ready-made footnote.</note>.</p></div></div></body>
        <back><div type="listBibl"><head type="listBibl" tid="4">Bibliography</head><div type="section" xml:id="O1JC114941JC12592-listBibl-1"><head type="section" tid="5">Bibliography Section Heading</head><bibl rend="default-text" xml:id="O1JC114941JC12592-3">This is a sample bibliographic reference with a <ref target="https://read.84000.co/translation/toh46.html">link example</ref>.</bibl></div></div><div type="glossary"><list type="glossary"/></div></back>
    </text>
</TEI>