<?xml-model href="../schema/current/section.rng" schematypens="http://relaxng.org/ns/structure/1.0"?><TEI xmlns="http://www.tei-c.org/ns/1.0" xmlns:xi="http://www.w3.org/2001/XInclude">
    <teiHeader>
        <fileDesc type="section">
            <titleStmt>
                <title type="mainTitle" xml:lang="Bo-Ltn">dus 'khor 'grel bshad/</title>
                <title type="mainTitle" xml:lang="Sa-Ltn">Kālacakra­ṭīkā (Vimala­prabhā)</title>
                <title type="mainTitle" xml:lang="en">Wheel of Time Commentary</title>
            <title type="articleTitle" xml:lang="en">Wheel of Time Commentary (Kangyur Section)</title>
                </titleStmt>
            <editionStmt>
                <edition>v 0.1.1 <date>2023</date></edition>
            </editionStmt>
            <publicationStmt>
                <p>Published in 84000 Reading Room</p>
                <availability status="1"/><idno xml:id="O1JC114941JC20567"/>
                <idno type="eft-kb-id">wheel-time-commentary</idno>
                <date>2010</date>
            </publicationStmt>
            <sourceDesc work="W22084" sort-index="20">
                <p>Derived from previous outline file from TBRC</p>
                <bibl>
                    <idno parent-id="O1JC114941JC14716"/>
                </bibl>
            </sourceDesc>
            <notesStmt/>
            <revisionDesc>
            
                <change who="#admin" when="2023-07-30T22:39:48.323Z" type="text-version" status="0.1.1" xml:id="O1JC114941JC20567-8">
                    <desc>TEI migrated to 2.19.0</desc>
                </change>
            </revisionDesc>
        </fileDesc>
    </teiHeader>
    <text>
        <front>
            <div type="abstract">
                <p tid="1">A single commentary on the Kālacakratantra, traditionally accorded its own section in the 
                    Kangyur despite being a treatise or śāstra (Toh 845); it is also found in the Tengyur (Toh 1347). </p>
            </div>
        </front>
        <body>
            <div type="article">
                <head type="article" tid="7">Wheel of Time Commentary</head>
                <div type="section" xml:id="O1JC114941JC20567-article-1">
                    <milestone unit="chunk" xml:id="O1JC114941JC20567-1"/>
                    <p tid="2">This section is one of the traditional primary divisions of the Degé Kangyur, despite only containing a
                        single text which is not, strictly speaking, Buddha-word, being a treatise. The Lithang, Degé, and Urga
                        Kangyurs include this text, which in most other cases is found only in the Tengyur. </p>
                    <milestone unit="chunk" xml:id="O1JC114941JC20567-2"/>
                    <p tid="3">The text in question is the <title xml:lang="Sa-Ltn">Vimalaprabhā</title> (<title xml:lang="Bo-Ltn">dri med
                        ’od</title>), a commentary on the <title xml:lang="Sa-Ltn">Laghutantra</title> of the Kālacakra said to have been written
                        by King Puṇḍarīka, eighth king of Shambhala and son of King Yaśas (who compiled the 
                        <title xml:lang="Sa-Ltn">Laghutantra</title> itself, Toh 362). It was first translated into Tibetan from
                        Sanskrit in the 11th century by the Kashmiri scholar Somanātha and Sherab Trak, and later revised by
                        Zhangtön Dodé Pal, Tsultrim Dar, and Shongtön.</p>
                    <milestone unit="chunk" xml:id="O1JC114941JC20567-3"/>
                    <p tid="4">The <foreign type="term" xml:lang="Bo-Ltn">dkar chags</foreign> explains that “although it belongs with the
                        treatises, as it is the sovereign of all the tantra commentaries that unravel the most definitive, secret,
                        highest of all mantra systems, it has been published here—just as past scholars have placed it—in order to
                        honor it as the equivalent of the Teacher’s own word.”</p>
                    <milestone unit="chunk" xml:id="O1JC114941JC20567-4"/>
                    <p tid="5">The division is placed by the compilers of the Tōhoku catalogue between the Old Tantras and the
                        Incantations, and although it appears to be intended to come right at the end of the Degé Kangyur, as its
                        final fifth chapter shares a volume with the Kangyur <foreign type="term" xml:lang="Bo-Ltn">dkar
                            chags</foreign> (catalogue), we have placed it here along with the other Tantra sections for
                        convenience and to maintain the sequence of Toh numbers.</p>
                    <milestone unit="chunk" xml:id="O1JC114941JC20567-5"/>
                    <p tid="9">It is also reproduced in the Non-Dual Tantra section of the Tengyur (Toh 1347).</p>
                    <lb/>
                    <milestone unit="chunk" xml:id="O1JC114941JC20567-6"/>
                    <p tid="10">The commentary is divided into five main chapters corresponding to the chapters of the 
                        <title xml:lang="Sa-Ltn">Laghutantra</title> itself: </p>
                    <p tid="11">1. The Extensive Commentary on the World System Chapter <lb/>
                    2. The Extensive Commentary on the Inner Chapter <lb/>
                    3. The Extensive Commentary on the Sādhana Chapter <lb/>
                    4. The Extensive Commentary on the Empowerment Chapter <lb/>
                    5. The Extensive Commentary on the Gnosis Chapter. </p>
                </div>
            </div>
        </body>
        <back><div type="listBibl"><head type="listBibl" tid="12">Bibliography</head><div type="section" xml:id="O1JC114941JC20567-listBibl-1"><head type="section" tid="13">Bibliography Section Heading</head><bibl rend="default-text" xml:id="O1JC114941JC20567-7">This is a sample bibliographic reference with a <ref target="https://read.84000.co/translation/toh46.html">link example</ref>.</bibl></div></div><div type="glossary"><list type="glossary"/></div></back>
    </text>
</TEI>