<?xml-model href="../schema/current/section.rng" schematypens="http://relaxng.org/ns/structure/1.0"?><TEI xmlns="http://www.tei-c.org/ns/1.0">
    <teiHeader>
        <fileDesc type="grouping">
            <titleStmt>
                <title type="mainTitle" xml:lang="Bo-Ltn">dus 'khor 'grel bshad dri med 'od/</title>
                <title type="mainTitle" xml:lang="Sa-Ltn">vimalaprabhā­nāmakālacakra­tantraṭīkā</title>
                <title type="mainTitle" xml:lang="en">The Kālacakra Commentary, 'Stainless Light'</title>
                <title type="otherTitle" xml:lang="Bo-Ltn">bsdus pa'i rgyud kyi rgyal po dus kyi 'khor lo'i 'grel bshad rtsa ba'i rgyud kyi rjes su 'jug pa stong phrag bcu gnyis pa dri ma med pa'i 'od/</title>
                <title type="otherTitle" xml:lang="Sa-Ltn">vimalaprabhā­nāma­mūlatantrānusāriṇīdvādaśa­sāhasrikā laghukālacakra­tantrarājaṭīkā</title>
            </titleStmt>
            <publicationStmt>
                <p>Published in 84000 Reading Room</p>
                <idno xml:id="O1JC114941JC12875"/>
                <date>2010</date>
            </publicationStmt>
            <sourceDesc work="W22084" sort-index="21">
                <p>Derived from previous outline file from TBRC</p>
                <bibl>
                    <idno parent-id="O1JC114941JC20567"/>
                </bibl>
            </sourceDesc>
            <notesStmt>
                <note type="lastUpdated" date-time="2019-05-21T15:37:20.819Z" user="celso">21/05/2019 15:37:20</note>
            </notesStmt>
        </fileDesc>
    </teiHeader>
    <text>
        <front/>
        <body>
            <div type="about">
                <head type="about" tid="4">Vimalaprabhā</head>
                <div type="section">
                    <milestone unit="chunk" xml:id="O1JC114941JC12875-1"/>
                    <p tid="1">The <title xml:lang="Sa-Ltn">Vimalaprabhā</title> (<title xml:lang="Bo-Ltn">dri med ’od</title>) is a
                        commentary on the <title xml:lang="Sa-Ltn">Laghutantra</title> of the Kālacakra said to have been written
                        by King Puṇḍarīka, eighth king of Shambhala and son of King Yaśas (who compiled the <title xml:lang="Sa-Ltn">Laghutantra</title> itself). It was first translated into Tibetan from Sanskrit in
                        the 11th century by the Kashmiri scholar Somanātha and Sherab Trak, and later revised by Zhangtön Dodé
                        Pal, Tsultrim Dar, and Shongtön.</p>
                    <milestone unit="chunk" xml:id="O1JC114941JC12875-2"/>
                    <p tid="2">The <foreign xml:lang="Bo-Ltn">dkar chags</foreign> explains that “although it belongs with the treatises,
                        as it is the sovereign of all the tantra commentaries that unravel the most definitive, secret, highest of
                        all mantra systems, it has been published here—just as past scholars have placed it—in order to honor it
                        as the equivalent of the Teacher’s own word.” It also integrates the text of the <title xml:lang="Sa-Ltn">Laghutantra</title>.</p>
                    <milestone unit="chunk" xml:id="O1JC114941JC12875-3"/>
                    <p tid="3">The division is placed by the compilers of the Tōhoku catalogue between the Old Tantras and the
                        Incantations, and although it is clearly intended to come right at the end of the Degé Kangyur, as its
                        final fifth chapter shares a volume with the Kangyur <foreign xml:lang="Bo-Ltn">dkar chags</foreign>
                        (catalogue), we have placed it here along with the other Tantra sections for convenience and to maintain
                        the sequence of Toh numbers.</p>
                </div>
            </div>
        </body>
    </text>
</TEI>