<?xml-model href="../schema/current/section.rng" schematypens="http://relaxng.org/ns/structure/1.0"?><TEI xmlns="http://www.tei-c.org/ns/1.0">
    <teiHeader>
        <fileDesc type="section">
            <titleStmt>
                <title type="mainTitle" xml:lang="Bo-Ltn">gzungs/</title>
                <title type="mainTitle" xml:lang="Sa-Ltn">Dhāraṇī</title>
                <title type="mainTitle" xml:lang="en">Incantations</title>
            </titleStmt>
            <publicationStmt>
                <p>Published in 84000 Reading Room</p>
                <idno xml:id="O1JC114941JC14717"/>
                <date>2010</date>
            </publicationStmt>
            <sourceDesc work="W22084" sort-index="22">
                <p>Derived from previous outline file from TBRC</p>
                <bibl>
                    <idno parent-id="O1JC11494"/>
                </bibl>
            </sourceDesc>
            <notesStmt>
                <note type="lastUpdated" date-time="2019-05-21T15:41:02.227Z" user="celso">21/05/2019 15:41:02</note>
            </notesStmt>
        </fileDesc>
    </teiHeader>
    <text>
        <front>
            <div type="abstract">
                <p tid="1">Short sūtra or tantra texts used mainly for ritual purposes, mostly structured around an incantation in
                    Sanskrit, its uses and the story of its origin (Toh 846-1108).</p>
            </div>
        </front>
        <body>
            <div type="about">
                <head type="about" tid="3">Incantations</head>
                <div type="section">
                    <milestone unit="chunk" xml:id="O1JC114941JC14717-1"/>
                    <p tid="2">This broad section of Incantations, which corresponds to the <title xml:lang="Bo-Ltn">gzungs ’dus</title>
                        division of the Degé Kangyur, contains two subdivisions: the Compendium of Incantations, a collection of
                        249 <foreign type="term" xml:lang="Sa-Ltn">dhāraṇī</foreign> incantations themselves (Toh 846-1093), and a
                        small group of 15 texts (Toh 1094-1108) included at the end of the section as a whole by way of dedication
                        and aspiration prayers.</p>
                </div>
            </div>
        </body>
    </text>
</TEI>