<?xml-model href="../schema/current/section.rng" schematypens="http://relaxng.org/ns/structure/1.0"?><TEI xmlns="http://www.tei-c.org/ns/1.0" xmlns:xi="http://www.w3.org/2001/XInclude">
    <teiHeader>
        <fileDesc type="section">
            <titleStmt>
                <title type="articleTitle" xml:lang="en">Aspiration (Kangyur Section)</title>
                <title type="mainTitle" xml:lang="en">Aspiration</title>
                <title type="mainTitle" xml:lang="Sa-Ltn">Praṇidhāna</title>
                <title type="mainTitle" xml:lang="Bo-Ltn">bsngo smon/</title>
            </titleStmt>
            <editionStmt>
                <edition>v 0.1.2 <date>2023</date></edition>
            </editionStmt>
            <publicationStmt>
                
                <availability status="1"/>
                <idno xml:id="O1JC114941JC20569"/>
                <idno type="eft-kb-id">aspiration</idno>
                <date>2023-10-06</date>
                <p>Published in 84000 Reading Room</p>
            </publicationStmt>
            <sourceDesc work="W22084" sort-index="24">
                <p>Derived from previous outline file from TBRC</p>
                <bibl>
                    <idno parent-id="O1JC114941JC14717"/>
                </bibl>
            </sourceDesc>
            <notesStmt/>
            <revisionDesc>
            
                <change who="#admin" when="2023-07-30T22:39:48.323Z" type="text-version" status="0.1.1" xml:id="O1JC114941JC20569-2">
                    <desc>TEI migrated to 2.19.0</desc>
                </change>
                <change who="#john" when="2023-10-06T11:10:30.418Z" type="text-version" status="0.1.2" xml:id="O1JC114941JC20569-5">
                    <desc>Updated with additional material and links.</desc>
                </change>
            </revisionDesc>
        </fileDesc>
    </teiHeader>
    <text>
        <front>
            <div type="abstract">
                <p tid="1">Canonical aspiration and dedication prayers to conclude the Compendium of Dhāraṇīs (Toh 1094-1108).</p>
            </div>
        </front>
        <body>
            <div type="article">
                <head type="article" tid="4">Aspiration</head>
                <div type="section" xml:id="O1JC114941JC20569-article-1">
                    <milestone unit="chunk" xml:id="EFT-KB-DHARANIS-KANGYUR-SECTION-1"/>
                    <p tid="8">Fifteen works that bring the Dhāraṇī section to a conclusion with aspiration prayers, dedication, and expressions of auspiciousness.</p>
                    <milestone unit="chunk" xml:id="EFT-KB-DHARANIS-KANGYUR-SECTION-101"/>
                    <p tid="9">Most of these works are extracts from longer texts found elsewhere in the Kangyur, and all but two are themselves duplicated, as well, in
                        other Kangyur sections. </p>
                    <milestone unit="chunk" xml:id="O1JC114941JC20569-3"/>
                    <p tid="10">Of the two works that are not duplicates of works elsewhere in the
                        Kangyur, the <title xml:lang="en">Prayer of Maitreya</title> (<title xml:lang="Bo-Ltn">byams pa’i smon lam</title>, Toh 1096) is 
                        excerpted from <title xml:lang="en"><ref target="https://read.84000.co/translation/toh85.html">The Question of Maitreya (1)</ref></title> 
                        (<title xml:lang="Sa-Ltn">Maitreya­paripṛcchā</title>, Toh 85) in the Heap of Jewels section, and only <title xml:lang="en">The Prayer of
                            Sublime Action</title> (<title xml:lang="Bo-Ltn">mchog gi spyod pa’i smon lam</title>, Toh 1097), is a text entirely unique to this section.</p>
                    <milestone unit="chunk" xml:id="O1JC114941JC20569-4"/>
                    <p tid="11">There is another set of aspiration and dedication prayers found in the Degé Kangyur in a 
                        <ref target="https://read.84000.co/section/O1JC114941JC21416.html">Dedication-aspiration</ref> 
                        subdivision at the end of the Tantra Collection 
                        (<foreign xml:lang="Bo-Ltn">rgyud ’bum</foreign>), Toh 809–827. In Kangyurs of the Themphangma lineage, there is also a group of
                    aspiration and dedication prayers at the end of the Discipline (Vinaya) section.</p>
                </div>
                <!--<div type="section" xml:id="O1JC114941JC20569-about-1">
                    <milestone unit="chunk" xml:id="O1JC114941JC20569-1"/>
                    <p tid="2">Fifteen works that bring the Incantations section to a conclusion with aspiration prayers, dedication, and
                        expressions of auspiciousness.</p>
                    <p tid="3">Only two of these works, the <title xml:lang="en">Prayer of Maitreya</title> (<title xml:lang="Bo-Ltn">byams pa’i smon lam</title>, Toh 1096) and <title xml:lang="en">Prayer of Sublime Action</title>
                            (<title xml:lang="Bo-Ltn">mchog gi spyod pa’i smon lam</title>, Toh 1097), are unique to this section
                        and not duplicates of works elsewhere in the Kangyur.</p>
                </div>-->
            </div>
        </body>
        <back><div type="listBibl"><head type="listBibl" tid="6">Bibliography</head><div type="section" xml:id="O1JC114941JC20569-listBibl-1"><head type="section" tid="7">Bibliography Section Heading</head><bibl rend="default-text" xml:id="O1JC114941JC20569-1">This is a sample bibliographic reference with a <ref target="https://read.84000.co/translation/toh46.html">link example</ref>.</bibl></div></div><div type="glossary"><list type="glossary"/></div></back>
    </text>
</TEI>