<?xml-model href="../schema/current/section.rng" schematypens="http://relaxng.org/ns/structure/1.0"?><TEI xmlns="http://www.tei-c.org/ns/1.0" xmlns:xi="http://www.w3.org/2001/XInclude">
    <teiHeader>
        <fileDesc type="grouping">
            <titleStmt>
                <title type="mainTitle" xml:lang="Bo-Ltn">sde dge'i bka' 'gyur dkar chag</title>
                <title type="mainTitle" xml:lang="Sa-Ltn"/>
                <title type="mainTitle" xml:lang="en">The Derge Kangyur Catalogue</title>
                <title type="otherTitle" xml:lang="Bo-Ltn">bde bar gshegs pa'i bka' gangs can gyi brdas drangs pa'i phyi mo'i tshogs ji snyed pa par du bsgrubs pa'i tshul las nye bar brtsams pa'i gtam bzang po blo ldan mos pa'i kun+da yongs su kha bye ba'i zla 'od gzhon nu'i 'khri shing /</title>
            <title type="articleTitle" xml:lang="en">The Derge Kangyur Catalogue (Kangyur Section)</title>
                </titleStmt>
            <editionStmt>
                <edition>v 0.1.1 <date>2023</date></edition>
            </editionStmt>
            <publicationStmt>
                <p>Published in 84000 Reading Room</p>
                <availability status="2.a"/><idno xml:id="O1JC114941JC12882"/>
                <idno type="eft-kb-id">derge-kangyur-catalogue</idno>
                <date>2010</date>
            </publicationStmt>
            <sourceDesc work="W22084" sort-index="26">
                <p>Derived from previous outline file from TBRC</p>
                <bibl>
                    <idno parent-id="O1JC114941JC14718"/>
                </bibl>
            </sourceDesc>
            <notesStmt/>
            <revisionDesc>
            
                <change who="#admin" when="2023-07-30T22:39:48.323Z" type="text-version" status="0.1.1" xml:id="O1JC114941JC12882-4">
                    <desc>TEI migrated to 2.19.0</desc>
                </change>
            </revisionDesc>
        </fileDesc>
    </teiHeader>
    <text>
        <front/>
        <body><div type="article"><div type="section" xml:id="O1JC114941JC12882-article-1"><head type="section" tid="1">Article Section Heading</head><milestone unit="chunk" xml:id="O1JC114941JC12882-1"/><p rend="default-text" tid="2">Here's a paragraph to get you started. Replace this as you wish<note place="end" xml:id="O1JC114941JC12882-2">This is a ready-made footnote.</note>.</p></div></div></body>
        <back><div type="listBibl"><head type="listBibl" tid="3">Bibliography</head><div type="section" xml:id="O1JC114941JC12882-listBibl-1"><head type="section" tid="4">Bibliography Section Heading</head><bibl rend="default-text" xml:id="O1JC114941JC12882-3">This is a sample bibliographic reference with a <ref target="https://read.84000.co/translation/toh46.html">link example</ref>.</bibl></div></div><div type="glossary"><list type="glossary"/></div></back>
    </text>
</TEI>