<?xml-model href="../schema/current/section.rng" schematypens="http://relaxng.org/ns/structure/1.0"?><TEI xmlns="http://www.tei-c.org/ns/1.0" xmlns:xi="http://www.w3.org/2001/XInclude">
    <teiHeader>
        <fileDesc type="section">
            <titleStmt>
                <title type="mainTitle" xml:lang="Bo-Ltn"/>
                <title type="mainTitle" xml:lang="Sa-Ltn"/>
                <title type="mainTitle" xml:lang="en">The Tengyur</title>
                <title type="mainTitle" xml:lang="bo">བསྟན་འགྱུར།</title>
                <title type="otherTitle" xml:lang="">bstan 'gyur (sde dge)</title>
            </titleStmt>
            <editionStmt>
                <edition>v 0.1.1 <date>2023</date></edition>
            </editionStmt>
            <publicationStmt>
                <p>Published in 84000 Reading Room</p>
                <availability status="1"/><idno xml:id="O1JC7630"/>
                <idno type="eft-kb-id">tengyur</idno>
                <date>2010</date>
            </publicationStmt>
            <sourceDesc work="W23703" sort-index="2">
                <p>Derived from previous outline file from TBRC</p>
                <bibl>
                    <idno parent-id="LOBBY"/>
                </bibl>
            </sourceDesc>
            <notesStmt/>
            <revisionDesc>
            
                <change who="#admin" when="2023-07-30T22:39:48.323Z" type="text-version" status="0.1.1" xml:id="O1JC7630-4">
                    <desc>TEI migrated to 2.19.0</desc>
                </change>
            </revisionDesc>
        </fileDesc>
    </teiHeader>
    <text>
        <front>
            <div type="abstract">
                <p tid="1">The collected treatises: the Tibetan translations of scriptural works by the great Indian Buddhist masters.</p>
            </div>
        </front>
        <body>
            <div type="article">
                <head type="article" tid="4">The Tengyur</head>
                <div type="section" xml:id="O1JC7630-article-1">
                    <milestone unit="chunk" xml:id="O1JC7630-1"/>
                    <p tid="2">Brief guides to the Tengyur and its subdivisions will be added to this “Learn more...” button, and those
                        within the various section views, over the coming months.</p>
                    <milestone unit="chunk" xml:id="O1JC7630-2"/>
                    <p tid="3">As noted above, the Tengyur is included in this version of the Reading Room “lobby” for preliminary
                        reference and gradual development, although 84000 (with the exception of a single project) has not yet
                        started to focus resources on Tengyur translations. Even the “lobby” details of this Tengyur section—the
                        titles, etc.—require extensive editing.</p>
                </div>
            </div>
        </body>
        <back><div type="listBibl"><head type="listBibl" tid="5">Bibliography</head><div type="section" xml:id="O1JC7630-listBibl-1"><head type="section" tid="6">Bibliography Section Heading</head><bibl rend="default-text" xml:id="O1JC7630-3">This is a sample bibliographic reference with a <ref target="https://read.84000.co/translation/toh46.html">link example</ref>.</bibl></div></div><div type="glossary"><list type="glossary"/></div></back>
    </text>
</TEI>