<?xml-model href="../schema/current/section.rng" schematypens="http://relaxng.org/ns/structure/1.0"?><TEI xmlns="http://www.tei-c.org/ns/1.0">
    <teiHeader>
        <fileDesc type="section">
            <titleStmt>
                <title type="mainTitle" xml:lang="Bo-Ltn">shes rab kyi rgyud/</title>
                <title type="mainTitle" xml:lang="Sa-Ltn"/>
                <title type="mainTitle" xml:lang="en">Wisdom tantra</title>
                </titleStmt>
            <publicationStmt>
                <p>Published in 84000 Reading Room</p>
                <idno xml:id="O1JC76301JC21615"/>
                <date>2010</date>
            </publicationStmt>
            <sourceDesc work="W23703" sort-index="6">
                <p>Derived from previous outline file from TBRC</p>
                <bibl>
                    <idno parent-id="O1JC76301JC21609"/>
                </bibl>
            </sourceDesc>
            <notesStmt>
                <note type="lastUpdated" date-time="2019-12-12T10:40:30.665Z" user="john">12/12/2019 10:40:30</note>
            </notesStmt>
        </fileDesc>
    </teiHeader>
    <text>
        <front>
            <div type="abstract">
                <p tid="1">Commentaries and liturgical works related to the mother tantras, centered on a range of deities divided into
                    six main families (Toh 1401-1783)</p>
            </div>
        </front>
        <body>
            <div type="about">
                <head type="about" tid="6">Wisdom tantra</head>
                <div type="section">
                    <milestone unit="chunk" xml:id="O1JC76301JC21615-1"/>
                    <p tid="2">Wisdom, or “mother” tantras (<foreign xml:lang="Bo-Ltn">ma’i rgyud</foreign>), are a subset of Unexcelled
                        Yoga tantras in which, it is said, the emphasis is on wisdom more than skillful means, the profound more
                        than the vast, seeing the deity as the channels, energies and essences more than as the aggregates,
                        elements, and sense-fields, relying more on the practice of <foreign xml:lang="Bo-Ltn">gtum mo</foreign>
                        and bliss than on practices of the channels and energies, and in which female deities are more numerous
                        than male. They are often also called yoginī tantras (<title xml:lang="Bo-Ltn">rnal ’byor ma’i
                            rgyud</title>).</p>
                    <milestone unit="chunk" xml:id="O1JC76301JC21615-2"/>
                    <p tid="3">The 383 Tengyur works placed in this category by the <foreign xml:lang="Bo-Ltn">dkar chag</foreign> are
                        here divided for convenience into two groups: </p>
                    <milestone unit="chunk" xml:id="O1JC76301JC21615-3"/>
                    <p tid="4">I. the 206 works on the tantras related to Śaṃvara or Cakrasaṃvara and his consort Vajrayoginī or
                        Vajravārāhī (Toh 1401-1606); and</p>
                    <milestone unit="chunk" xml:id="O1JC76301JC21615-4"/>
                    <p tid="5">II. the 177 works on the other wisdom tantras, those of Catuḥpīṭha, Mahāmāyā, Vajrāmṛta, Buddhakapāla,
                        Buddhasamayoga, and Tāra (Toh 1607-1783).</p>
                </div>
            </div>
        </body>
    </text>
</TEI>