<?xml-model href="../schema/current/section.rng" schematypens="http://relaxng.org/ns/structure/1.0"?><TEI xmlns="http://www.tei-c.org/ns/1.0">
    <teiHeader>
        <fileDesc type="section">
            <titleStmt>
                <title type="mainTitle" xml:lang="Bo-Ltn">shes rab kyi rgyud skor sna tshogs/</title>
                <title type="mainTitle" xml:lang="Sa-Ltn"/>
                <title type="mainTitle" xml:lang="en">Other wisdom tantras</title>
                </titleStmt>
            <publicationStmt>
                <p>Published in 84000 Reading Room</p>
                <idno xml:id="O1JC76301JC21620"/>
                <date>2010</date>
            </publicationStmt>
            <sourceDesc work="W23703" sort-index="8">
                <p>Derived from previous outline file from TBRC</p>
                <bibl>
                    <idno parent-id="O1JC76301JC21615"/>
                </bibl>
            </sourceDesc>
            <notesStmt>
                <note type="lastUpdated" date-time="2019-12-12T10:41:17.717Z" user="john">12/12/2019 10:41:17</note>
            </notesStmt>
        </fileDesc>
    </teiHeader>
    <text>
        <front>
            <div type="abstract">
                <p tid="1">Commentaries and liturgical works related to the Catuḥpīṭha, Mahāmāyā, Vajrāmṛta, Buddhakapāla, Buddhasamayoga,
                    and Tāra mother or yoginī tantras, to mother tantra in general, Avalokiteśvara, Mahākāla amd Acala (Toh
                    1607-1783)</p>
            </div>
        </front>
        <body>
            <div type="about">
                <head type="about" tid="13">Other wisdom tantras</head>
                <div type="section">
                    <milestone unit="chunk" xml:id="O1JC76301JC21620-1"/>
                    <p tid="2">Following the large group of works on the Śaṃvara cycle of wisdom tantra (see previous section) come ten
                        further groups, together occupying 3½ volumes of the Degé Tengyur:</p>
                    <milestone unit="chunk" xml:id="O1JC76301JC21620-2"/>
                    <p tid="3">I. The 15 works on the Catuḥpīṭha (<title xml:lang="Bo-Ltn">dpal gdan bzhi</title>, Toh 1607-1621), of
                        which the first 3 (Toh 1607-1609) are commentaries on the tantra, and the remaining 12 (Toh 1610-1621) are
                        sādhanas of the male and female deities, maṇḍala rituals, works on the perfection stage, etc.</p>
                    <milestone unit="chunk" xml:id="O1JC76301JC21620-3"/>
                    <p tid="4">II. The 27 works on Mahāmāyā (<title xml:lang="Bo-Ltn">sgyu ’phrul chen mo</title>, Toh 1622-1648), of
                        which the first 4 (Toh 1622-1625) are commentaries, and the remaining 23 (Toh 1626-1648) mainly liturgical
                        works.</p>
                    <milestone unit="chunk" xml:id="O1JC76301JC21620-4"/>
                    <p tid="5">III. The 3 works on Vajrāmṛta (<title xml:lang="Bo-Ltn">rdo rje bdud rtsi</title>, Toh 1649-1651), all of
                        which are commentaries on the tantra.</p>
                    <milestone unit="chunk" xml:id="O1JC76301JC21620-5"/>
                    <p tid="6">IV. The 7 works on Buddhakapāla (<title xml:lang="Bo-Ltn">sangs rgyas thod pa</title>, Toh 1652-1658), of
                        which the first 3 (Toh 1652-1654) are commentaries.</p>
                    <milestone unit="chunk" xml:id="O1JC76301JC21620-6"/>
                    <p tid="7">V. The 24 works on Buddhasamayoga (<title xml:lang="Bo-Ltn">sangs rgyas mnyam sbyor</title>, Toh
                        1659-1682), of which the first 5 (Toh 1659-1663) are commentaries on the tantra.</p>
                    <milestone unit="chunk" xml:id="O1JC76301JC21620-7"/>
                    <p tid="8">VI. The 64 works on Tāra (<title xml:lang="Bo-Ltn">sgrol ma</title>) from an Unexcelled yoga tantra
                        perspective, (Toh 1683-1743). The <foreign xml:lang="Bo-Ltn">dkar chag</foreign> counts 63 works here.</p>
                    <milestone unit="chunk" xml:id="O1JC76301JC21620-8"/>
                    <p tid="9">VII. A group of 6 works related to mother tantra in general (<title xml:lang="Bo-Ltn">ma rgyud spyi dang
                            ’brel pa</title>, Toh 1744-1749). </p>
                    <milestone unit="chunk" xml:id="O1JC76301JC21620-9"/>
                    <p tid="10">VIII. Two works (Toh 1750-1751) on the Padmajālatantra (<title xml:lang="Bo-Ltn">pad+ma dra ba</title>,
                        i.e. the <title xml:lang="Bo-Ltn">Avalokiteśvarapadmajālamūlatantra</title>, Toh 681, the root tantra of
                        Avalokiteśvara found in the Kangyur classified among the Action tantras).</p>
                    <milestone unit="chunk" xml:id="O1JC76301JC21620-10"/>
                    <p tid="11">IX. The 30 works on Mahākāla in accordance with mother tantra (<title xml:lang="Bo-Ltn">ma rgyud dang
                            phyogs mthun pa mgon po nag po’i skor</title>, Toh 1752-1781).</p>
                    <milestone unit="chunk" xml:id="O1JC76301JC21620-11"/>
                    <p tid="12">X. Finally, 2 works on Acala (<foreign xml:lang="Bo-Ltn">mi g.yo ba</foreign>, Toh 1782-1783).</p>
                </div>
            </div>
        </body>
    </text>
</TEI>