<?xml-model href="../schema/current/section.rng" schematypens="http://relaxng.org/ns/structure/1.0"?><TEI xmlns="http://www.tei-c.org/ns/1.0">
    <teiHeader>
        <fileDesc type="section">
            <titleStmt>
                <title type="mainTitle" xml:lang="Bo-Ltn">thabs rgyud/</title>
                <title type="mainTitle" xml:lang="Sa-Ltn"/>
                <title type="mainTitle" xml:lang="en">Skillful means tantra</title>
                </titleStmt>
            <publicationStmt>
                <p>Published in 84000 Reading Room</p>
                <idno xml:id="O1JC76301JC21616"/>
                <date>2010</date>
            </publicationStmt>
            <sourceDesc work="W23703" sort-index="9">
                <p>Derived from previous outline file from TBRC</p>
                <bibl>
                    <idno parent-id="O1JC76301JC21609"/>
                </bibl>
            </sourceDesc>
            <notesStmt>
                <note type="lastUpdated" date-time="2019-12-12T10:41:41.912Z" user="john">12/12/2019 10:41:41</note>
            </notesStmt>
        </fileDesc>
    </teiHeader>
    <text>
        <front>
            <div type="abstract">
                <p tid="1">Commentaries and liturgical works related to the father tantras, centered on a range of deities in six main
                    groups (Toh 1784-2216)</p>
            </div>
        </front>
        <body>
            <div type="about">
                <head type="about" tid="6">Skillful means tantra</head>
                <div type="section">
                    <milestone unit="chunk" xml:id="O1JC76301JC21616-1"/>
                    <p tid="2">Skillful means, or “father” tantras (<foreign xml:lang="Bo-Ltn">pha’i rgyud</foreign>), are a subset of
                        Unexcelled Yoga tantras in which, it is said, the emphasis is on skillful means more than on wisdom, the
                        vast more than the profound, seeing the deity as the aggregates, elements, and sense-fields more than the
                        channels, energies and essences, practicing the perfection stage using principally the energies and
                        channels rather than the essences, and in which male deities are more numerous than female.</p>
                    <milestone unit="chunk" xml:id="O1JC76301JC21616-2"/>
                    <p tid="3">The 436 Tengyur works placed in this category by the <foreign xml:lang="Bo-Ltn">dkar chag</foreign> are
                        here divided for convenience into two groups: </p>
                    <milestone unit="chunk" xml:id="O1JC76301JC21616-3"/>
                    <p tid="4">I. The 135 works on the tantras related to Guhyasamāja (Toh 1784-1917); and</p>
                    <milestone unit="chunk" xml:id="O1JC76301JC21616-4"/>
                    <p tid="5">II. The 301 works on the other skillful means tantras, those related to Yamāri, Vajrabhairava,
                        Mañjuśrīnāmasaṃgīti, Ekajaṭa, and Vajrapāṇi (Toh 1918-2216).</p>
                </div>
            </div>
        </body>
    </text>
</TEI>