<?xml-model href="../schema/current/section.rng" schematypens="http://relaxng.org/ns/structure/1.0"?><TEI xmlns="http://www.tei-c.org/ns/1.0" xmlns:xi="http://www.w3.org/2001/XInclude">
    <teiHeader>
        <fileDesc type="section">
            <titleStmt>
                <title type="mainTitle" xml:lang="Bo-Ltn">thabs rgyud gsang 'dus skor/</title>
                <title type="mainTitle" xml:lang="Sa-Ltn"/>
                <title type="mainTitle" xml:lang="en">Guhyasamāja and related tantras</title>
                <title type="articleTitle" xml:lang="en">Guhyasamāja and related tantras (Tengyur Section)</title>
                </titleStmt>
            <editionStmt>
                <edition>v 0.1.1 <date>2023</date></edition>
            </editionStmt>
            <publicationStmt>
                <p>Published in 84000 Reading Room</p>
                <availability status="1"/><idno xml:id="O1JC76301JC21621"/>
                <idno type="eft-kb-id">guhyasamaja-related-tantras</idno>
                <date>2010</date>
            </publicationStmt>
            <sourceDesc work="W23703" sort-index="10">
                <p>Derived from previous outline file from TBRC</p>
                <bibl>
                    <idno parent-id="O1JC76301JC21616"/>
                </bibl>
            </sourceDesc>
            <notesStmt/>
            <revisionDesc>
            
                <change who="#admin" when="2023-07-30T22:39:48.323Z" type="text-version" status="0.1.1" xml:id="O1JC76301JC21621-16">
                    <desc>TEI migrated to 2.19.0</desc>
                </change>
            </revisionDesc>
        </fileDesc>
    </teiHeader>
    <text>
        <front>
            <div type="abstract">
                <p tid="1">Commentaries and liturgical works related to father tantras centered on Guhyasamaja (Toh 1784-1917)</p>
            </div>
        </front>
        <body>
            <div type="article">
                <head type="article" tid="16">Guhyasamāja and related tantras</head>
                <div type="section" xml:id="O1JC76301JC21621-article-1">
                    <milestone unit="chunk" xml:id="O1JC76301JC21621-1"/>
                    <p tid="2">The 135 works in this subsection (Toh 1784-1917), filling 18 volumes of the Degé Tengyur, are all related
                        to the tantras of the Guhyasamāja cycle.</p>
                    <milestone unit="chunk" xml:id="O1JC76301JC21621-2"/>
                    <p tid="3">The <foreign xml:lang="Bo-Ltn">dkar chag</foreign> classifies them in terms of the several Indian
                        commentarial schools, notably those following Nāgārjuna (and Āryadeva), and those following Jñānapāda
                        (also known as Buddhaśrījñāna).</p>
                    <milestone unit="chunk" xml:id="O1JC76301JC21621-3"/>
                    <p tid="4"><label>I.</label> The 59 works representing those who follow Lord Nāgārjuna (<foreign xml:lang="Bo-Ltn">mgon po klu sgrub
                            kyi rjes su ’brang ba’i skor</foreign>), also known as the tradition of the Ārya or Noble Ones
                            (<foreign xml:lang="Bo-Ltn">’phags lugs</foreign>) include:</p>
                    <list type="bullet">
                        <item>
                    <milestone unit="chunk" xml:id="O1JC76301JC21621-4"/>
                    <p tid="5">a) The 12 principal commentaries themselves (Toh 1784-1795). </p></item>
                        <item>
                            <milestone unit="chunk" xml:id="O1JC76301JC21621-5"/>
                    <p tid="6">b) The 30 liturgies, maṇḍala rituals, instructions, and so forth related to them (Toh 1796-1825); Toh 1796
                        and 1797, both by Nāgārjuna, are the best known works explaining the generation stage practices, while
                        Nāgārjuna’s works Toh 1800 and 1801 (the verse and prose versions of his <title xml:lang="Sa-Ltn">Bodhicittavivaraṇa</title>) and 1802 (the <title xml:lang="Sa-Ltn">Pañcakrama</title>), and
                        Āryadeva’s Toh 1803 (<title xml:lang="Sa-Ltn">Caryāmelāpakapradīpa</title>, a commentary on the <title xml:lang="Sa-Ltn">Pañcakrama</title>), are important texts on the perfection stage yogas.</p>
                        </item>
                    <item>
                        <milestone unit="chunk" xml:id="O1JC76301JC21621-6"/>
                        <p tid="7">c) The 17 commentaries on these liturgies, etc. (Toh 1826-1842).</p></item>
                    </list>
                    <milestone unit="chunk" xml:id="O1JC76301JC21621-7"/>
                    <p tid="8"><label>II.</label> The 65 works representing those who follow Master Jñānapāda (<foreign type="term" xml:lang="Bo-Ltn">slob dpon ye shes zhabs kyi rjes su ’brang ba’i skor</foreign>, the school being known as <foreign xml:lang="Bo-Ltn">ye shes zhabs lugs</foreign>; the <foreign xml:lang="Bo-Ltn">dkar chag</foreign>
                        counts 67) include:</p>
                    <list type="bullet">
                        <item>
                    <milestone unit="chunk" xml:id="O1JC76301JC21621-8"/>
                            <p tid="9">a) The 10 commentaries on the individual tantras (Toh 1843-1852);</p></item>
                        <item>
                        <milestone unit="chunk" xml:id="O1JC76301JC21621-9"/>
                            <p tid="10">b) The 13 general instructions, etc. (Toh 1853-1865);</p></item>
                        <item>
                        <milestone unit="chunk" xml:id="O1JC76301JC21621-10"/>
                            <p tid="11">c) The 2 commentaries on those general instructions (Toh 1867-1868);</p></item>
                        <item>
                        <milestone unit="chunk" xml:id="O1JC76301JC21621-11"/>
                            <p tid="12">d) The 40 liturgies, maṇḍala rituals, instructions, and so forth related to them (Toh 1869-1908).</p></item>
                    
                    </list>
                        <milestone unit="chunk" xml:id="O1JC76301JC21621-12"/>
                    <p tid="13"><label>III.</label> The 5 works representing those who follow Master Vajrahasa and others (<foreign type="term" xml:lang="Bo-Ltn">slob dpon rdo rje bzhad pa la sogs pa’i skor</foreign>, the school being known as
                            <foreign xml:lang="Bo-Ltn">bzhad pa’i lugs</foreign>, Toh 1909-1913). The <foreign xml:lang="Bo-Ltn">dkar chag</foreign> states that the first four were, in the past, often attributed to the Jñānapāda
                        tradition, but are incompatible with it.</p>
                    <milestone unit="chunk" xml:id="O1JC76301JC21621-13"/>
                    <p tid="14"><label>IV.</label> The 3 works representing those who follow Bhadrapāda (<foreign type="term" xml:lang="Bo-Ltn">bzang po
                            zhabs kyi rjes su ’brang ba’i skor</foreign>, Toh 1914-1916). The <foreign xml:lang="Bo-Ltn">dkar
                            chag</foreign> again notes that these works were, in the past, included in the Jñānapāda tradition,
                        but that Smṛtijñānakīrti, who translated all three and authored the first two, followed Bhadrapāda’s
                        school.</p>
                    <milestone unit="chunk" xml:id="O1JC76301JC21621-14"/>
                    <p tid="15"><label>V.</label> The single work from Ānandagarbha’s tradition (<title xml:lang="Bo-Ltn">kun dga’ snying po’i
                            lugs</title>, Toh 1917), a commentary on the difficult points of the tantra.</p>
                </div>
            </div>
        </body>
        <back><div type="listBibl"><head type="listBibl" tid="17">Bibliography</head><div type="section" xml:id="O1JC76301JC21621-listBibl-1"><head type="section" tid="18">Bibliography Section Heading</head><bibl rend="default-text" xml:id="O1JC76301JC21621-15">This is a sample bibliographic reference with a <ref target="https://read.84000.co/translation/toh46.html">link example</ref>.</bibl></div></div><div type="glossary"><list type="glossary"/></div></back>
    </text>
</TEI>