<?xml-model href="../schema/current/section.rng" schematypens="http://relaxng.org/ns/structure/1.0"?><TEI xmlns="http://www.tei-c.org/ns/1.0" xmlns:xi="http://www.w3.org/2001/XInclude">
    <teiHeader>
        <fileDesc type="section">
            <titleStmt>
                <title type="mainTitle" xml:lang="Bo-Ltn">bla med rgyud spyi’i dgongs ’grel/</title>
                <title type="mainTitle" xml:lang="Sa-Ltn"/>
                <title type="mainTitle" xml:lang="en">General Unexcelled Yoga tantra works</title>
                <title type="articleTitle" xml:lang="en">General Unexcelled Yoga tantra works (Tengyur Section)</title>
                </titleStmt>
            <editionStmt>
                <edition>v 0.1.1 <date>2023</date></edition>
            </editionStmt>
            <publicationStmt>
                <p>Published in 84000 Reading Room</p>
                <availability status="1"/><idno xml:id="O1JC76301JC21617"/>
                <idno type="eft-kb-id">general-unexcelled-yoga-tantra-works</idno>
                <date>2010</date>
            </publicationStmt>
            <sourceDesc work="W23703" sort-index="14">
                <p>Derived from previous outline file from TBRC</p>
                <bibl>
                    <idno parent-id="O1JC76301JC21609"/>
                </bibl>
            </sourceDesc>
            <notesStmt/>
            <revisionDesc>
            
                <change who="#admin" when="2023-07-30T22:39:48.323Z" type="text-version" status="0.1.1" xml:id="O1JC76301JC21617-7">
                    <desc>TEI migrated to 2.19.0</desc>
                </change>
            </revisionDesc>
        </fileDesc>
    </teiHeader>
    <text>
        <front>
            <div type="abstract">
                <p tid="1">Commentaries on the Unexcelled Yoga tantras in general (Toh 2217-2500)</p>
            </div>
        </front>
        <body>
            <div type="article">
                <head type="article" tid="7">General Unexcelled Yoga works</head>
                <div type="section" xml:id="O1JC76301JC21617-article-1">
                    <milestone unit="chunk" xml:id="O1JC76301JC21617-1"/>
                    <p tid="2">The next 284 works (Toh 2217-2500, filling 3 volumes) are described in the <foreign xml:lang="Bo-Ltn">dkar
                            chag</foreign> as belonging to the group of commentaries on Unexcelled Yoga tantra in general
                            (<foreign xml:lang="Bo-Ltn">rnal ’byor bla na med pa’i rgyud spyi’i dgongs ’grel gyi skor</foreign>),
                        dealing with the view, meditation, action, and fruit.</p>
                    <milestone unit="chunk" xml:id="O1JC76301JC21617-2"/>
                    <p tid="3">That description seems to apply particularly to the first 46 works (Toh 2217-2262) on a variety of topics
                        related to tantra practice.</p>
                    <milestone unit="chunk" xml:id="O1JC76301JC21617-3"/>
                    <p tid="4">These are followed by a series of 52 works (Toh 2263-2314) that teach Mahāmudrā, including songs (<foreign xml:lang="Sa-Ltn">dohā</foreign>) by Saraha, Tilopa, Nāropa, and Virūpa.</p>
                    <milestone unit="chunk" xml:id="O1JC76301JC21617-4"/>
                    <p tid="5">The following 11 works (Toh 2315-2325) are a group of pith-instructions on the tradition of “Pacifying”
                            (<foreign xml:lang="Bo-Ltn">zhi byed</foreign>).</p>
                    <milestone unit="chunk" xml:id="O1JC76301JC21617-5"/>
                    <p tid="6">The topics of the remaining 175 works (Toh 2326-2500) in this section are not clearly set out in the
                            <foreign xml:lang="Bo-Ltn">dkar chag</foreign>, although the first few works appear to belong to a
                        group on the development stage (<foreign xml:lang="Bo-Ltn">bskyed rim gyi skor</foreign>) whose end is not
                        marked. The verse conclusion of the section mentions that these texts deal with the view and practice of
                        Unexcelled Yoga tantra, the meaning of empowerment, the vows and samayas, gaṇacakra, consecration, and so
                        forth.</p>
                </div>
            </div>
        </body>
        <back><div type="listBibl"><head type="listBibl" tid="8">Bibliography</head><div type="section" xml:id="O1JC76301JC21617-listBibl-1"><head type="section" tid="9">Bibliography Section Heading</head><bibl rend="default-text" xml:id="O1JC76301JC21617-6">This is a sample bibliographic reference with a <ref target="https://read.84000.co/translation/toh46.html">link example</ref>.</bibl></div></div><div type="glossary"><list type="glossary"/></div></back>
    </text>
</TEI>