<?xml-model href="../schema/current/section.rng" schematypens="http://relaxng.org/ns/structure/1.0"?><TEI xmlns="http://www.tei-c.org/ns/1.0">
    <teiHeader>
        <fileDesc type="section">
            <titleStmt>
                <title type="mainTitle" xml:lang="Bo-Ltn">rnal ’byor gyi rgyud/</title>
                <title type="mainTitle" xml:lang="Sa-Ltn">Yogatantra</title>
                <title type="mainTitle" xml:lang="en">Yoga tantra</title>
                </titleStmt>
            <publicationStmt>
                <p>Published in 84000 Reading Room</p>
                <idno xml:id="O1JC76301JC21610"/>
                <date>2010</date>
            </publicationStmt>
            <sourceDesc work="W23703" sort-index="16">
                <p>Derived from previous outline file from TBRC</p>
                <bibl>
                    <idno parent-id="O1JC76301JC7704"/>
                </bibl>
            </sourceDesc>
            <notesStmt>
                <note type="lastUpdated" date-time="2019-12-12T10:44:17.279Z" user="john">12/12/2019 10:44:17</note>
            </notesStmt>
        </fileDesc>
    </teiHeader>
    <text>
        <front>
            <div type="abstract">
                <p tid="1">Commentaries on tantras of the Yoga class based mainly on meditational practices (Toh 2503-2661).</p>
            </div>
        </front>
        <body/>
    </text>
</TEI>