<?xml-model href="../schema/current/section.rng" schematypens="http://relaxng.org/ns/structure/1.0"?><TEI xmlns="http://www.tei-c.org/ns/1.0">
    <teiHeader>
        <fileDesc type="section">
            <titleStmt>
                <title type="mainTitle" xml:lang="Bo-Ltn">bya ba'i rgyud/</title>
                <title type="mainTitle" xml:lang="Sa-Ltn">Kriyātantra</title>
                <title type="mainTitle" xml:lang="en">Action tantra</title>
                </titleStmt>
            <publicationStmt>
                <p>Published in 84000 Reading Room</p>
                <idno xml:id="O1JC76301JC21612"/>
                <date>2010</date>
            </publicationStmt>
            <sourceDesc work="W23703" sort-index="18">
                <p>Derived from previous outline file from TBRC</p>
                <bibl>
                    <idno parent-id="O1JC76301JC7704"/>
                </bibl>
            </sourceDesc>
            <notesStmt>
                <note type="lastUpdated" date-time="2019-12-12T10:44:59.518Z" user="john">12/12/2019 10:44:59</note>
            </notesStmt>
        </fileDesc>
    </teiHeader>
    <text>
        <front>
            <div type="abstract">
                <p tid="1">Commentaries on tantras of the Action class, mainly emphasizing external worship and ritual, and classified into six “families” of principal deities (Toh 2670-3139).</p>
            </div>
        </front>
        <body/>
    </text>
</TEI>