<?xml-model href="../schema/current/section.rng" schematypens="http://relaxng.org/ns/structure/1.0"?><TEI xmlns="http://www.tei-c.org/ns/1.0">
    <teiHeader>
        <fileDesc type="section">
            <titleStmt>
                <title type="mainTitle" xml:lang="Bo-Ltn">phreng skor gsum/</title>
                <title type="mainTitle" xml:lang="Sa-Ltn"/>
                <title type="mainTitle" xml:lang="en">The Three Rosaries of Abhayākaragupta</title>
                </titleStmt>
            <publicationStmt>
                <p>Published in 84000 Reading Room</p>
                <idno xml:id="O1JC76301JC21625"/>
                <date>2010</date>
            </publicationStmt>
            <sourceDesc work="W23703" sort-index="22">
                <p>Derived from previous outline file from TBRC</p>
                <bibl>
                    <idno parent-id="O1JC76301JC21613"/>
                </bibl>
            </sourceDesc>
            <notesStmt>
                <note type="lastUpdated" date-time="2021-02-04T18:59:11.046Z" user="john">04/02/2021 18:59:11</note>
            </notesStmt>
        </fileDesc>
    </teiHeader>
    <text>
        <front>
            <div type="abstract">
                <p tid="1">Three systematizing works by Abhayākaragupta (d. 1125), the great Bengali scholar and abbot of Vikramaśīla (Toh 3140-3143)</p>
            </div>
        </front>
        <body/>
    </text>
</TEI>