<?xml-model href="../schema/current/section.rng" schematypens="http://relaxng.org/ns/structure/1.0"?><TEI xmlns="http://www.tei-c.org/ns/1.0">
    <teiHeader>
        <fileDesc type="section">
            <titleStmt>
                <title type="mainTitle" xml:lang="Bo-Ltn">pa tshab kyis bsgyur ba'i sgrub thabs rgya rtsa/</title>
                <title type="mainTitle" xml:lang="Sa-Ltn"/>
                <title type="mainTitle" xml:lang="en">The “Hundred” Sādhanas translated by Patshab</title>
                </titleStmt>
            <publicationStmt>
                <p>Published in 84000 Reading Room</p>
                <idno xml:id="O1JC76301JC21628"/>
                <date>2010</date>
            </publicationStmt>
            <sourceDesc work="W23703" sort-index="23">
                <p>Derived from previous outline file from TBRC</p>
                <bibl>
                    <idno parent-id="O1JC76301JC21613"/>
                </bibl>
            </sourceDesc>
            <notesStmt>
                <note type="lastUpdated" date-time="2019-12-12T10:46:10.075Z" user="john">12/12/2019 10:46:10</note>
            </notesStmt>
        </fileDesc>
    </teiHeader>
    <text>
        <front>
            <div type="abstract">
                <p tid="1">A collection of 163 sādhanas translated by the 11th-12th century Patshab Lotsāwa Nyima Drak, in most cases in the presence of the paṇḍita Abhayākara (Toh 3143-3305)</p>
            </div>
        </front>
        <body/>
    </text>
</TEI>