<?xml-model href="../schema/current/section.rng" schematypens="http://relaxng.org/ns/structure/1.0"?><TEI xmlns="http://www.tei-c.org/ns/1.0" xmlns:xi="http://www.w3.org/2001/XInclude">
    <teiHeader>
        <fileDesc type="section">
            <titleStmt>
                <title type="mainTitle" xml:lang="Bo-Ltn">sgrub thabs rgya mtsho/</title>
                <title type="mainTitle" xml:lang="Sa-Ltn">sādhanasāgara</title>
                <title type="mainTitle" xml:lang="en">Ocean of Sādhanas</title>
                <title type="articleTitle" xml:lang="en">Ocean of Sādhanas (Tengyur Section)</title>
                </titleStmt>
            <editionStmt>
                <edition>v 0.1.1 <date>2023</date></edition>
            </editionStmt>
            <publicationStmt>
                <p>Published in 84000 Reading Room</p>
                <availability status="1"/><idno xml:id="O1JC76301JC21626"/>
                <idno type="eft-kb-id">ocean-sadhanas</idno>
                <date>2010</date>
            </publicationStmt>
            <sourceDesc work="W23703" sort-index="25">
                <p>Derived from previous outline file from TBRC</p>
                <bibl>
                    <idno parent-id="O1JC76301JC21613"/>
                </bibl>
            </sourceDesc>
            <notesStmt/>
            <revisionDesc>
            
                <change who="#admin" when="2023-07-30T22:39:48.323Z" type="text-version" status="0.1.1" xml:id="O1JC76301JC21626-5">
                    <desc>TEI migrated to 2.19.0</desc>
                </change>
            </revisionDesc>
        </fileDesc>
    </teiHeader>
    <text>
        <front>
            <div type="abstract">
                <p tid="1">A collection of 245 short liturgies translated by Trakpa Gyaltsen (Toh 3400-3644)</p>
            </div>
        </front>
        <body>
            <div type="article">
                <head type="article" tid="5">Ocean of Sādhanas</head>
                <div type="section" xml:id="O1JC76301JC21626-article-1">
                    <milestone unit="chunk" xml:id="O1JC76301JC21626-1"/>
                    <p tid="2">A distinct collection of 245 short sādhanas, centered on a wide range of deities and known as the <title xml:lang="en">Ocean of Sādhanas</title> (<title xml:lang="Bo-Ltn">sgrub thabs rga mtsho</title>, or
                            <title xml:lang="Sa-Ltn">Sādhanasāgara</title>, also known as <title xml:lang="Bo-Ltn">sgrub thabs kun
                            las btus pa</title>, or <title xml:lang="Sa-Ltn">Sādhanasamuccaya</title> ).</p>
                    <milestone unit="chunk" xml:id="O1JC76301JC21626-2"/>
                    <p tid="3">All 245 works were translated at Sakya in 1286 by Yarlung Lotsāwa Trakpa Gyaltsen 
                        (<foreign xml:lang="Bo-Ltn">yar klungs lo tsA ba grags pa rgyal mtshan</foreign>, 1242–1346), who received the transmission from “the
                        great paṇḍita Gautama” through the “great paṇḍita Kīrticandra.”</p>
                    <milestone unit="chunk" xml:id="O1JC76301JC21626-3"/>
                    <p tid="4">The collection is closely related to a collection of sādhanas in Sanskrit found in two manuscripts of the
                        12th and 13th centuries, known as the <title xml:lang="Sa-Ltn">Sādhanamāla</title> (Bhattacaryya, B.,
                        Baroda, 1925).</p>
                </div>
            </div>
        </body>
        <back><div type="listBibl"><head type="listBibl" tid="6">Bibliography</head><div type="section" xml:id="O1JC76301JC21626-listBibl-1"><head type="section" tid="7">Bibliography Section Heading</head><bibl rend="default-text" xml:id="O1JC76301JC21626-4">This is a sample bibliographic reference with a <ref target="https://read.84000.co/translation/toh46.html">link example</ref>.</bibl></div></div><div type="glossary"><list type="glossary"/></div></back>
    </text>
</TEI>