<?xml-model href="../schema/current/section.rng" schematypens="http://relaxng.org/ns/structure/1.0"?><TEI xmlns="http://www.tei-c.org/ns/1.0">
    <teiHeader>
        <fileDesc type="section">
            <titleStmt>
                <title type="mainTitle" xml:lang="Bo-Ltn">dbu ma/</title>
                <title type="mainTitle" xml:lang="Sa-Ltn">Madhyamaka</title>
                <title type="mainTitle" xml:lang="en">Middle Way</title>
            </titleStmt>
            <publicationStmt>
                <p>Published in 84000 Reading Room</p>
                <idno xml:id="O1JC76301JC10474"/>
                <date>2010</date>
            </publicationStmt>
            <sourceDesc work="W23703" sort-index="30">
                <p>Derived from previous outline file from TBRC</p>
                <bibl>
                    <idno parent-id="O1JC76301JC11282"/>
                </bibl>
            </sourceDesc>
            <notesStmt>
                <note type="lastUpdated">Last updated at 06/09/2018 at 11:21:42 by admin</note>
            </notesStmt>
        </fileDesc>
    </teiHeader>
    <text>
        <front>
            <div type="abstract">
                <p tid="1">The treatises by Nāgārjuna, Āryaveva, Candrakīrti, Buddhapālita, Śāntideva, and other Indian masters on the Madhyamaka (Middle Way) philosophical system (Toh 3824-3980)</p>
            </div>
        </front>
        <body/>
    </text>
</TEI>