<?xml-model href="../schema/current/section.rng" schematypens="http://relaxng.org/ns/structure/1.0"?><TEI xmlns="http://www.tei-c.org/ns/1.0">
    <teiHeader>
        <fileDesc type="section">
            <titleStmt>
                <title type="mainTitle" xml:lang="Bo-Ltn">skyes rabs/</title>
                <title type="mainTitle" xml:lang="Sa-Ltn">Jātaka</title>
                <title type="mainTitle" xml:lang="en">The Buddha's previous lives</title>
            </titleStmt>
            <publicationStmt>
                <p>Published in 84000 Reading Room</p>
                <idno xml:id="O1JC76301JC10893"/>
                <date>2010</date>
            </publicationStmt>
            <sourceDesc work="W23703" sort-index="35">
                <p>Derived from previous outline file from TBRC</p>
                <bibl>
                    <idno parent-id="O1JC7630"/>
                </bibl>
            </sourceDesc>
            <notesStmt>
                <note type="lastUpdated">Last updated at 06/09/2018 at 11:23:13 by admin</note>
            </notesStmt>
        </fileDesc>
    </teiHeader>
    <text>
        <front>
            <div type="abstract">
                <p tid="1">The literature recounting stories of the Buddha’s previous lives (Toh 4150-4157)</p>
            </div>
        </front>
        <body/>
    </text>
</TEI>