<?xml-model href="../schema/current/section.rng" schematypens="http://relaxng.org/ns/structure/1.0"?><TEI xmlns="http://www.tei-c.org/ns/1.0" xmlns:xi="http://www.w3.org/2001/XInclude">
    <teiHeader>
        <fileDesc type="section">
            <titleStmt>
                <title type="mainTitle" xml:lang="en">Epistles</title>
                <title type="otherTitle" xml:lang="Bo-Ltn">spring yig</title>
                <title type="otherTitle" xml:lang="Sa-Ltn">Lekha</title>
                <title type="articleTitle" xml:lang="en">Epistles (Tengyur Section)</title>
            </titleStmt>
            <editionStmt>
                <edition>v 0.1.2 <date>2023</date></edition>
            </editionStmt>
            <publicationStmt>
                <p>Published in 84000 Reading Room</p>
                <availability status="2.a"/>
                <idno xml:id="O1JC76301JC10908"/>
                <idno type="eft-kb-id">epistles</idno>
                <date/>
            </publicationStmt>
            <sourceDesc work="W23703" sort-index="36">
                <p>Derived from previous outline file from TBRC</p>
                <bibl>
                    <idno parent-id="O1JC7630"/>
                </bibl>
            </sourceDesc>
            <notesStmt/>
            <revisionDesc>
                <change who="#admin" when="2023-07-30T22:39:48.323Z" type="text-version" status="0.1.1" xml:id="O1JC76301JC10908-4">
                    <desc>TEI migrated to 2.19.0</desc>
                </change>
                <change who="#admin" when="2023-08-02T10:09:43.066Z" type="text-version" status="0.1.2" xml:id="O1JC76301JC10908-5">
                    <desc>Titles updated</desc>
                </change>
            </revisionDesc>
        </fileDesc>
    </teiHeader>
    <text>
        <front>
            <div type="abstract">
                <p tid="1">Advice from the great Indian Buddhist masters in the form of letters written to rulers and others (Toh 4158-4202)</p>
            </div>
        </front>
        <body><div type="article"><head type="article" tid="6">Epistles</head><div type="section" xml:id="O1JC76301JC10908-article-1"><head type="section" tid="2">Article Section Heading</head><milestone unit="chunk" xml:id="O1JC76301JC10908-1"/><p rend="default-text" tid="3">Here's a paragraph to get you started. Replace this as you wish<note place="end" xml:id="O1JC76301JC10908-2">This is a ready-made footnote.</note>.</p></div></div></body>
        <back><div type="listBibl"><head type="listBibl" tid="4">Bibliography</head><div type="section" xml:id="O1JC76301JC10908-listBibl-1"><head type="section" tid="5">Bibliography Section Heading</head><bibl rend="default-text" xml:id="O1JC76301JC10908-3">This is a sample bibliographic reference with a <ref target="https://read.84000.co/translation/toh46.html">link example</ref>.</bibl></div></div><div type="glossary"><list type="glossary"/></div></back>
    </text>
</TEI>