<?xml-model href="../schema/current/section.rng" schematypens="http://relaxng.org/ns/structure/1.0"?><TEI xmlns="http://www.tei-c.org/ns/1.0">
    <teiHeader>
        <fileDesc type="section">
            <titleStmt>
                <title type="mainTitle" xml:lang="Bo-Ltn">gso ba rig pa/</title>
                <title type="mainTitle" xml:lang="Sa-Ltn">Cikitsāvidyā</title>
                <title type="mainTitle" xml:lang="en">Medicine</title>
            </titleStmt>
            <publicationStmt>
                <p>Published in 84000 Reading Room</p>
                <idno xml:id="O1JC76301JC11092"/>
                <date>2010</date>
            </publicationStmt>
            <sourceDesc work="W23703" sort-index="40">
                <p>Derived from previous outline file from TBRC</p>
                <bibl>
                    <idno parent-id="O1JC76301JC11283"/>
                </bibl>
            </sourceDesc>
            <notesStmt>
                <note type="lastUpdated">Last updated at 06/09/2018 at 11:22:19 by admin</note>
            </notesStmt>
        </fileDesc>
    </teiHeader>
    <text>
        <front>
            <div type="abstract">
                <p tid="1">Secular Indian treatises on Āyurvedic medicine and pharmaceutics (Toh 4306-4312)</p>
            </div>
        </front>
        <body/>
    </text>
</TEI>