<?xml-model href="../schema/current/section.rng" schematypens="http://relaxng.org/ns/structure/1.0"?><TEI xmlns="http://www.tei-c.org/ns/1.0">
    <teiHeader>
        <fileDesc type="section">
            <titleStmt>
                <title type="mainTitle" xml:lang="Bo-Ltn">thun mong ba lugs kyi bstan bcos/</title>
                <title type="mainTitle" xml:lang="Sa-Ltn">Nītiśāstra</title>
                <title type="mainTitle" xml:lang="en">Politics and ethics</title>
            </titleStmt>
            <publicationStmt>
                <p>Published in 84000 Reading Room</p>
                <idno xml:id="O1JC76301JC11125"/>
                <date>2010</date>
            </publicationStmt>
            <sourceDesc work="W23703" sort-index="42">
                <p>Derived from previous outline file from TBRC</p>
                <bibl>
                    <idno parent-id="O1JC76301JC11283"/>
                </bibl>
            </sourceDesc>
            <notesStmt>
                <note type="lastUpdated">Last updated at 06/09/2018 at 11:21:44 by admin</note>
            </notesStmt>
        </fileDesc>
    </teiHeader>
    <text>
        <front>
            <div type="abstract">
                <p tid="1">Indian treatises on civic and political management and secular morality (Toh 4328-4345)</p>
            </div>
        </front>
        <body/>
    </text>
</TEI>