<collection xmlns="http://exist.sourceforge.net/NS/exist" name="/db/apps/84000-data/tei/sections" owner="admin" group="tei" mode="775" created="2018-08-09T09:39:43Z" deduplicate-blobs="false" version="2">
    <acl entries="0" version="1"/>
    <resource type="XMLResource" name="112_0360-0827-tantra_collection.xml" owner="admin" group="tei" mode="664" created="2018-06-13T16:18:34Z" modified="2019-02-26T11:39:07Z" filename="112_0360-0827-tantra_collection.xml" mimetype="application/xml">
        <acl entries="0" version="1"/>
    </resource>
    <resource type="XMLResource" name="209_1784-2216-skillful_means_tantra.xml" owner="admin" group="tei" mode="664" created="2018-06-13T16:18:36Z" modified="2019-12-12T10:41:41Z" filename="209_1784-2216-skillful_means_tantra.xml" mimetype="application/xml">
        <acl entries="0" version="1"/>
    </resource>
    <resource type="XMLResource" name="236_4158-4202-epistles.xml" owner="admin" group="tei" mode="664" created="2018-06-13T16:18:37Z" modified="2018-09-06T11:22:36Z" filename="236_4158-4202-epistles.xml" mimetype="application/xml">
        <acl entries="0" version="1"/>
    </resource>
    <resource type="XMLResource" name="105_0008-0030-perfection_of_wisdom.xml" owner="admin" group="tei" mode="664" created="2018-06-13T16:18:34Z" modified="2019-05-21T15:38:21Z" filename="105_0008-0030-perfection_of_wisdom.xml" mimetype="application/xml">
        <acl entries="0" version="1"/>
    </resource>
    <resource type="XMLResource" name="234_4104-4149-discipline.xml" owner="admin" group="tei" mode="664" created="2018-06-13T16:18:37Z" modified="2018-09-06T11:22:21Z" filename="234_4104-4149-discipline.xml" mimetype="application/xml">
        <acl entries="0" version="1"/>
    </resource>
    <resource type="XMLResource" name="107_0044-0044-the_sutra_of_the_ornament_of_the_buddhas.xml" owner="admin" group="tei" mode="664" created="2018-06-13T16:18:34Z" modified="2019-05-21T15:36:35Z" filename="107_0044-0044-the_sutra_of_the_ornament_of_the_buddhas.xml" mimetype="application/xml">
        <acl entries="0" version="1"/>
    </resource>
    <resource type="XMLResource" name="207_1401-1606-samvara_and_related_tantras.xml" owner="admin" group="tei" mode="664" created="2018-06-13T16:18:36Z" modified="2019-12-12T10:40:54Z" filename="207_1401-1606-samvara_and_related_tantras.xml" mimetype="application/xml">
        <acl entries="0" version="1"/>
    </resource>
    <resource type="XMLResource" name="121_0845-0845-the_kalacakra_commentary_stainless_light.xml" owner="admin" group="tei" mode="664" created="2018-06-13T16:18:35Z" modified="2019-05-21T15:37:20Z" filename="121_0845-0845-the_kalacakra_commentary_stainless_light.xml" mimetype="application/xml">
        <acl entries="0" version="1"/>
    </resource>
    <resource type="XMLResource" name="245_4420-4464-newly_inserted_miscellaneous_treatises_on_sutra_and_the_sciences.xml" owner="admin" group="tei" mode="664" created="2018-06-13T16:18:37Z" modified="2019-12-12T10:49:01Z" filename="245_4420-4464-newly_inserted_miscellaneous_treatises_on_sutra_and_the_sciences.xml" mimetype="application/xml">
        <acl entries="0" version="1"/>
    </resource>
    <resource type="XMLResource" name="227_3707-3785-overviews_guides_rituals_and_prayers.xml" owner="admin" group="tei" mode="664" created="2018-06-13T16:18:36Z" modified="2018-09-06T11:22:02Z" filename="227_3707-3785-overviews_guides_rituals_and_prayers.xml" mimetype="application/xml">
        <acl entries="0" version="1"/>
    </resource>
    <resource type="XMLResource" name="220_2942-3049-one_hundred_and_eight_sadhanas_of_vajravidarana.xml" owner="admin" group="tei" mode="664" created="2018-06-13T16:18:36Z" modified="2018-09-06T11:22:57Z" filename="220_2942-3049-one_hundred_and_eight_sadhanas_of_vajravidarana.xml" mimetype="application/xml">
        <acl entries="0" version="1"/>
    </resource>
    <resource type="XMLResource" name="115_0494-0501-conduct_tantras.xml" owner="admin" group="tei" mode="664" created="2018-06-13T16:18:34Z" modified="2019-12-12T10:31:29Z" filename="115_0494-0501-conduct_tantras.xml" mimetype="application/xml">
        <acl entries="0" version="1"/>
    </resource>
    <resource type="XMLResource" name="208_1607-1783-other_wisdom_tantras.xml" owner="admin" group="tei" mode="664" created="2018-06-13T16:18:36Z" modified="2019-12-12T10:41:17Z" filename="208_1607-1783-other_wisdom_tantras.xml" mimetype="application/xml">
        <acl entries="0" version="1"/>
    </resource>
    <resource type="XMLResource" name="235_4150-4157-the_buddhas_previous_lives.xml" owner="admin" group="tei" mode="664" created="2018-06-13T16:18:37Z" modified="2018-09-06T11:23:13Z" filename="235_4150-4157-the_buddhas_previous_lives.xml" mimetype="application/xml">
        <acl entries="0" version="1"/>
    </resource>
    <resource type="XMLResource" name="120_0845-0845-wheel_of_time_commentary.xml" owner="admin" group="tei" mode="664" created="2018-06-13T16:18:35Z" modified="2019-11-20T23:00:20Z" filename="120_0845-0845-wheel_of_time_commentary.xml" mimetype="application/xml">
        <acl entries="0" version="1"/>
    </resource>
    <resource type="XMLResource" name="224_3306-3399-the_hundred_sadhanas_translated_by_bari.xml" owner="admin" group="tei" mode="664" created="2018-06-13T16:18:36Z" modified="2019-12-12T10:46:30Z" filename="224_3306-3399-the_hundred_sadhanas_translated_by_bari.xml" mimetype="application/xml">
        <acl entries="0" version="1"/>
    </resource>
    <resource type="XMLResource" name="118_0828-0844-old_tantras.xml" owner="admin" group="tei" mode="664" created="2018-06-13T16:18:35Z" modified="2019-05-21T15:42:27Z" filename="118_0828-0844-old_tantras.xml" mimetype="application/xml">
        <acl entries="0" version="1"/>
    </resource>
    <resource type="XMLResource" name="247_4465-4567-works_of_atisa.xml" owner="admin" group="tei" mode="664" created="2018-06-22T12:04:04Z" modified="2019-05-21T15:47:04Z" filename="247_4465-4567-works_of_atisa.xml" mimetype="application/xml">
        <acl entries="0" version="1"/>
    </resource>
    <resource type="XMLResource" name="101_0001-4568-the_kangyur.xml" owner="admin" group="tei" mode="664" created="2018-06-13T16:18:34Z" modified="2019-02-26T18:25:21Z" filename="101_0001-4568-the_kangyur.xml" mimetype="application/xml">
        <acl entries="0" version="1"/>
    </resource>
    <resource type="XMLResource" name="202_1109-1179-eulogy.xml" owner="admin" group="tei" mode="664" created="2018-06-13T16:18:35Z" modified="2018-09-06T11:23:26Z" filename="202_1109-1179-eulogy.xml" mimetype="application/xml">
        <acl entries="0" version="1"/>
    </resource>
    <resource type="XMLResource" name="237_4203-4268-epistemology_and_logic.xml" owner="admin" group="tei" mode="664" created="2018-06-13T16:18:37Z" modified="2018-09-06T11:23:15Z" filename="237_4203-4268-epistemology_and_logic.xml" mimetype="application/xml">
        <acl entries="0" version="1"/>
    </resource>
    <resource type="XMLResource" name="239_4269-4305-linguistics.xml" owner="admin" group="tei" mode="664" created="2018-06-13T16:18:37Z" modified="2018-09-06T11:23:24Z" filename="239_4269-4305-linguistics.xml" mimetype="application/xml">
        <acl entries="0" version="1"/>
    </resource>
    <resource type="XMLResource" name="211_1918-2216-other_skillful_means_tantras.xml" owner="admin" group="tei" mode="664" created="2018-06-13T16:18:36Z" modified="2019-12-12T10:42:32Z" filename="211_1918-2216-other_skillful_means_tantras.xml" mimetype="application/xml">
        <acl entries="0" version="1"/>
    </resource>
    <resource type="XMLResource" name="231_3981-4019-sutra_commentary.xml" owner="admin" group="tei" mode="664" created="2018-06-13T16:18:36Z" modified="2018-09-06T11:23:22Z" filename="231_3981-4019-sutra_commentary.xml" mimetype="application/xml">
        <acl entries="0" version="1"/>
    </resource>
    <resource type="XMLResource" name="233_4086-4103-abhidharma.xml" owner="admin" group="tei" mode="664" created="2018-06-13T16:18:37Z" modified="2018-09-06T11:23:11Z" filename="233_4086-4103-abhidharma.xml" mimetype="application/xml">
        <acl entries="0" version="1"/>
    </resource>
    <resource type="XMLResource" name="205_1180-1400-nondual_tantra.xml" owner="admin" group="tei" mode="664" created="2018-06-13T16:18:36Z" modified="2019-12-12T10:40:07Z" filename="205_1180-1400-nondual_tantra.xml" mimetype="application/xml">
        <acl entries="0" version="1"/>
    </resource>
    <resource type="XMLResource" name="206_1401-1783-wisdom_tantra.xml" owner="admin" group="tei" mode="664" created="2018-06-13T16:18:36Z" modified="2019-12-12T10:40:30Z" filename="206_1401-1783-wisdom_tantra.xml" mimetype="application/xml">
        <acl entries="0" version="1"/>
    </resource>
    <resource type="XMLResource" name="228_3786-4085-sutra_commentary_and_philosophy.xml" owner="admin" group="tei" mode="664" created="2018-06-13T16:18:36Z" modified="2020-12-04T10:29:53Z" filename="228_3786-4085-sutra_commentary_and_philosophy.xml" mimetype="application/xml">
        <acl entries="0" version="1"/>
    </resource>
    <resource type="XMLResource" name="109_0094-0359-general_sutra_section.xml" owner="admin" group="tei" mode="664" created="2018-06-13T16:18:34Z" modified="2019-12-05T16:51:32Z" filename="109_0094-0359-general_sutra_section.xml" mimetype="application/xml">
        <acl entries="0" version="1"/>
    </resource>
    <resource type="XMLResource" name="244_4346-4376-treatises_by_early_tibetan_scholars.xml" owner="admin" group="tei" mode="664" created="2018-06-13T16:18:37Z" modified="2019-12-12T10:48:38Z" filename="244_4346-4376-treatises_by_early_tibetan_scholars.xml" mimetype="application/xml">
        <acl entries="0" version="1"/>
    </resource>
    <resource type="XMLResource" name="126_4568-4568-the_derge_kangyur_catalogue.xml" owner="admin" group="tei" mode="664" created="2018-06-13T16:18:35Z" modified="2018-09-06T11:22:34Z" filename="126_4568-4568-the_derge_kangyur_catalogue.xml" mimetype="application/xml">
        <acl entries="0" version="1"/>
    </resource>
    <resource type="XMLResource" name="103_0001-0001-chapters_on_monastic_discipline.xml" owner="admin" group="tei" mode="664" created="2018-06-13T16:18:34Z" modified="2018-09-06T11:22:17Z" filename="103_0001-0001-chapters_on_monastic_discipline.xml" mimetype="application/xml">
        <acl entries="0" version="1"/>
    </resource>
    <resource type="XMLResource" name="210_1784-1917-guhyasamaja_and_related_tantras.xml" owner="admin" group="tei" mode="664" created="2018-06-13T16:18:36Z" modified="2019-12-12T10:42:09Z" filename="210_1784-1917-guhyasamaja_and_related_tantras.xml" mimetype="application/xml">
        <acl entries="0" version="1"/>
    </resource>
    <resource type="XMLResource" name="218_2670-3139-action_tantra.xml" owner="admin" group="tei" mode="664" created="2018-06-13T16:18:36Z" modified="2019-12-12T10:44:59Z" filename="218_2670-3139-action_tantra.xml" mimetype="application/xml">
        <acl entries="0" version="1"/>
    </resource>
    <resource type="XMLResource" name="106_0044-0044-ornaments_of_the_buddhas.xml" owner="admin" group="tei" mode="664" created="2018-06-13T16:18:34Z" modified="2021-01-06T17:51:40Z" filename="106_0044-0044-ornaments_of_the_buddhas.xml" mimetype="application/xml">
        <acl entries="0" version="1"/>
    </resource>
    <resource type="XMLResource" name="116_0502-0808-action_tantras.xml" owner="admin" group="tei" mode="664" created="2018-06-13T16:18:35Z" modified="2021-01-19T09:47:22Z" filename="116_0502-0808-action_tantras.xml" mimetype="application/xml">
        <acl entries="0" version="1"/>
    </resource>
    <resource type="XMLResource" name="108_0045-0093-heap_of_jewels.xml" owner="admin" group="tei" mode="664" created="2018-06-13T16:18:34Z" modified="2020-06-17T18:27:22Z" filename="108_0045-0093-heap_of_jewels.xml" mimetype="application/xml">
        <acl entries="0" version="1"/>
    </resource>
    <resource type="XMLResource" name="119_0841-0841-eight_great_sections_starting_with_the_quintessence_of_great_accomplishment_whereby_all_things_have_the_nature_of_the_five_nectars.xml" owner="admin" group="tei" mode="664" created="2018-06-13T16:18:35Z" modified="2018-09-06T11:21:14Z" filename="119_0841-0841-eight_great_sections_starting_with_the_quintessence_of_great_accomplishment_whereby_all_things_have_the_nature_of_the_five_nectars.xml" mimetype="application/xml">
        <acl entries="0" version="1"/>
    </resource>
    <resource type="XMLResource" name="111_0360-0845-tantra.xml" owner="admin" group="tei" mode="664" created="2018-06-13T16:18:34Z" modified="2019-05-21T15:40:23Z" filename="111_0360-0845-tantra.xml" mimetype="application/xml">
        <acl entries="0" version="1"/>
    </resource>
    <resource type="XMLResource" name="124_1094-1108-aspiration.xml" owner="admin" group="tei" mode="664" created="2018-06-13T16:18:35Z" modified="2019-12-12T10:37:49Z" filename="124_1094-1108-aspiration.xml" mimetype="application/xml">
        <acl entries="0" version="1"/>
    </resource>
    <resource type="XMLResource" name="214_2217-2502-general_unexcelled_yoga_tantra_works.xml" owner="admin" group="tei" mode="664" created="2018-06-13T16:18:36Z" modified="2019-12-12T10:43:45Z" filename="214_2217-2502-general_unexcelled_yoga_tantra_works.xml" mimetype="application/xml">
        <acl entries="0" version="1"/>
    </resource>
    <resource type="XMLResource" name="212_2047-2083-the_wishfulfilling_jewel_a_sadhana_activity_garland_of_red_yamari.xml" owner="admin" group="tei" mode="664" created="2018-06-13T16:18:36Z" modified="2018-09-06T11:21:32Z" filename="212_2047-2083-the_wishfulfilling_jewel_a_sadhana_activity_garland_of_red_yamari.xml" mimetype="application/xml">
        <acl entries="0" version="1"/>
    </resource>
    <resource type="XMLResource" name="229_3786-3823-perfection_of_wisdom.xml" owner="admin" group="tei" mode="664" created="2018-06-13T16:18:36Z" modified="2018-09-06T11:23:09Z" filename="229_3786-3823-perfection_of_wisdom.xml" mimetype="application/xml">
        <acl entries="0" version="1"/>
    </resource>
    <resource type="XMLResource" name="215_2305-2312-the_inconceivable_mahamudra.xml" owner="admin" group="tei" mode="664" created="2018-06-13T16:18:36Z" modified="2018-09-06T11:21:16Z" filename="215_2305-2312-the_inconceivable_mahamudra.xml" mimetype="application/xml">
        <acl entries="0" version="1"/>
    </resource>
    <resource type="XMLResource" name="219_2741-2847-one_hundred_and_eight_sadhanas_of_lord_avalokitesvara.xml" owner="admin" group="tei" mode="664" created="2018-06-13T16:18:36Z" modified="2018-09-06T11:21:52Z" filename="219_2741-2847-one_hundred_and_eight_sadhanas_of_lord_avalokitesvara.xml" mimetype="application/xml">
        <acl entries="0" version="1"/>
    </resource>
    <resource type="XMLResource" name="221_3140-3785-other_works_on_tantra.xml" owner="admin" group="tei" mode="664" created="2018-06-13T16:18:36Z" modified="2019-12-12T10:45:30Z" filename="221_3140-3785-other_works_on_tantra.xml" mimetype="application/xml">
        <acl entries="0" version="1"/>
    </resource>
    <resource type="XMLResource" name="114_0479-0493-yoga_tantras.xml" owner="admin" group="tei" mode="664" created="2018-06-13T16:18:34Z" modified="2020-08-01T11:45:39Z" filename="114_0479-0493-yoga_tantras.xml" mimetype="application/xml">
        <acl entries="0" version="1"/>
    </resource>
    <resource type="XMLResource" name="230_3824-3980-middle_way.xml" owner="admin" group="tei" mode="664" created="2018-06-13T16:18:36Z" modified="2018-09-06T11:21:42Z" filename="230_3824-3980-middle_way.xml" mimetype="application/xml">
        <acl entries="0" version="1"/>
    </resource>
    <resource type="XMLResource" name="241_4313-4327-technology_and_arts.xml" owner="admin" group="tei" mode="664" created="2018-06-13T16:18:37Z" modified="2018-09-06T11:22:46Z" filename="241_4313-4327-technology_and_arts.xml" mimetype="application/xml">
        <acl entries="0" version="1"/>
    </resource>
    <resource type="XMLResource" name="201_1109-4569-the_tengyur.xml" owner="admin" group="tei" mode="664" created="2018-06-13T16:18:35Z" modified="2019-01-11T13:27:37Z" filename="201_1109-4569-the_tengyur.xml" mimetype="application/xml">
        <acl entries="0" version="1"/>
    </resource>
    <resource type="XMLResource" name="204_1180-2502-unexcelled_yoga_tantra.xml" owner="admin" group="tei" mode="664" created="2018-06-13T16:18:36Z" modified="2019-12-12T10:39:36Z" filename="204_1180-2502-unexcelled_yoga_tantra.xml" mimetype="application/xml">
        <acl entries="0" version="1"/>
    </resource>
    <resource type="XMLResource" name="113_0360-0478-unexcelled_yoga_tantras.xml" owner="admin" group="tei" mode="664" created="2018-06-13T16:18:34Z" modified="2020-11-18T10:31:03Z" filename="113_0360-0478-unexcelled_yoga_tantras.xml" mimetype="application/xml">
        <acl entries="0" version="1"/>
    </resource>
    <resource type="XMLResource" name="217_2662-2669-conduct_tantra.xml" owner="admin" group="tei" mode="664" created="2018-06-13T16:18:36Z" modified="2019-12-12T10:44:39Z" filename="217_2662-2669-conduct_tantra.xml" mimetype="application/xml">
        <acl entries="0" version="1"/>
    </resource>
    <resource type="XMLResource" name="002_0000-0000-translated_texts.xml" owner="admin" group="tei" mode="664" created="2018-06-13T16:18:33Z" modified="2021-02-08T16:37:39Z" filename="002_0000-0000-translated_texts.xml" mimetype="application/xml">
        <acl entries="0" version="1"/>
    </resource>
    <resource type="XMLResource" name="123_0846-1093-compendium_of_incantations.xml" owner="admin" group="tei" mode="664" created="2018-06-13T16:18:35Z" modified="2020-03-19T10:59:34Z" filename="123_0846-1093-compendium_of_incantations.xml" mimetype="application/xml">
        <acl entries="0" version="1"/>
    </resource>
    <resource type="XMLResource" name="246_4377-4419-dedication_and_aspiration_prayers.xml" owner="admin" group="tei" mode="664" created="2018-06-13T16:18:37Z" modified="2019-12-12T10:49:23Z" filename="246_4377-4419-dedication_and_aspiration_prayers.xml" mimetype="application/xml">
        <acl entries="0" version="1"/>
    </resource>
    <resource type="XMLResource" name="238_4269-4419-traditional_sciences_and_arts.xml" owner="admin" group="tei" mode="664" created="2018-06-13T16:18:37Z" modified="2018-09-06T11:21:20Z" filename="238_4269-4419-traditional_sciences_and_arts.xml" mimetype="application/xml">
        <acl entries="0" version="1"/>
    </resource>
    <resource type="XMLResource" name="102_0001-0007-discipline.xml" owner="admin" group="tei" mode="664" created="2018-06-13T16:18:34Z" modified="2019-05-20T10:22:32Z" filename="102_0001-0007-discipline.xml" mimetype="application/xml">
        <acl entries="0" version="1"/>
    </resource>
    <resource type="XMLResource" name="225_3400-3644-ocean_of_sadhanas.xml" owner="admin" group="tei" mode="664" created="2018-06-13T16:18:36Z" modified="2019-12-12T10:46:55Z" filename="225_3400-3644-ocean_of_sadhanas.xml" mimetype="application/xml">
        <acl entries="0" version="1"/>
    </resource>
    <resource type="XMLResource" name="203_1180-3785-tantra.xml" owner="admin" group="tei" mode="664" created="2018-06-13T16:18:35Z" modified="2019-05-21T15:54:37Z" filename="203_1180-3785-tantra.xml" mimetype="application/xml">
        <acl entries="0" version="1"/>
    </resource>
    <resource type="XMLResource" name="122_0846-1108-incantations.xml" owner="admin" group="tei" mode="664" created="2018-06-13T16:18:35Z" modified="2019-05-21T15:41:02Z" filename="122_0846-1108-incantations.xml" mimetype="application/xml">
        <acl entries="0" version="1"/>
    </resource>
    <resource type="XMLResource" name="104_0008-0043-discourses.xml" owner="admin" group="tei" mode="664" created="2018-06-13T16:18:34Z" modified="2019-05-21T15:37:53Z" filename="104_0008-0043-discourses.xml" mimetype="application/xml">
        <acl entries="0" version="1"/>
    </resource>
    <resource type="XMLResource" name="222_3140-3142-the_three_rosaries_of_abhayakaragupta.xml" owner="admin" group="tei" mode="664" created="2018-06-13T16:18:36Z" modified="2021-02-04T18:59:11Z" filename="222_3140-3142-the_three_rosaries_of_abhayakaragupta.xml" mimetype="application/xml">
        <acl entries="0" version="1"/>
    </resource>
    <resource type="XMLResource" name="213_2135-2136-the_stages_for_the_blessing_and_introductory_initiation_of_kulalokanatha.xml" owner="admin" group="tei" mode="664" created="2018-06-13T16:18:36Z" modified="2018-09-06T11:21:06Z" filename="213_2135-2136-the_stages_for_the_blessing_and_introductory_initiation_of_kulalokanatha.xml" mimetype="application/xml">
        <acl entries="0" version="1"/>
    </resource>
    <resource type="XMLResource" name="223_3143-3305-the_hundred_sadhanas_translated_by_patshab.xml" owner="admin" group="tei" mode="664" created="2018-06-13T16:18:36Z" modified="2021-02-04T19:02:24Z" filename="223_3143-3305-the_hundred_sadhanas_translated_by_patshab.xml" mimetype="application/xml">
        <acl entries="0" version="1"/>
    </resource>
    <resource type="XMLResource" name="216_2503-2661-yoga_tantra.xml" owner="admin" group="tei" mode="664" created="2018-06-13T16:18:36Z" modified="2019-12-12T10:44:17Z" filename="216_2503-2661-yoga_tantra.xml" mimetype="application/xml">
        <acl entries="0" version="1"/>
    </resource>
    <resource type="XMLResource" name="242_4328-4345-politics_and_ethics.xml" owner="admin" group="tei" mode="664" created="2018-06-13T16:18:37Z" modified="2018-09-06T11:21:44Z" filename="242_4328-4345-politics_and_ethics.xml" mimetype="application/xml">
        <acl entries="0" version="1"/>
    </resource>
    <resource type="XMLResource" name="001_0000-0000-the_lobby.xml" owner="admin" group="tei" mode="664" created="2018-06-13T16:18:33Z" modified="2019-09-23T10:49:07Z" filename="001_0000-0000-the_lobby.xml" mimetype="application/xml">
        <acl entries="0" version="1"/>
    </resource>
    <resource type="XMLResource" name="248_4569-4569-tengyur_catalogue.xml" owner="admin" group="tei" mode="664" created="2018-06-13T16:18:37Z" modified="2018-09-06T11:21:48Z" filename="248_4569-4569-tengyur_catalogue.xml" mimetype="application/xml">
        <acl entries="0" version="1"/>
    </resource>
    <resource type="XMLResource" name="110_0031-0043-thirteen_late_translated_sutras.xml" owner="admin" group="tei" mode="664" created="2018-06-13T16:18:34Z" modified="2019-05-21T15:39:54Z" filename="110_0031-0043-thirteen_late_translated_sutras.xml" mimetype="application/xml">
        <acl entries="0" version="1"/>
    </resource>
    <resource type="XMLResource" name="232_4020-4085-mindonly.xml" owner="admin" group="tei" mode="664" created="2018-06-13T16:18:36Z" modified="2018-09-06T11:21:38Z" filename="232_4020-4085-mindonly.xml" mimetype="application/xml">
        <acl entries="0" version="1"/>
    </resource>
    <resource type="XMLResource" name="240_4306-4312-medicine.xml" owner="admin" group="tei" mode="664" created="2018-06-13T16:18:37Z" modified="2018-09-06T11:22:19Z" filename="240_4306-4312-medicine.xml" mimetype="application/xml">
        <acl entries="0" version="1"/>
    </resource>
    <resource type="XMLResource" name="125_4568-4568-kangyur_catalogue.xml" owner="admin" group="tei" mode="664" created="2018-06-13T16:18:35Z" modified="2019-05-21T15:41:29Z" filename="125_4568-4568-kangyur_catalogue.xml" mimetype="application/xml">
        <acl entries="0" version="1"/>
    </resource>
    <resource type="XMLResource" name="243_4346-4419-miscellaneous_works.xml" owner="admin" group="tei" mode="664" created="2018-06-13T16:18:37Z" modified="2018-09-06T11:21:24Z" filename="243_4346-4419-miscellaneous_works.xml" mimetype="application/xml">
        <acl entries="0" version="1"/>
    </resource>
    <resource type="XMLResource" name="226_3645-3706-other_liturgical_works.xml" owner="admin" group="tei" mode="664" created="2018-06-13T16:18:36Z" modified="2018-09-06T11:22:11Z" filename="226_3645-3706-other_liturgical_works.xml" mimetype="application/xml">
        <acl entries="0" version="1"/>
    </resource>
    <resource type="XMLResource" name="117_0809-0827-dedicationaspiration.xml" owner="admin" group="tei" mode="664" created="2018-06-13T16:18:35Z" modified="2020-06-11T10:14:17Z" filename="117_0809-0827-dedicationaspiration.xml" mimetype="application/xml">
        <acl entries="0" version="1"/>
    </resource>
</collection>