<collection xmlns="http://exist.sourceforge.net/NS/exist" name="/db/apps/84000-data/tei/sections" owner="admin" group="tei" mode="775" created="2018-08-09T09:39:43Z" deduplicate-blobs="false" version="2">
    <acl entries="0" version="1"/>
    <resource type="XMLResource" name="112_0360-0827-tantra_collection.xml" owner="admin" group="tei" mode="664" created="2018-06-13T16:18:34Z" modified="2023-08-03T18:09:32Z" filename="112_0360-0827-tantra_collection.xml" mimetype="application/xml">
        <acl entries="0" version="1"/>
    </resource>
    <resource type="XMLResource" name="209_1784-2216-skillful_means_tantra.xml" owner="admin" group="tei" mode="664" created="2018-06-13T16:18:36Z" modified="2023-08-03T18:00:36Z" filename="209_1784-2216-skillful_means_tantra.xml" mimetype="application/xml">
        <acl entries="0" version="1"/>
    </resource>
    <resource type="XMLResource" name="236_4158-4202-epistles.xml" owner="admin" group="tei" mode="664" created="2018-06-13T16:18:37Z" modified="2023-08-07T15:29:55Z" filename="236_4158-4202-epistles.xml" mimetype="application/xml">
        <acl entries="0" version="1"/>
    </resource>
    <resource type="XMLResource" name="105_0008-0030-perfection_of_wisdom.xml" owner="admin" group="tei" mode="664" created="2018-06-13T16:18:34Z" modified="2023-07-30T22:39:48Z" filename="105_0008-0030-perfection_of_wisdom.xml" mimetype="application/xml">
        <acl entries="0" version="1"/>
    </resource>
    <resource type="XMLResource" name="234_4104-4149-discipline.xml" owner="admin" group="tei" mode="664" created="2018-06-13T16:18:37Z" modified="2023-07-30T22:39:48Z" filename="234_4104-4149-discipline.xml" mimetype="application/xml">
        <acl entries="0" version="1"/>
    </resource>
    <resource type="XMLResource" name="107_0044-0044-the_sutra_of_the_ornament_of_the_buddhas.xml" owner="admin" group="tei" mode="664" created="2018-06-13T16:18:34Z" modified="2023-08-04T22:45:21Z" filename="107_0044-0044-the_sutra_of_the_ornament_of_the_buddhas.xml" mimetype="application/xml">
        <acl entries="0" version="1"/>
    </resource>
    <resource type="XMLResource" name="207_1401-1606-samvara_and_related_tantras.xml" owner="admin" group="tei" mode="664" created="2018-06-13T16:18:36Z" modified="2023-07-30T22:39:48Z" filename="207_1401-1606-samvara_and_related_tantras.xml" mimetype="application/xml">
        <acl entries="0" version="1"/>
    </resource>
    <resource type="XMLResource" name="245_4420-4464-newly_inserted_miscellaneous_treatises_on_sutra_and_the_sciences.xml" owner="admin" group="tei" mode="664" created="2018-06-13T16:18:37Z" modified="2023-07-30T22:39:48Z" filename="245_4420-4464-newly_inserted_miscellaneous_treatises_on_sutra_and_the_sciences.xml" mimetype="application/xml">
        <acl entries="0" version="1"/>
    </resource>
    <resource type="XMLResource" name="227_3707-3785-overviews_guides_rituals_and_prayers.xml" owner="admin" group="tei" mode="664" created="2018-06-13T16:18:36Z" modified="2023-07-30T22:39:48Z" filename="227_3707-3785-overviews_guides_rituals_and_prayers.xml" mimetype="application/xml">
        <acl entries="0" version="1"/>
    </resource>
    <resource type="XMLResource" name="220_2942-3049-one_hundred_and_eight_sadhanas_of_vajravidarana.xml" owner="admin" group="tei" mode="664" created="2018-06-13T16:18:36Z" modified="2023-08-07T15:36:17Z" filename="220_2942-3049-one_hundred_and_eight_sadhanas_of_vajravidarana.xml" mimetype="application/xml">
        <acl entries="0" version="1"/>
    </resource>
    <resource type="XMLResource" name="115_0494-0501-conduct_tantras.xml" owner="admin" group="tei" mode="664" created="2018-06-13T16:18:34Z" modified="2023-08-02T20:15:25Z" filename="115_0494-0501-conduct_tantras.xml" mimetype="application/xml">
        <acl entries="0" version="1"/>
    </resource>
    <resource type="XMLResource" name="208_1607-1783-other_wisdom_tantras.xml" owner="admin" group="tei" mode="664" created="2018-06-13T16:18:36Z" modified="2023-08-03T17:54:17Z" filename="208_1607-1783-other_wisdom_tantras.xml" mimetype="application/xml">
        <acl entries="0" version="1"/>
    </resource>
    <resource type="XMLResource" name="235_4150-4157-the_buddhas_previous_lives.xml" owner="admin" group="tei" mode="664" created="2018-06-13T16:18:37Z" modified="2023-07-30T22:39:48Z" filename="235_4150-4157-the_buddhas_previous_lives.xml" mimetype="application/xml">
        <acl entries="0" version="1"/>
    </resource>
    <resource type="XMLResource" name="120_0845-0845-wheel_of_time_commentary.xml" owner="admin" group="tei" mode="664" created="2018-06-13T16:18:35Z" modified="2023-07-30T22:39:48Z" filename="120_0845-0845-wheel_of_time_commentary.xml" mimetype="application/xml">
        <acl entries="0" version="1"/>
    </resource>
    <resource type="XMLResource" name="224_3306-3399-the_hundred_sadhanas_translated_by_bari.xml" owner="admin" group="tei" mode="664" created="2018-06-13T16:18:36Z" modified="2023-07-30T22:39:48Z" filename="224_3306-3399-the_hundred_sadhanas_translated_by_bari.xml" mimetype="application/xml">
        <acl entries="0" version="1"/>
    </resource>
    <resource type="XMLResource" name="118_0828-0844-old_tantras.xml" owner="admin" group="tei" mode="664" created="2018-06-13T16:18:35Z" modified="2023-11-20T10:52:42Z" filename="118_0828-0844-old_tantras.xml" mimetype="application/xml">
        <acl entries="0" version="1"/>
    </resource>
    <resource type="XMLResource" name="101_0001-4568-the_kangyur.xml" owner="admin" group="tei" mode="664" created="2018-06-13T16:18:34Z" modified="2023-08-04T22:24:20Z" filename="101_0001-4568-the_kangyur.xml" mimetype="application/xml">
        <acl entries="0" version="1"/>
    </resource>
    <resource type="XMLResource" name="202_1109-1179-eulogy.xml" owner="admin" group="tei" mode="664" created="2018-06-13T16:18:35Z" modified="2023-07-30T22:39:48Z" filename="202_1109-1179-eulogy.xml" mimetype="application/xml">
        <acl entries="0" version="1"/>
    </resource>
    <resource type="XMLResource" name="237_4203-4268-epistemology_and_logic.xml" owner="admin" group="tei" mode="664" created="2018-06-13T16:18:37Z" modified="2023-07-30T22:39:48Z" filename="237_4203-4268-epistemology_and_logic.xml" mimetype="application/xml">
        <acl entries="0" version="1"/>
    </resource>
    <resource type="XMLResource" name="239_4269-4305-linguistics.xml" owner="admin" group="tei" mode="664" created="2018-06-13T16:18:37Z" modified="2023-07-30T22:39:48Z" filename="239_4269-4305-linguistics.xml" mimetype="application/xml">
        <acl entries="0" version="1"/>
    </resource>
    <resource type="XMLResource" name="211_1918-2216-other_skillful_means_tantras.xml" owner="admin" group="tei" mode="664" created="2018-06-13T16:18:36Z" modified="2023-08-07T15:33:05Z" filename="211_1918-2216-other_skillful_means_tantras.xml" mimetype="application/xml">
        <acl entries="0" version="1"/>
    </resource>
    <resource type="XMLResource" name="231_3981-4019-sutra_commentary.xml" owner="admin" group="tei" mode="664" created="2018-06-13T16:18:36Z" modified="2023-07-30T22:39:48Z" filename="231_3981-4019-sutra_commentary.xml" mimetype="application/xml">
        <acl entries="0" version="1"/>
    </resource>
    <resource type="XMLResource" name="233_4086-4103-abhidharma.xml" owner="admin" group="tei" mode="664" created="2018-06-13T16:18:37Z" modified="2023-07-30T22:39:48Z" filename="233_4086-4103-abhidharma.xml" mimetype="application/xml">
        <acl entries="0" version="1"/>
    </resource>
    <resource type="XMLResource" name="205_1180-1400-nondual_tantra.xml" owner="admin" group="tei" mode="664" created="2018-06-13T16:18:36Z" modified="2023-07-30T22:39:48Z" filename="205_1180-1400-nondual_tantra.xml" mimetype="application/xml">
        <acl entries="0" version="1"/>
    </resource>
    <resource type="XMLResource" name="206_1401-1783-wisdom_tantra.xml" owner="admin" group="tei" mode="664" created="2018-06-13T16:18:36Z" modified="2023-07-30T22:39:48Z" filename="206_1401-1783-wisdom_tantra.xml" mimetype="application/xml">
        <acl entries="0" version="1"/>
    </resource>
    <resource type="XMLResource" name="228_3786-4085-sutra_commentary_and_philosophy.xml" owner="admin" group="tei" mode="664" created="2018-06-13T16:18:36Z" modified="2023-07-30T22:39:48Z" filename="228_3786-4085-sutra_commentary_and_philosophy.xml" mimetype="application/xml">
        <acl entries="0" version="1"/>
    </resource>
    <resource type="XMLResource" name="109_0094-0359-general_sutra_section.xml" owner="admin" group="tei" mode="664" created="2018-06-13T16:18:34Z" modified="2023-08-03T14:55:25Z" filename="109_0094-0359-general_sutra_section.xml" mimetype="application/xml">
        <acl entries="0" version="1"/>
    </resource>
    <resource type="XMLResource" name="244_4346-4376-treatises_by_early_tibetan_scholars.xml" owner="admin" group="tei" mode="664" created="2018-06-13T16:18:37Z" modified="2023-07-30T22:39:48Z" filename="244_4346-4376-treatises_by_early_tibetan_scholars.xml" mimetype="application/xml">
        <acl entries="0" version="1"/>
    </resource>
    <resource type="XMLResource" name="126_4568-4568-the_derge_kangyur_catalogue.xml" owner="admin" group="tei" mode="664" created="2018-06-13T16:18:35Z" modified="2023-07-30T22:39:48Z" filename="126_4568-4568-the_derge_kangyur_catalogue.xml" mimetype="application/xml">
        <acl entries="0" version="1"/>
    </resource>
    <resource type="XMLResource" name="103_0001-0001-chapters_on_monastic_discipline.xml" owner="admin" group="tei" mode="664" created="2018-06-13T16:18:34Z" modified="2023-08-07T15:24:40Z" filename="103_0001-0001-chapters_on_monastic_discipline.xml" mimetype="application/xml">
        <acl entries="0" version="1"/>
    </resource>
    <resource type="XMLResource" name="210_1784-1917-guhyasamaja_and_related_tantras.xml" owner="admin" group="tei" mode="664" created="2018-06-13T16:18:36Z" modified="2023-08-07T15:31:38Z" filename="210_1784-1917-guhyasamaja_and_related_tantras.xml" mimetype="application/xml">
        <acl entries="0" version="1"/>
    </resource>
    <resource type="XMLResource" name="218_2670-3139-action_tantra.xml" owner="admin" group="tei" mode="664" created="2018-06-13T16:18:36Z" modified="2023-07-30T22:39:48Z" filename="218_2670-3139-action_tantra.xml" mimetype="application/xml">
        <acl entries="0" version="1"/>
    </resource>
    <resource type="XMLResource" name="106_0044-0044-ornaments_of_the_buddhas.xml" owner="admin" group="tei" mode="664" created="2018-06-13T16:18:34Z" modified="2023-08-04T22:32:34Z" filename="106_0044-0044-ornaments_of_the_buddhas.xml" mimetype="application/xml">
        <acl entries="0" version="1"/>
    </resource>
    <resource type="XMLResource" name="116_0502-0808-action_tantras.xml" owner="admin" group="tei" mode="664" created="2018-06-13T16:18:35Z" modified="2024-02-13T11:57:11Z" filename="116_0502-0808-action_tantras.xml" mimetype="application/xml">
        <acl entries="0" version="1"/>
    </resource>
    <resource type="XMLResource" name="108_0045-0093-heap_of_jewels.xml" owner="admin" group="tei" mode="664" created="2018-06-13T16:18:34Z" modified="2023-08-03T17:23:28Z" filename="108_0045-0093-heap_of_jewels.xml" mimetype="application/xml">
        <acl entries="0" version="1"/>
    </resource>
    <resource type="XMLResource" name="119_0841-0841-eight_great_sections_starting_with_the_quintessence_of_great_accomplishment_whereby_all_things_have_the_nature_of_the_five_nectars.xml" owner="admin" group="tei" mode="664" created="2018-06-13T16:18:35Z" modified="2023-08-07T15:28:28Z" filename="119_0841-0841-eight_great_sections_starting_with_the_quintessence_of_great_accomplishment_whereby_all_things_have_the_nature_of_the_five_nectars.xml" mimetype="application/xml">
        <acl entries="0" version="1"/>
    </resource>
    <resource type="XMLResource" name="111_0360-0845-tantra.xml" owner="admin" group="tei" mode="664" created="2018-06-13T16:18:34Z" modified="2023-08-04T22:50:49Z" filename="111_0360-0845-tantra.xml" mimetype="application/xml">
        <acl entries="0" version="1"/>
    </resource>
    <resource type="XMLResource" name="124_1094-1108-aspiration.xml" owner="admin" group="tei" mode="664" created="2018-06-13T16:18:35Z" modified="2023-10-06T11:10:33Z" filename="124_1094-1108-aspiration.xml" mimetype="application/xml">
        <acl entries="0" version="1"/>
    </resource>
    <resource type="XMLResource" name="214_2217-2500-general_unexcelled_yoga_tantra_works.xml" owner="admin" group="tei" mode="664" created="2018-06-13T16:18:36Z" modified="2023-07-30T22:39:48Z" filename="214_2217-2500-general_unexcelled_yoga_tantra_works.xml" mimetype="application/xml">
        <acl entries="0" version="1"/>
    </resource>
    <resource type="XMLResource" name="212_2047-2083-the_wishfulfilling_jewel_a_sadhana_activity_garland_of_red_yamari.xml" owner="admin" group="tei" mode="664" created="2018-06-13T16:18:36Z" modified="2023-07-30T22:39:48Z" filename="212_2047-2083-the_wishfulfilling_jewel_a_sadhana_activity_garland_of_red_yamari.xml" mimetype="application/xml">
        <acl entries="0" version="1"/>
    </resource>
    <resource type="XMLResource" name="229_3786-3823-perfection_of_wisdom.xml" owner="admin" group="tei" mode="664" created="2018-06-13T16:18:36Z" modified="2023-07-30T22:39:48Z" filename="229_3786-3823-perfection_of_wisdom.xml" mimetype="application/xml">
        <acl entries="0" version="1"/>
    </resource>
    <resource type="XMLResource" name="215_2305-2312-the_inconceivable_mahamudra.xml" owner="admin" group="tei" mode="664" created="2018-06-13T16:18:36Z" modified="2023-07-30T22:39:48Z" filename="215_2305-2312-the_inconceivable_mahamudra.xml" mimetype="application/xml">
        <acl entries="0" version="1"/>
    </resource>
    <resource type="XMLResource" name="219_2741-2847-one_hundred_and_eight_sadhanas_of_lord_avalokitesvara.xml" owner="admin" group="tei" mode="664" created="2018-06-13T16:18:36Z" modified="2023-08-07T15:35:10Z" filename="219_2741-2847-one_hundred_and_eight_sadhanas_of_lord_avalokitesvara.xml" mimetype="application/xml">
        <acl entries="0" version="1"/>
    </resource>
    <resource type="XMLResource" name="221_3140-3785-other_works_on_tantra.xml" owner="admin" group="tei" mode="664" created="2018-06-13T16:18:36Z" modified="2023-07-30T22:39:48Z" filename="221_3140-3785-other_works_on_tantra.xml" mimetype="application/xml">
        <acl entries="0" version="1"/>
    </resource>
    <resource type="XMLResource" name="114_0479-0493-yoga_tantras.xml" owner="admin" group="tei" mode="664" created="2018-06-13T16:18:34Z" modified="2023-08-07T15:27:14Z" filename="114_0479-0493-yoga_tantras.xml" mimetype="application/xml">
        <acl entries="0" version="1"/>
    </resource>
    <resource type="XMLResource" name="230_3824-3980-middle_way.xml" owner="admin" group="tei" mode="664" created="2018-06-13T16:18:36Z" modified="2023-07-30T22:39:48Z" filename="230_3824-3980-middle_way.xml" mimetype="application/xml">
        <acl entries="0" version="1"/>
    </resource>
    <resource type="XMLResource" name="241_4313-4327-technology_and_arts.xml" owner="admin" group="tei" mode="664" created="2018-06-13T16:18:37Z" modified="2023-07-30T22:39:48Z" filename="241_4313-4327-technology_and_arts.xml" mimetype="application/xml">
        <acl entries="0" version="1"/>
    </resource>
    <resource type="XMLResource" name="201_1109-4569-the_tengyur.xml" owner="admin" group="tei" mode="664" created="2018-06-13T16:18:35Z" modified="2023-07-30T22:39:48Z" filename="201_1109-4569-the_tengyur.xml" mimetype="application/xml">
        <acl entries="0" version="1"/>
    </resource>
    <resource type="XMLResource" name="204_1180-2500-unexcelled_yoga_tantra.xml" owner="admin" group="tei" mode="664" created="2018-06-13T16:18:36Z" modified="2023-07-30T22:39:48Z" filename="204_1180-2500-unexcelled_yoga_tantra.xml" mimetype="application/xml">
        <acl entries="0" version="1"/>
    </resource>
    <resource type="XMLResource" name="113_0360-0478-unexcelled_yoga_tantras.xml" owner="admin" group="tei" mode="664" created="2018-06-13T16:18:34Z" modified="2023-08-04T23:10:02Z" filename="113_0360-0478-unexcelled_yoga_tantras.xml" mimetype="application/xml">
        <acl entries="0" version="1"/>
    </resource>
    <resource type="XMLResource" name="217_2662-2669-conduct_tantra.xml" owner="admin" group="tei" mode="664" created="2018-06-13T16:18:36Z" modified="2023-07-30T22:39:48Z" filename="217_2662-2669-conduct_tantra.xml" mimetype="application/xml">
        <acl entries="0" version="1"/>
    </resource>
    <resource type="XMLResource" name="002_0000-0000-translated_texts.xml" owner="admin" group="tei" mode="664" created="2018-06-13T16:18:33Z" modified="2023-10-12T14:09:18Z" filename="002_0000-0000-translated_texts.xml" mimetype="application/xml">
        <acl entries="0" version="1"/>
    </resource>
    <resource type="XMLResource" name="123_0846-1093-compendium_of_incantations.xml" owner="admin" group="tei" mode="664" created="2018-06-13T16:18:35Z" modified="2023-10-06T10:40:46Z" filename="123_0846-1093-compendium_of_incantations.xml" mimetype="application/xml">
        <acl entries="0" version="1"/>
    </resource>
    <resource type="XMLResource" name="246_4377-4419-dedication_and_aspiration_prayers.xml" owner="admin" group="tei" mode="664" created="2018-06-13T16:18:37Z" modified="2023-07-30T22:39:48Z" filename="246_4377-4419-dedication_and_aspiration_prayers.xml" mimetype="application/xml">
        <acl entries="0" version="1"/>
    </resource>
    <resource type="XMLResource" name="238_4269-4419-traditional_sciences_and_arts.xml" owner="admin" group="tei" mode="664" created="2018-06-13T16:18:37Z" modified="2023-07-30T22:39:48Z" filename="238_4269-4419-traditional_sciences_and_arts.xml" mimetype="application/xml">
        <acl entries="0" version="1"/>
    </resource>
    <resource type="XMLResource" name="102_0001-0007-discipline.xml" owner="admin" group="tei" mode="664" created="2018-06-13T16:18:34Z" modified="2023-08-04T22:17:36Z" filename="102_0001-0007-discipline.xml" mimetype="application/xml">
        <acl entries="0" version="1"/>
    </resource>
    <resource type="XMLResource" name="225_3400-3644-ocean_of_sadhanas.xml" owner="admin" group="tei" mode="664" created="2018-06-13T16:18:36Z" modified="2023-07-30T22:39:48Z" filename="225_3400-3644-ocean_of_sadhanas.xml" mimetype="application/xml">
        <acl entries="0" version="1"/>
    </resource>
    <resource type="XMLResource" name="203_1180-3785-tantra.xml" owner="admin" group="tei" mode="664" created="2018-06-13T16:18:35Z" modified="2023-07-30T22:39:48Z" filename="203_1180-3785-tantra.xml" mimetype="application/xml">
        <acl entries="0" version="1"/>
    </resource>
    <resource type="XMLResource" name="122_0846-1108-incantations.xml" owner="admin" group="tei" mode="664" created="2018-06-13T16:18:35Z" modified="2024-02-19T11:32:32Z" filename="122_0846-1108-incantations.xml" mimetype="application/xml">
        <acl entries="0" version="1"/>
    </resource>
    <resource type="XMLResource" name="104_0008-0043-discourses.xml" owner="admin" group="tei" mode="664" created="2018-06-13T16:18:34Z" modified="2023-07-30T22:39:48Z" filename="104_0008-0043-discourses.xml" mimetype="application/xml">
        <acl entries="0" version="1"/>
    </resource>
    <resource type="XMLResource" name="222_3140-3142-the_three_rosaries_of_abhayakaragupta.xml" owner="admin" group="tei" mode="664" created="2018-06-13T16:18:36Z" modified="2023-07-30T22:39:48Z" filename="222_3140-3142-the_three_rosaries_of_abhayakaragupta.xml" mimetype="application/xml">
        <acl entries="0" version="1"/>
    </resource>
    <resource type="XMLResource" name="213_2135-2136-the_stages_for_the_blessing_and_introductory_initiation_of_kulalokanatha.xml" owner="admin" group="tei" mode="664" created="2018-06-13T16:18:36Z" modified="2023-07-30T22:39:48Z" filename="213_2135-2136-the_stages_for_the_blessing_and_introductory_initiation_of_kulalokanatha.xml" mimetype="application/xml">
        <acl entries="0" version="1"/>
    </resource>
    <resource type="XMLResource" name="223_3143-3305-the_hundred_sadhanas_translated_by_patshab.xml" owner="admin" group="tei" mode="664" created="2018-06-13T16:18:36Z" modified="2023-07-30T22:39:48Z" filename="223_3143-3305-the_hundred_sadhanas_translated_by_patshab.xml" mimetype="application/xml">
        <acl entries="0" version="1"/>
    </resource>
    <resource type="XMLResource" name="216_2501-2661-yoga_tantra.xml" owner="admin" group="tei" mode="664" created="2018-06-13T16:18:36Z" modified="2023-07-30T22:39:48Z" filename="216_2501-2661-yoga_tantra.xml" mimetype="application/xml">
        <acl entries="0" version="1"/>
    </resource>
    <resource type="XMLResource" name="242_4328-4345-politics_and_ethics.xml" owner="admin" group="tei" mode="664" created="2018-06-13T16:18:37Z" modified="2023-07-30T22:39:48Z" filename="242_4328-4345-politics_and_ethics.xml" mimetype="application/xml">
        <acl entries="0" version="1"/>
    </resource>
    <resource type="XMLResource" name="001_0000-0000-the_lobby.xml" owner="admin" group="tei" mode="664" created="2018-06-13T16:18:33Z" modified="2023-07-30T22:39:48Z" filename="001_0000-0000-the_lobby.xml" mimetype="application/xml">
        <acl entries="0" version="1"/>
    </resource>
    <resource type="XMLResource" name="248_4569-4569-tengyur_catalogue.xml" owner="admin" group="tei" mode="664" created="2018-06-13T16:18:37Z" modified="2023-07-30T22:39:48Z" filename="248_4569-4569-tengyur_catalogue.xml" mimetype="application/xml">
        <acl entries="0" version="1"/>
    </resource>
    <resource type="XMLResource" name="110_0031-0043-thirteen_late_translated_sutras.xml" owner="admin" group="tei" mode="664" created="2018-06-13T16:18:34Z" modified="2023-07-30T22:39:48Z" filename="110_0031-0043-thirteen_late_translated_sutras.xml" mimetype="application/xml">
        <acl entries="0" version="1"/>
    </resource>
    <resource type="XMLResource" name="232_4020-4085-mindonly.xml" owner="admin" group="tei" mode="664" created="2018-06-13T16:18:36Z" modified="2023-07-30T22:39:48Z" filename="232_4020-4085-mindonly.xml" mimetype="application/xml">
        <acl entries="0" version="1"/>
    </resource>
    <resource type="XMLResource" name="240_4306-4312-medicine.xml" owner="admin" group="tei" mode="664" created="2018-06-13T16:18:37Z" modified="2023-07-30T22:39:48Z" filename="240_4306-4312-medicine.xml" mimetype="application/xml">
        <acl entries="0" version="1"/>
    </resource>
    <resource type="XMLResource" name="125_4568-4568-kangyur_catalogue.xml" owner="admin" group="tei" mode="664" created="2018-06-13T16:18:35Z" modified="2023-07-30T22:39:48Z" filename="125_4568-4568-kangyur_catalogue.xml" mimetype="application/xml">
        <acl entries="0" version="1"/>
    </resource>
    <resource type="XMLResource" name="243_4346-4419-miscellaneous_works.xml" owner="admin" group="tei" mode="664" created="2018-06-13T16:18:37Z" modified="2023-07-30T22:39:48Z" filename="243_4346-4419-miscellaneous_works.xml" mimetype="application/xml">
        <acl entries="0" version="1"/>
    </resource>
    <resource type="XMLResource" name="226_3645-3706-other_liturgical_works.xml" owner="admin" group="tei" mode="664" created="2018-06-13T16:18:36Z" modified="2023-07-30T22:39:48Z" filename="226_3645-3706-other_liturgical_works.xml" mimetype="application/xml">
        <acl entries="0" version="1"/>
    </resource>
    <resource type="XMLResource" name="117_0809-0827-dedicationaspiration.xml" owner="admin" group="tei" mode="664" created="2018-06-13T16:18:35Z" modified="2023-07-30T22:39:48Z" filename="117_0809-0827-dedicationaspiration.xml" mimetype="application/xml">
        <acl entries="0" version="1"/>
    </resource>
</collection>