<?xml-model href="../schema/current/knowledgebase.rng" schematypens="http://relaxng.org/ns/structure/1.0"?><TEI xmlns="http://www.tei-c.org/ns/1.0" xmlns:eft="http://read.84000.co/ns/1.0" xmlns:tei="http://www.tei-c.org/ns/1.0">
    <teiHeader>
        <fileDesc>
            <titleStmt>
                <title type="mainTitle" xml:lang="Sa-Ltn">Abhayākaragupta</title>
                <title type="otherTitle" xml:lang="bo">མཁས་པ།</title>
                <title type="otherTitle" xml:lang="Bo-Ltn">mkhas pa</title>
                <title type="otherTitle" xml:lang="bo">ཨ་བྷ་ཡ།</title>
                <title type="otherTitle" xml:lang="Bo-Ltn">a b+ha ya</title>
                <title type="otherTitle" xml:lang="bo">མཁས་པ་ཨ་བྷ་ཡ།</title>
                <title type="otherTitle" xml:lang="Bo-Ltn">mkhas pa a b+ha ya</title>
                <title type="otherTitle" xml:lang="bo">ཨ་བྷ་ཞལ་སྔ་ནས།</title>
                <title type="otherTitle" xml:lang="Bo-Ltn">a b+ha zhal snga nas</title>
                <title type="otherTitle" xml:lang="bo">མཁས་པ་ཨ་བྷཱ་ཡ།</title>
                <title type="otherTitle" xml:lang="Bo-Ltn">mkhas pa a b+hA ya</title>
                <title type="otherTitle" xml:lang="bo">པཎྜི་ཏ་ཨ་བྷ་ཡ།</title>
                <title type="otherTitle" xml:lang="Bo-Ltn">paN+Di ta a b+ha ya</title>
                <title type="otherTitle" xml:lang="bo">པཎྜི་ཏ་ཨཱ་བྷ་ཡ།</title>
                <title type="otherTitle" xml:lang="Bo-Ltn">paN+Di ta A b+ha ya</title>
                <title type="otherTitle" xml:lang="bo">ཨ་བྷ་ཡའི་ཞལ་སྔ་ནས།</title>
                <title type="otherTitle" xml:lang="Bo-Ltn">a b+ha ya'i zhal snga nas</title>
                <title type="otherTitle" xml:lang="bo">པནྡི་ཏ་ཨ་བྷ་ཡ་ཀ་ར།</title>
                <title type="otherTitle" xml:lang="Bo-Ltn">pan+di ta a b+ha ya ka ra</title>
                <title type="otherTitle" xml:lang="bo">པཎྜི་ཏ་ཨ་བྷ་ཡཱ་ཀ་ར།</title>
                <title type="otherTitle" xml:lang="Bo-Ltn">paN+Di ta a b+ha yA ka ra</title>
                <title type="otherTitle" xml:lang="bo">མཁས་པ་ཆེན་པོ་ཨ་བྷ་ཡ།</title>
                <title type="otherTitle" xml:lang="Bo-Ltn">mkhas pa chen po a b+ha ya</title>
                <title type="otherTitle" xml:lang="bo">པཎྜི་ཏ་ཆེན་པོ་ཨ་བྷ་ཡ།</title>
                <title type="otherTitle" xml:lang="Bo-Ltn">paN+Di ta chen po a b+ha ya</title>
                <title type="otherTitle" xml:lang="bo">ཨ་བྷ་ཡ་ཀ་རའི་ཞལ་སྔ་ནས།</title>
                <title type="otherTitle" xml:lang="Bo-Ltn">a b+ha ya ka ra'i zhal snga nas</title>
                <title type="otherTitle" xml:lang="bo">པཎྜི་ཏ་ཨ་བྷ་ཡ་ཀ་ར་གུཔྟ།</title>
                <title type="otherTitle" xml:lang="Bo-Ltn">paN+Di ta a b+ha ya ka ra gup+ta</title>
                <title type="otherTitle" xml:lang="bo">མཁས་པ་ཨ་བྷ་ཡའི་ཞལ་སྔ་ནས།</title>
                <title type="otherTitle" xml:lang="Bo-Ltn">mkhas pa a b+ha ya'i zhal snga nas</title>
                <title type="otherTitle" xml:lang="bo">པཎྜི་ཏ་ཨ་བྷ་ཡའི་ཞལ་སྔ་ནས།</title>
                <title type="otherTitle" xml:lang="Bo-Ltn">paN+Di ta a b+ha ya'i zhal snga nas</title>
                <title type="otherTitle" xml:lang="bo">མ་ཧཱ་པཎྜི་ཏ་ཨ་བྷྱ་ཀ་ར་གུཔྟ།</title>
                <title type="otherTitle" xml:lang="Bo-Ltn">ma hA paN+Di ta a b+h+ya ka ra gup+ta</title>
                <title type="otherTitle" xml:lang="bo">ཨ་བྷ་ཡ་ལ་སོགས་པའི་ཞལ་སྔ་ནས།</title>
                <title type="otherTitle" xml:lang="Bo-Ltn">a b+ha ya la sogs pa'i zhal snga nas</title>
                <title type="otherTitle" xml:lang="bo">པནྡི་ཏ་མཁས་པ་ཨ་བྷ་ཡ་ཀ་ར་གུཔྟ།</title>
                <title type="otherTitle" xml:lang="Bo-Ltn">pan+di ta mkhas pa a b+ha ya ka ra gup+ta</title>
                <title type="otherTitle" xml:lang="bo">པནྡི་ཏ་ཨ་བྷ་ཡ་ཀ་རའི་ཞལ་སྔ་ནས།</title>
                <title type="otherTitle" xml:lang="Bo-Ltn">pan+di ta a b+ha ya ka ra'i zhal snga nas</title>
                <title type="otherTitle" xml:lang="bo">མཁས་པ་ཆེན་པོ་ཨ་བྷྱཱ་ཀ་ར་གུཔྟ།</title>
                <title type="otherTitle" xml:lang="Bo-Ltn">mkhas pa chen po a b+h+yA ka ra gup+ta</title>
                <title type="otherTitle" xml:lang="bo">མཁས་པ་ཆེན་པོ་ཨ་བྷ་ཡའི་ཞལ་སྔ་ནས།</title>
                <title type="otherTitle" xml:lang="Bo-Ltn">mkhas pa chen po a b+ha ya'i zhal snga nas</title>
                <title type="otherTitle" xml:lang="bo">གནས་བརྟན་མཁས་པ་ཨ་བྷ་ཡ་ཀ་ར་གུ་པྟ།</title>
                <title type="otherTitle" xml:lang="Bo-Ltn">gnas brtan mkhas pa a b+ha ya ka ra gu p+ta</title>
                <title type="otherTitle" xml:lang="bo">པཎྜི་ཏ་ཆེན་པོ་ཨ་བྷ་ཡའི་ཞལ་སྔ་ནས།</title>
                <title type="otherTitle" xml:lang="Bo-Ltn">paN+Di ta chen po a b+ha ya'i zhal snga nas</title>
                <title type="otherTitle" xml:lang="bo">རྒྱ་གར་གྱི་མཁན་པོ་ཨ་བྷྱ་ཀ་ར་གུཔྟ།</title>
                <title type="otherTitle" xml:lang="Bo-Ltn">rgya gar gyi mkhan po a b+h+ya ka ra gup+ta</title>
                <title type="otherTitle" xml:lang="bo">སློབ་དཔོན་ཆེན་པོ་ཨ་བྷ་ཡ་ཀ་ར་གུཔྟ།</title>
                <title type="otherTitle" xml:lang="Bo-Ltn">slob dpon chen po a b+ha ya ka ra gup+ta</title>
                <title type="otherTitle" xml:lang="bo">སློབ་དཔོན་ཆེན་པོ་ཨ་བྷ་ཡཱ་ཀ་ར་གུཔྟ།</title>
                <title type="otherTitle" xml:lang="Bo-Ltn">slob dpon chen po a b+ha yA ka ra gup+ta</title>
                <title type="otherTitle" xml:lang="bo">མ་ག་དྷའི་མཁས་པ་ཆེན་པོ་ཨ་བྷྱ་ཀ་ར་གུཔྟ།</title>
                <title type="otherTitle" xml:lang="Bo-Ltn">ma ga d+ha'i mkhas pa chen po a b+h+ya ka ra gup+ta</title>
                <title type="otherTitle" xml:lang="bo">པཎྜི་ཏ་ཆེན་པོ་ཨ་བྷ་ཡཱ་ཀ་རའི་ཞལ་སྔ་ནས།</title>
                <title type="otherTitle" xml:lang="Bo-Ltn">paN+Di ta chen po a b+ha yA ka ra'i zhal snga nas</title>
                <title type="otherTitle" xml:lang="bo">པནྡི་ཏ་ཆེན་པོ་གནས་བརྟན་ཨ་བྷ་ཡ་ཀ་ར་གུཔྟ།</title>
                <title type="otherTitle" xml:lang="Bo-Ltn">pan+di ta chen po gnas brtan a b+ha ya ka ra gup+ta</title>
                <title type="otherTitle" xml:lang="bo">མཁས་པ་ཆེན་པོ་འཇིགས་མེད་འབྱུང་གནས་སྦས་པ།</title>
                <title type="otherTitle" xml:lang="Bo-Ltn">mkhas pa chen po 'jigs med 'byung gnas sbas pa</title>
                <title type="otherTitle" xml:lang="bo">པཎྜི་ཏ་ཆེན་པོ་གནས་བརྟན་ཨ་བྷ་ཡཱ་ཀ་ར་གུཔྟ།</title>
                <title type="otherTitle" xml:lang="Bo-Ltn">paN+Di ta chen po gnas brtan a b+ha yA ka ra gup+ta</title>
                <title type="otherTitle" xml:lang="bo">པནྡི་ཏ་ཆེན་པོ་འཇིགས་མེད་འབྱུང་གནས་སྦས་པ།</title>
                <title type="otherTitle" xml:lang="Bo-Ltn">pan+di ta chen po 'jigs med 'byung gnas sbas pa</title>
                <title type="otherTitle" xml:lang="bo">པཎྜི་ཏ་ཆེན་པོ་འཇིགས་མེད་འབྱུང་གནས་སྦས་པ།</title>
                <title type="otherTitle" xml:lang="Bo-Ltn">paN+Di ta chen po 'jigs med 'byung gnas sbas pa</title>
                <title type="otherTitle" xml:lang="bo">མཁས་པ་ཆེན་པོ་བྱང་ཆུབ་སེམས་དཔའ་དང་ཨ་བྷ་ཡ།</title>
                <title type="otherTitle" xml:lang="Bo-Ltn">mkhas pa chen po byang chub sems dpa' dang a b+ha ya</title>
                <title type="otherTitle" xml:lang="bo">པཎྜ་ཏི་ཆེན་པོ་འཇིགས་མེད་འབྱུང་གནས་སྦས་པ།</title>
                <title type="otherTitle" xml:lang="Bo-Ltn">paN+Da ti chen po 'jigs med 'byung gnas sbas pa</title>
                <title type="otherTitle" xml:lang="bo">པཎྜི་ཏ་ཆེན་པོ་ཨ་བྷ་ཡ་ཀ་ར་གུཔྟའི་ཞལ་སྔ་ནས།</title>
                <title type="otherTitle" xml:lang="Bo-Ltn">paN+Di ta chen po a b+ha ya ka ra gup+ta'i zhal snga nas</title>
                <title type="otherTitle" xml:lang="bo">པཎྜི་ཏ་ཆེན་པོ་ཨ་བྷ་ཡཱ་ཀ་ར་གུ་པའི་ཞལ་སྔ་ནས།</title>
                <title type="otherTitle" xml:lang="Bo-Ltn">paN+Di ta chen po a b+ha yA ka ra gu pa'i zhal snga nas</title>
                <title type="otherTitle" xml:lang="bo">སློབ་དཔོན་མཁས་པ་ཆེན་པོ་འཇིགས་མེད་འབྱུང་གནས་སྦས་པ།</title>
                <title type="otherTitle" xml:lang="Bo-Ltn">slob dpon mkhas pa chen po 'jigs med 'byung gnas sbas pa</title>
                <title type="otherTitle" xml:lang="bo">པཎྜི་ཏ་ཆེན་པོ་འཇིགས་མེད་འབྱུང་གནས་སྤས་པའི་ཞལ་སྔ་ནས།</title>
                <title type="otherTitle" xml:lang="Bo-Ltn">paN+Di ta chen po 'jigs med 'byung gnas spas pa'i zhal snga nas</title>
                <title type="otherTitle" xml:lang="bo">སློབ་དཔོན་མཁས་པ་ཆེན་པོ་འཇིགས་མེད་འབྱུང་གནས་སྦས་པའི་ཞབས།</title>
                <title type="otherTitle" xml:lang="Bo-Ltn">slob dpon mkhas pa chen po 'jigs med 'byung gnas sbas pa'i zhabs</title>
                <title type="otherTitle" xml:lang="bo">རྒྱ་གར་གྱི་མཁན་པོ་ཆེན་པོ་འཇིགས་མེད་འབྱུང་གནས་སྦས་པའི་ཞལ་སྔ་ནས།</title>
                <title type="otherTitle" xml:lang="Bo-Ltn">rgya gar gyi mkhan po chen po 'jigs med 'byung gnas sbas pa'i zhal snga nas</title>
                <title type="otherTitle" xml:lang="bo">དངོས་གྲུབ་བརྙེས་པའི་པཎྜི་ཏ་ཆེན་པོ་ཨ་བྷ་ཡཱ་ཀ་ར་གུཔྟའི་ཞལ་སྔ་ནས།</title>
                <title type="otherTitle" xml:lang="Bo-Ltn">dngos grub brnyes pa'i paN+Di ta chen po a b+ha yA ka ra gup+ta'i zhal snga nas</title>
            </titleStmt>
            <editionStmt>
                <edition>v 0.1.2 <date>2024</date></edition>
            </editionStmt>
            <publicationStmt>
                <publisher>
                    <name>84000: Translating the Words of the Buddha</name>
                </publisher>
                <availability status="1.b"/><idno xml:id="EFT-KB-ABHAYAKARAGUPTA"/>
                <idno type="eft-kb-id">abhayakaragupta</idno>
                <date>2021-11-04</date>
            </publicationStmt>
            <sourceDesc>
                <p>Created by 84000: Translating the Words of the Buddha</p>
            </sourceDesc>
            <notesStmt/>
            <revisionDesc>
            
                <change who="#admin" when="2023-07-30T22:39:48.323Z" type="text-version" status="0.1.1" xml:id="EFT-KB-ABHAYAKARAGUPTA-4">
                    <desc>TEI migrated to 2.19.0</desc>
                </change>
                <change who="#admin" when="2024-01-29T08:46:15.224Z" type="text-version" status="0.1.2" xml:id="EFT-KB-ABHAYAKARAGUPTA-5">
                    <desc>TEI migrated to 2.21.0 - author stub published</desc>
                </change>
                <change who="#admin" when="2024-01-29T08:46:15.224Z" type="publication-status" status="1.b" xml:id="EFT-KB-ABHAYAKARAGUPTA-6">
                    <desc>Author stubs set to 1.b</desc>
                </change>
            </revisionDesc>
        </fileDesc>
    </teiHeader>
    <text>
        <front/>
        <body>
            <div type="article">
                <div type="section" xml:id="EFT-KB-ABHAYAKARAGUPTA-article-1">
                    <head type="section" rend="default-text" tid="1">Article Section Heading</head>
                    <milestone unit="chunk" xml:id="EFT-KB-ABHAYAKARAGUPTA-1"/>
                    <p rend="default-text" tid="2">Here's a paragraph to get you started. Replace this as you wish<note place="end" xml:id="EFT-KB-ABHAYAKARAGUPTA-2">This is a ready-made
                            footnote.</note>.</p>
                </div>
            </div>
        </body>
        <back>
            <div type="listBibl">
                <head type="listBibl" tid="3">Bibliography</head>
                <div type="section" xml:id="EFT-KB-ABHAYAKARAGUPTA-listBibl-1">
                    <head type="section" rend="default-text" tid="4">Bibliography Section Heading</head>
                    <bibl rend="default-text" xml:id="EFT-KB-ABHAYAKARAGUPTA-3">This is a sample bibliographic reference with a <ref target="https://read.84000.co/translation/toh46.html">link
                            example</ref>.</bibl>
                </div>
            </div>
            <div type="glossary">
                <list type="glossary"/>
            </div>
        </back>
    </text>
</TEI>