<?xml-model href="../schema/current/knowledgebase.rng" schematypens="http://relaxng.org/ns/structure/1.0"?><TEI xmlns="http://www.tei-c.org/ns/1.0" xmlns:eft="http://read.84000.co/ns/1.0" xmlns:tei="http://www.tei-c.org/ns/1.0">
    <teiHeader>
        <fileDesc>
            <titleStmt>
                <title type="mainTitle" xml:lang="Sa-Ltn">Amoghavajra (II)</title>
                <title type="otherTitle" xml:lang="bo">ཨ་མོ་གྷ་བཛྲ།</title>
                <title type="otherTitle" xml:lang="Bo-Ltn">a mo g+ha badzra</title>
                <title type="otherTitle" xml:lang="bo">དོན་ཡོད་རྡོ་རྗེ།</title>
                <title type="otherTitle" xml:lang="Bo-Ltn">don yod rdo rje</title>
                <title type="otherTitle" xml:lang="bo">པཎྜི་ཏ་ཨ་མོ་གྷ་བཛྲ།</title>
                <title type="otherTitle" xml:lang="Bo-Ltn">paN+Di ta a mo g+ha badzra</title>
                <title type="otherTitle" xml:lang="bo">པནྡི་ཏ་དོན་ཡོད་རྡོ་རྗེ།</title>
                <title type="otherTitle" xml:lang="Bo-Ltn">pan+di ta don yod rdo rje</title>
                <title type="otherTitle" xml:lang="bo">པཎྜི་ཏ་དོན་ཡོད་རྡོ་རྗེ།</title>
                <title type="otherTitle" xml:lang="Bo-Ltn">paN+Di ta don yod rdo rje</title>
                <title type="otherTitle" xml:lang="bo">པཎྜཱི་ཏ་དོན་ཡོད་རྡོ་རྗེ།</title>
                <title type="otherTitle" xml:lang="Bo-Ltn">paN+DI ta don yod rdo rje</title>
                <title type="otherTitle" xml:lang="bo">ཨ་ཙ་རྱ་དོན་ཡོད་རྡོ་རྗེ།</title>
                <title type="otherTitle" xml:lang="Bo-Ltn">a tsa r+ya don yod rdo rje</title>
                <title type="otherTitle" xml:lang="bo">ཨཱ་ཙཱ་རྱ་དོན་ཡོད་རྡོ་རྗེ།</title>
                <title type="otherTitle" xml:lang="Bo-Ltn">A tsA r+ya don yod rdo rje</title>
                <title type="otherTitle" xml:lang="bo">སློབ་དཔོན་དོན་ཡོད་རྡོ་རྗེ།</title>
                <title type="otherTitle" xml:lang="Bo-Ltn">slob dpon don yod rdo rje</title>
                <title type="otherTitle" xml:lang="bo">རྒྱ་གར་གྱི་མཁན་པོ་ཨ་མོ་གྷ་བཛྲ།</title>
                <title type="otherTitle" xml:lang="Bo-Ltn">rgya gar gyi mkhan po a mo g+ha badzra</title>
                <title type="otherTitle" xml:lang="bo">པནྡི་ཏ་མཁས་པ་ཆེན་པོ་ཨ་མོ་གྷ་བཛྲ།</title>
                <title type="otherTitle" xml:lang="Bo-Ltn">pan+di ta mkhas pa chen po a mo g+ha badzra</title>
                <title type="otherTitle" xml:lang="bo">རྒྱ་གར་གྱི་མཁན་པོ་དོན་ཡོད་རྡོ་རྗེ།</title>
                <title type="otherTitle" xml:lang="Bo-Ltn">rgya gar gyi mkhan po don yod rdo rje</title>
                <title type="otherTitle" xml:lang="bo">རྒྱ་གར་གྱི་པནྡི་ཏ་དོན་ཡོད་རྡོ་རྗེ།</title>
                <title type="otherTitle" xml:lang="Bo-Ltn">rgya gar gyi pan+di ta don yod rdo rje</title>
                <title type="otherTitle" xml:lang="bo">རྒྱ་གར་ཤར་ཕྱོགས་ཀྱི་པཎྜི་ཏ་ཨ་མོ་གྷ་བཛྲ།</title>
                <title type="otherTitle" xml:lang="Bo-Ltn">rgya gar shar phyogs kyi paN+Di ta a mo g+ha badzra</title>
                <title type="otherTitle" xml:lang="bo">རྒྱ་གར་གྱི་མཁན་པོ་པནྡི་ཏ་དོན་ཡོད་རྡོ་རྗེ།</title>
                <title type="otherTitle" xml:lang="Bo-Ltn">rgya gar gyi mkhan po pan+di ta don yod rdo rje</title>
                <title type="otherTitle" xml:lang="bo">པཎྜི་ཏ་ཆེན་པོ་དོན་ཡོད་རྡོ་རྗེའི་ཞལ་སྔ་ནས།</title>
                <title type="otherTitle" xml:lang="Bo-Ltn">paN+Di ta chen po don yod rdo rje'i zhal snga nas</title>
                <title type="otherTitle" xml:lang="bo">གྲུབ་པ་བརྙེས་པའི་པནྡི་ཏ་ཆེན་པོ་ཨ་མོ་གྷ་བཛྲ།</title>
                <title type="otherTitle" xml:lang="Bo-Ltn">grub pa brnyes pa'i pan+di ta chen po a mo g+ha badzra</title>
                <title type="otherTitle" xml:lang="bo">རྒྱ་གར་གྱི་མཁན་པོ་པནྡི་ཏ་དོན་ཡོད་པའི་རྡོ་རྗེ།</title>
                <title type="otherTitle" xml:lang="Bo-Ltn">rgya gar gyi mkhan po pan+di ta don yod pa'i rdo rje</title>
                <title type="otherTitle" xml:lang="en">This text appears to be authored by the Indian translator of Toh. 1314.</title>
            </titleStmt>
            <editionStmt>
                <edition>v 0.1.1 <date>2023</date></edition>
            </editionStmt>
            <publicationStmt>
                <publisher>
                    <name>84000: Translating the Words of the Buddha</name>
                </publisher>
                <availability status="3"/><idno xml:id="EFT-KB-AMOGHAVAJRA-II"/>
                <idno type="eft-kb-id">amoghavajra-ii</idno>
                <date>2021-11-04</date>
            </publicationStmt>
            <sourceDesc>
                <p>Created by 84000: Translating the Words of the Buddha</p>
            </sourceDesc>
            <notesStmt/>
            <revisionDesc>
            
                <change who="#admin" when="2023-07-30T22:39:48.323Z" type="text-version" status="0.1.1" xml:id="EFT-KB-AMOGHAVAJRA-II-4">
                    <desc>TEI migrated to 2.19.0</desc>
                </change>
            </revisionDesc>
        </fileDesc>
    </teiHeader>
    <text>
        <front/>
        <body>
            <div type="article">
                <div type="section" xml:id="EFT-KB-AMOGHAVAJRA-II-article-1">
                    <head type="section" rend="default-text" tid="1">Article Section Heading</head>
                    <milestone unit="chunk" xml:id="EFT-KB-AMOGHAVAJRA-II-1"/>
                    <p rend="default-text" tid="2">Here's a paragraph to get you started. Replace this as you wish<note place="end" xml:id="EFT-KB-AMOGHAVAJRA-II-2">This is a ready-made
                            footnote.</note>.</p>
                </div>
            </div>
        </body>
        <back>
            <div type="listBibl">
                <head type="listBibl" tid="3">Bibliography</head>
                <div type="section" xml:id="EFT-KB-AMOGHAVAJRA-II-listBibl-1">
                    <head type="section" rend="default-text" tid="4">Bibliography Section Heading</head>
                    <bibl rend="default-text" xml:id="EFT-KB-AMOGHAVAJRA-II-3">This is a sample bibliographic reference with a <ref target="https://read.84000.co/translation/toh46.html">link
                            example</ref>.</bibl>
                </div>
            </div>
            <div type="glossary">
                <list type="glossary"/>
            </div>
        </back>
    </text>
</TEI>