<?xml-model href="../schema/current/knowledgebase.rng" schematypens="http://relaxng.org/ns/structure/1.0"?><TEI xmlns="http://www.tei-c.org/ns/1.0" xmlns:eft="http://read.84000.co/ns/1.0" xmlns:tei="http://www.tei-c.org/ns/1.0"><teiHeader><fileDesc><titleStmt>
                <title type="mainTitle" xml:lang="Sa-Ltn">Atīśa Dīpaṃkaraśrījñāna</title>
                <title type="otherTitle" xml:lang="bo">ཇོ་བོ་རྗེ།</title>
                <title type="otherTitle" xml:lang="Bo-Ltn">jo bo rje</title>
                <title type="otherTitle" xml:lang="bo">ཇོ་བོ་ཆེན་པོ།</title>
                <title type="otherTitle" xml:lang="Bo-Ltn">jo bo chen po</title>
                <title type="otherTitle" xml:lang="bo">པཎྜི་ཏ་དཱི་པཾ་ཀ་ར།</title>
                <title type="otherTitle" xml:lang="Bo-Ltn">paN+Di ta dI paM ka ra</title>
                <title type="otherTitle" xml:lang="bo">པནྡི་ཏ་དི་པམ་ཀ་ར།</title>
                <title type="otherTitle" xml:lang="Bo-Ltn">pan+di ta di pam ka ra</title>
                <title type="otherTitle" xml:lang="bo">མཁས་པའི་དི་པམ་ཀ་ར།</title>
                <title type="otherTitle" xml:lang="Bo-Ltn">mkhas pa'i di pam ka ra</title>
                <title type="otherTitle" xml:lang="bo">དི་པམ་ཀ་ར་ཤྲི་ཛྙ་ན།</title>
                <title type="otherTitle" xml:lang="Bo-Ltn">di pam ka ra shri dz+nya na</title>
                <title type="otherTitle" xml:lang="bo">དཱི་པཾ་ཀ་ར་ཤྲཱི་ཛྙཱ་ན།</title>
                <title type="otherTitle" xml:lang="Bo-Ltn">dI paM ka ra shrI dz+nyA na</title>
                <title type="otherTitle" xml:lang="bo">སློབ་དཔོན་མར་མེ་མཛད།</title>
                <title type="otherTitle" xml:lang="Bo-Ltn">slob dpon mar me mdzad</title>
                <title type="otherTitle" xml:lang="bo">མར་མེ་མཛད་དཔལ་ཡེ་ཤེས།</title>
                <title type="otherTitle" xml:lang="Bo-Ltn">mar me mdzad dpal ye shes</title>
                <title type="otherTitle" xml:lang="bo">དཔལ་མར་མེ་མཛད་ཡེ་ཤེས།</title>
                <title type="otherTitle" xml:lang="Bo-Ltn">dpal mar me mdzad ye shes</title>
                <title type="otherTitle" xml:lang="bo">དཱི་པཾ་ཀཱ་ར་ཤྲཱི་ཛྙཱ་ན།</title>
                <title type="otherTitle" xml:lang="Bo-Ltn">dI paM kA ra shrI dz+nyA na</title>
                <title type="otherTitle" xml:lang="bo">རྗེ་དི་པམ་ཀ་ར་ཤྲི་ཛྙ་ན།</title>
                <title type="otherTitle" xml:lang="Bo-Ltn">rje di pam ka ra shri dz+nya na</title>
                <title type="otherTitle" xml:lang="bo">རྗེ་དཱི་པཾ་ཀ་ར་ཤྲཱི་ཛྙཱ་ན།</title>
                <title type="otherTitle" xml:lang="Bo-Ltn">rje dI paM ka ra shrI dz+nyA na</title>
                <title type="otherTitle" xml:lang="bo">པཎྜི་ཏ་ཆེན་པོ་དཱི་པཾ་ཀ་ར།</title>
                <title type="otherTitle" xml:lang="Bo-Ltn">paN+Di ta chen po dI paM ka ra</title>
                <title type="otherTitle" xml:lang="bo">རྗེ་དི་པམ་ཀ་རའི་ཞལ་སྔ་ནས།</title>
                <title type="otherTitle" xml:lang="Bo-Ltn">rje di pam ka ra'i zhal snga nas</title>
                <title type="otherTitle" xml:lang="bo">པཎྜི་ཏ་དཱིཔཾ་ཀ་ར་ཤྲཱི་ཛྙཱ་ན།</title>
                <title type="otherTitle" xml:lang="Bo-Ltn">paN+Di ta dIpaM ka ra shrI dz+nyA na</title>
                <title type="otherTitle" xml:lang="bo">མཁན་པོ་དི་པམ་ཀ་ར་ཤྲི་ཛྙ་ན།</title>
                <title type="otherTitle" xml:lang="Bo-Ltn">mkhan po di pam ka ra shri dz+nya na</title>
                <title type="otherTitle" xml:lang="bo">པནྡི་ཏ་དི་པམ་ཀ་ར་ཤྲི་ཛྙ་ན།</title>
                <title type="otherTitle" xml:lang="Bo-Ltn">pan+di ta di pam ka ra shri dz+nya na</title>
                <title type="otherTitle" xml:lang="bo">སློབ་དཔོན་ཆེན་པོ་མར་མེ་མཛད།</title>
                <title type="otherTitle" xml:lang="Bo-Ltn">slob dpon chen po mar me mdzad</title>
                <title type="otherTitle" xml:lang="bo">སློབ་དཔོན་མར་མེ་མཛད་ཡེ་ཤེས།</title>
                <title type="otherTitle" xml:lang="Bo-Ltn">slob dpon mar me mdzad ye shes</title>
                <title type="otherTitle" xml:lang="bo">གསེར་གླིང་པ་ཆོས་ཀྱི་གྲགས་པ།</title>
                <title type="otherTitle" xml:lang="Bo-Ltn">gser gling pa chos kyi grags pa</title>
                <title type="otherTitle" xml:lang="bo">སློབ་དཔོན་ཆེན་པོ་དཱི་པཾ་ཀ་ར།</title>
                <title type="otherTitle" xml:lang="Bo-Ltn">slob dpon chen po dI paM ka ra</title>
                <title type="otherTitle" xml:lang="bo">པཎྜི་ཏ་དཱི་པཾ་ཀ་ར་ཤྲཱི་ཛྙཱ་ན།</title>
                <title type="otherTitle" xml:lang="Bo-Ltn">paN+Di ta dI paM ka ra shrI dz+nyA na</title>
                <title type="otherTitle" xml:lang="bo">སློབ་དཔོན་ཆེན་པོ་དི་པམ་ཀ་ར།</title>
                <title type="otherTitle" xml:lang="Bo-Ltn">slob dpon chen po di pam ka ra</title>
                <title type="otherTitle" xml:lang="bo">རྒྱ་གར་གྱི་མཁན་པོ་མར་མེ་མཛད།</title>
                <title type="otherTitle" xml:lang="Bo-Ltn">rgya gar gyi mkhan po mar me mdzad</title>
                <title type="otherTitle" xml:lang="bo">རྒྱ་གར་གྱི་མཁན་པོ་དི་པམ་ཀ་ར།</title>
                <title type="otherTitle" xml:lang="Bo-Ltn">rgya gar gyi mkhan po di pam ka ra</title>
                <title type="otherTitle" xml:lang="bo">རྒྱ་གར་གྱི་མཁན་པོ་དཱི་པཾ་ཀ་ར།</title>
                <title type="otherTitle" xml:lang="Bo-Ltn">rgya gar gyi mkhan po dI paM ka ra</title>
                <title type="otherTitle" xml:lang="bo">རྒྱ་གར་གྱི་མཁན་པོ་ཤྲཱི་པཎྜི་ཏ།</title>
                <title type="otherTitle" xml:lang="Bo-Ltn">rgya gar gyi mkhan po shrI paN+Di ta</title>
                <title type="otherTitle" xml:lang="bo">སློབ་དཔོན་དི་བམ་ཀ་ར་ཤྲི་ཛྙ་ན།</title>
                <title type="otherTitle" xml:lang="Bo-Ltn">slob dpon di bam ka ra shri dz+nya na</title>
                <title type="otherTitle" xml:lang="bo">སློབ་དཔོན་དི་པམ་ཀ་ར་ཤྲི་ཛྙ་ན།</title>
                <title type="otherTitle" xml:lang="Bo-Ltn">slob dpon di pam ka ra shri dz+nya na</title>
                <title type="otherTitle" xml:lang="bo">སློབ་དཔོན་དཱི་བཾ་ཀ་ར་ཤྲཱི་ཛྙཱ་ན།</title>
                <title type="otherTitle" xml:lang="Bo-Ltn">slob dpon dI baM ka ra shrI dz+nyA na</title>
                <title type="otherTitle" xml:lang="bo">སློབ་དཔོན་དཱི་པཾ་ཀ་ར་ཤྲཱི་ཛྙཱ་ན།</title>
                <title type="otherTitle" xml:lang="Bo-Ltn">slob dpon dI paM ka ra shrI dz+nyA na</title>
                <title type="otherTitle" xml:lang="bo">སློབ་དཔོན་དཔལ་མར་མེ་མཛད་ཡེ་ཤེས།</title>
                <title type="otherTitle" xml:lang="Bo-Ltn">slob dpon dpal mar me mdzad ye shes</title>
                <title type="otherTitle" xml:lang="bo">སློབ་དཔོན་ཆེན་པོ་དཔལ་མར་མེ་མཛད།</title>
                <title type="otherTitle" xml:lang="Bo-Ltn">slob dpon chen po dpal mar me mdzad</title>
                <title type="otherTitle" xml:lang="bo">མཁས་པ་ཆེན་པོ་དི་པམ་ཀ་ར་ཤྲི་ཛྙ་ན།</title>
                <title type="otherTitle" xml:lang="Bo-Ltn">mkhas pa chen po di pam ka ra shri dz+nya na</title>
                <title type="otherTitle" xml:lang="bo">པནྡི་ཏ་ཆེན་པོ་དི་པམ་ཀ་ར་ཤྲི་ཛྙ་ན།</title>
                <title type="otherTitle" xml:lang="Bo-Ltn">pan+di ta chen po di pam ka ra shri dz+nya na</title>
                <title type="otherTitle" xml:lang="bo">མཁས་པ་ཆེན་པོ་འདི་པམ་ཀ་ར་ཤྲི་ཛྙ་ན།</title>
                <title type="otherTitle" xml:lang="Bo-Ltn">mkhas pa chen po 'di pam ka ra shri dz+nya na</title>
                <title type="otherTitle" xml:lang="bo">སློབ་དཔོན་མཁས་པ་ཆེན་པོ་མར་མེ་མཛད།</title>
                <title type="otherTitle" xml:lang="Bo-Ltn">slob dpon mkhas pa chen po mar me mdzad</title>
                <title type="otherTitle" xml:lang="bo">མཁས་པ་ཆེན་པོ་དཱི་པཾ་ཀ་ར་ཤྲཱི་ཛྙཱ་ན།</title>
                <title type="otherTitle" xml:lang="Bo-Ltn">mkhas pa chen po dI paM ka ra shrI dz+nyA na</title>
                <title type="otherTitle" xml:lang="bo">མཁས་པ་ཆེན་པོ་དཔལ་མར་མེ་མཛད་ཡེ་ཤེས།</title>
                <title type="otherTitle" xml:lang="Bo-Ltn">mkhas pa chen po dpal mar me mdzad ye shes</title>
                <title type="otherTitle" xml:lang="bo">པཎྜི་ཏ་ཆེན་པོ་དཱི་པཾ་ཀ་ར་ཤྲཱི་ཛྙཱ་ན།</title>
                <title type="otherTitle" xml:lang="Bo-Ltn">paN+Di ta chen po dI paM ka ra shrI dz+nyA na</title>
                <title type="otherTitle" xml:lang="bo">སློབ་དཔོན་ཆེན་པོ་མར་མེ་མཛད་ཡེ་ཤེས།</title>
                <title type="otherTitle" xml:lang="Bo-Ltn">slob dpon chen po mar me mdzad ye shes</title>
                <title type="otherTitle" xml:lang="bo">མཁས་པ་ཆེན་པོ་འདི་པཾ་ཀ་ར་ཤྲཱི་ཛྙཱ་ན།</title>
                <title type="otherTitle" xml:lang="Bo-Ltn">mkhas pa chen po 'di paM ka ra shrI dz+nyA na</title>
                <title type="otherTitle" xml:lang="bo">པཎྜི་ཏ་ཆེན་པོ་དཔལ་མར་མེ་མཛད་ཡེ་ཤེས།</title>
                <title type="otherTitle" xml:lang="Bo-Ltn">paN+Di ta chen po dpal mar me mdzad ye shes</title>
                <title type="otherTitle" xml:lang="bo">རྒྱ་གར་གྱི་མཁན་པོ་དི་པ་ཀ་ར་ཤྲི་ཛྙ་ན།</title>
                <title type="otherTitle" xml:lang="Bo-Ltn">rgya gar gyi mkhan po di pa ka ra shri dz+nya na</title>
                <title type="otherTitle" xml:lang="bo">རྒྱ་གར་གྱི་མཁན་པོ་དི་པམ་ཀར་ཤྲི་ཛྙ་ན།</title>
                <title type="otherTitle" xml:lang="Bo-Ltn">rgya gar gyi mkhan po di pam kar shri dz+nya na</title>
                <title type="otherTitle" xml:lang="bo">རྒྱ་གར་གྱི་མཁས་པ་དི་པམ་ཀ་ར་ཤྲི་ཛྙ་ན།</title>
                <title type="otherTitle" xml:lang="Bo-Ltn">rgya gar gyi mkhas pa di pam ka ra shri dz+nya na</title>
                <title type="otherTitle" xml:lang="bo">རྒྱ་གར་གྱི་པནྡི་ཏ་དི་པམྐ་ར་ཤྲི་ཛྙ་ན།</title>
                <title type="otherTitle" xml:lang="Bo-Ltn">rgya gar gyi pan+di ta di pam+ka ra shri dz+nya na</title>
                <title type="otherTitle" xml:lang="bo">རྒྱ་གར་གྱི་པནྡི་ཏ་དི་པམ་ཀ་ར་ཤྲི་ཛྙ་ན།</title>
                <title type="otherTitle" xml:lang="Bo-Ltn">rgya gar gyi pan+di ta di pam ka ra shri dz+nya na</title>
                <title type="otherTitle" xml:lang="bo">རྒྱ་གར་གྱི་མཁན་པོ་དཱི་པཾ་ཀར་ཤྲཱི་ཛྙཱ་ན།</title>
                <title type="otherTitle" xml:lang="Bo-Ltn">rgya gar gyi mkhan po dI paM kar shrI dz+nyA na</title>
                <title type="otherTitle" xml:lang="bo">སློབ་དཔོན་མཁས་པ་ཆེན་པོ་དཔལ་མར་མེ་མཛད།</title>
                <title type="otherTitle" xml:lang="Bo-Ltn">slob dpon mkhas pa chen po dpal mar me mdzad</title>
                <title type="otherTitle" xml:lang="bo">རྒྱ་གར་གྱི་མཁན་པོ་དི་པམ་ཀ་ར་ཤྲི་ཛྙ་ན།</title>
                <title type="otherTitle" xml:lang="Bo-Ltn">rgya gar gyi mkhan po di pam ka ra shri dz+nya na</title>
                <title type="otherTitle" xml:lang="bo">སློབ་དཔོན་མཁས་པ་དཔལ་མར་མེ་མཛད་ཡེ་ཤེས།</title>
                <title type="otherTitle" xml:lang="Bo-Ltn">slob dpon mkhas pa dpal mar me mdzad ye shes</title>
                <title type="otherTitle" xml:lang="bo">རྒྱ་གར་བྱི་མཁན་པོ་དི་པམ་ཀ་ར་ཤྲི་ཛྙ་ན།</title>
                <title type="otherTitle" xml:lang="Bo-Ltn">rgya gar byi mkhan po di pam ka ra shri dz+nya na</title>
                <title type="otherTitle" xml:lang="bo">རྒྱ་གར་གྱི་མཁན་པོ་དི་བམ་ཀ་ར་ཤྲི་ཛྙ་ན།</title>
                <title type="otherTitle" xml:lang="Bo-Ltn">rgya gar gyi mkhan po di bam ka ra shri dz+nya na</title>
                <title type="otherTitle" xml:lang="bo">སློབ་དཔོན་ཆེན་པོ་དཔལ་མར་མེ་མཛད་ཡེ་ཤེས།</title>
                <title type="otherTitle" xml:lang="Bo-Ltn">slob dpon chen po dpal mar me mdzad ye shes</title>
                <title type="otherTitle" xml:lang="bo">རྒྱ་གར་གྱི་མཁན་པོ་དཱི་པཾ་ཀ་ར་ཤྲཱི་ཛྙཱ་ན།</title>
                <title type="otherTitle" xml:lang="Bo-Ltn">rgya gar gyi mkhan po dI paM ka ra shrI dz+nyA na</title>
                <title type="otherTitle" xml:lang="bo">རྒྱ་གར་གྱི་མཁན་པོ་དཱི་པཾ་ཀཱ་ར་ཤྲཱི་ཛྙཱ་ན།</title>
                <title type="otherTitle" xml:lang="Bo-Ltn">rgya gar gyi mkhan po dI paM kA ra shrI dz+nyA na</title>
                <title type="otherTitle" xml:lang="bo">རྒྱ་གར་གྱི་མཁན་པོ་དཔལ་མར་མེ་མཛད་ཡེ་ཤེས།</title>
                <title type="otherTitle" xml:lang="Bo-Ltn">rgya gar gyi mkhan po dpal mar me mdzad ye shes</title>
                <title type="otherTitle" xml:lang="bo">གནས་བརྟན་མཁས་པ་ཆེན་པོ་དི་པམ་ཀ་ར་ཤྲི་ཛྙ་ན།</title>
                <title type="otherTitle" xml:lang="Bo-Ltn">gnas brtan mkhas pa chen po di pam ka ra shri dz+nya na</title>
                <title type="otherTitle" xml:lang="bo">བླ་མ་བྱང་ཆུབ་སེམས་དཔའ་དཱི་པཾ་ཀ་ར་ཤྲཱི་ཛྙཱ་ན།</title>
                <title type="otherTitle" xml:lang="Bo-Ltn">bla ma byang chub sems dpa' dI paM ka ra shrI dz+nyA na</title>
                <title type="otherTitle" xml:lang="bo">གནས་བརྟན་མཁས་པ་ཆེན་པོ་དཱི་པཾ་ཀ་ར་ཤྲཱི་ཛྙཱ་ན།</title>
                <title type="otherTitle" xml:lang="Bo-Ltn">gnas brtan mkhas pa chen po dI paM ka ra shrI dz+nyA na</title>
                <title type="otherTitle" xml:lang="bo">རྒྱ་གར་གྱི་མཁན་པོ་ཆེན་པོ་དི་པམ་ཀར་ཤྲི་ཛྙ་ན།</title>
                <title type="otherTitle" xml:lang="Bo-Ltn">rgya gar gyi mkhan po chen po di pam kar shri dz+nya na</title>
                <title type="otherTitle" xml:lang="bo">མཁས་པ་ཆེན་པོ་དི་པམ་ཀ་ར་ཤྲི་ཛྙ་ནའི་ཞལ་སྔ་ནས།</title>
                <title type="otherTitle" xml:lang="Bo-Ltn">mkhas pa chen po di pam ka ra shri dz+nya na'i zhal snga nas</title>
                <title type="otherTitle" xml:lang="bo">རྒྱ་གར་གྱི་མཁན་པོ་ཆེན་པོ་དི་པམ་ཀ་ར་ཤྲི་ཛྙ་ན།</title>
                <title type="otherTitle" xml:lang="Bo-Ltn">rgya gar gyi mkhan po chen po di pam ka ra shri dz+nya na</title>
                <title type="otherTitle" xml:lang="bo">སློབ་དཔོན་མཁས་པ་ཆེན་པོ་དཔལ་མར་མེ་མཛད་ཡེ་ཤེས།</title>
                <title type="otherTitle" xml:lang="Bo-Ltn">slob dpon mkhas pa chen po dpal mar me mdzad ye shes</title>
                <title type="otherTitle" xml:lang="bo">རྒྱ་གར་གྱི་མཁན་པོ་ཆེན་པོ་དཱི་པཾ་ཀར་ཤྲཱི་ཛྙཱ་ན།</title>
                <title type="otherTitle" xml:lang="Bo-Ltn">rgya gar gyi mkhan po chen po dI paM kar shrI dz+nyA na</title>
                <title type="otherTitle" xml:lang="bo">རྒྱ་གར་གྱི་མཁན་པོ་པནྡི་ཏ་དི་པམ་ཀ་ར་ཤྲི་ཛྙ་ན།</title>
                <title type="otherTitle" xml:lang="Bo-Ltn">rgya gar gyi mkhan po pan+di ta di pam ka ra shri dz+nya na</title>
                <title type="otherTitle" xml:lang="bo">སློབ་དཔོན་དཔལ་མར་མེ་མཛད་ཡེ་ཤེས་ཀྱི་ཞལ་སྔ་ནས།</title>
                <title type="otherTitle" xml:lang="Bo-Ltn">slob dpon dpal mar me mdzad ye shes kyi zhal snga nas</title>
                <title type="otherTitle" xml:lang="bo">མཁས་པ་ཆེན་པོ་དཱི་པཾ་ཀཱ་ར་ཤྲཱི་ཛྙཱ་ནའི་ཞལ་སྔ་ནས།</title>
                <title type="otherTitle" xml:lang="Bo-Ltn">mkhas pa chen po dI paM kA ra shrI dz+nyA na'i zhal snga nas</title>
                <title type="otherTitle" xml:lang="bo">རྒྱ་གར་གྱི་མཁན་པོ་མཁས་པར་གྲགས་པ་དཔལ་མར་མེ་མཛད།</title>
                <title type="otherTitle" xml:lang="Bo-Ltn">rgya gar gyi mkhan po mkhas par grags pa dpal mar me mdzad</title>
                <title type="otherTitle" xml:lang="bo">མ་ཧཱ་པཎྜི་ཏ་དཔལ་མར་མེ་མཛད་ཡེ་ཤེས་ཀྱི་ཞལ་སྔ་ནས།</title>
                <title type="otherTitle" xml:lang="Bo-Ltn">ma hA paN+Di ta dpal mar me mdzad ye shes kyi zhal snga nas</title>
                <title type="otherTitle" xml:lang="bo">རྒྱ་གར་གྱི་མཁན་པོ་ཆེན་པོ་དི་པམ་ཀ་རའི་ཞལ་སྔ་ནས།</title>
                <title type="otherTitle" xml:lang="Bo-Ltn">rgya gar gyi mkhan po chen po di pam ka ra'i zhal snga nas</title>
                <title type="otherTitle" xml:lang="bo">རྒྱ་གར་གྱི་མཁན་པོ་དི་པམ་ཀར་ཤྲི་ཛྙ་ནའི་ཞལ་སྔ་ནས།</title>
                <title type="otherTitle" xml:lang="Bo-Ltn">rgya gar gyi mkhan po di pam kar shri dz+nya na'i zhal snga nas</title>
                <title type="otherTitle" xml:lang="bo">རྒྱ་གར་གྱི་མཁན་པོ་དི་པམ་ཀ་ར་ཤྲི་ཛྙ་ནའི་ཞལ་སྔ་ནས།</title>
                <title type="otherTitle" xml:lang="Bo-Ltn">rgya gar gyi mkhan po di pam ka ra shri dz+nya na'i zhal snga nas</title>
                <title type="otherTitle" xml:lang="bo">རྒྱ་གར་གྱི་མཁན་པོ་དཱི་པཾ་ཀ་ར་ཤྲཱི་ཛྙཱ་ནའི་ཞལ་སྔ་ནས།</title>
                <title type="otherTitle" xml:lang="Bo-Ltn">rgya gar gyi mkhan po dI paM ka ra shrI dz+nyA na'i zhal snga nas</title>
                <title type="otherTitle" xml:lang="bo">རྒྱ་གར་གྱི་མཁན་པོ་འདི་པམ་ཀ་ར་ཤྲི་ཛྙ་ནའི་ཞལ་སྔ་ནས།</title>
                <title type="otherTitle" xml:lang="Bo-Ltn">rgya gar gyi mkhan po 'di pam ka ra shri dz+nya na'i zhal snga nas</title>
                <title type="otherTitle" xml:lang="bo">རྒྱ་གར་གྱི་མཁན་པོ་པནྡིཏ་ཆེན་པོ་དི་པམ་ཀ་ར་ཤྲི་ཛྙ་ན།</title>
                <title type="otherTitle" xml:lang="Bo-Ltn">rgya gar gyi mkhan po pan+dita chen po di pam ka ra shri dz+nya na</title>
                <title type="otherTitle" xml:lang="bo">སློབ་དཔོན་ཆེན་པོ་དཔལ་མར་མེ་མཛད་ཡེ་ཤེས་ཀྱི་ཞལ་སྔ་ནས།</title>
                <title type="otherTitle" xml:lang="Bo-Ltn">slob dpon chen po dpal mar me mdzad ye shes kyi zhal snga nas</title>
                <title type="otherTitle" xml:lang="bo">རྒྱ་གར་གྱི་མཁན་པོ་པནྡི་ཏ་ཆེན་པོ་དི་པམ་ཀ་ར་ཤྲི་ཛྙ་ན།</title>
                <title type="otherTitle" xml:lang="Bo-Ltn">rgya gar gyi mkhan po pan+di ta chen po di pam ka ra shri dz+nya na</title>
                <title type="otherTitle" xml:lang="bo">གྱ་གར་གྱི་མཁན་པོ་དཔལ་མར་མེ་མཛད་ཡེ་ཤེས་ཀྱི་ཞལ་སྔ་ནས།</title>
                <title type="otherTitle" xml:lang="Bo-Ltn">gya gar gyi mkhan po dpal mar me mdzad ye shes kyi zhal snga nas</title>
                <title type="otherTitle" xml:lang="bo">ཤཱ་ཀྱའི་གནས་བརྟན་མཁས་བ་ཆེན་པོ་དཔལ་མར་མེ་མཛད་ཡེ་ཤེས།</title>
                <title type="otherTitle" xml:lang="Bo-Ltn">shA kya'i gnas brtan mkhas ba chen po dpal mar me mdzad ye shes</title>
                <title type="otherTitle" xml:lang="bo">རྒྱ་གར་གྱི་མཁན་པོ་པཎྜི་ཏ་ཆེན་པོ་དཱི་པི་ཀ་ར་ཤྲཱི་ཛྙཱ་ན།</title>
                <title type="otherTitle" xml:lang="Bo-Ltn">rgya gar gyi mkhan po paN+Di ta chen po dI pi ka ra shrI dz+nyA na</title>
                <title type="otherTitle" xml:lang="bo">རྗེ་བཙུན་བླ་མ་ཆེན་པོ་དི་པམ་ཀ་ར་ཤྲི་ཛྙ་ན་ཀྱི་ཞལ་སྔ་ནས།</title>
                <title type="otherTitle" xml:lang="Bo-Ltn">rje btsun bla ma chen po di pam ka ra shri dz+nya na kyi zhal snga nas</title>
                <title type="otherTitle" xml:lang="bo">སློབ་དཔོན་མཁས་པ་ཆེན་པོ་དཔལ་མར་མེ་མཛད་ཡེ་ཤེས་ཀྱི་ཞལ་སྔ་ནས།</title>
                <title type="otherTitle" xml:lang="Bo-Ltn">slob dpon mkhas pa chen po dpal mar me mdzad ye shes kyi zhal snga nas</title>
                <title type="otherTitle" xml:lang="bo">ཡུལ་བྷཾ་ག་ལའི་སློབ་དཔོན་བསོད་སྙོམས་པ་དཔལ་མར་མེ་མཛད་ཡེ་ཤེས།</title>
                <title type="otherTitle" xml:lang="Bo-Ltn">yul b+haM ga la'i slob dpon bsod snyoms pa dpal mar me mdzad ye shes</title>
                <title type="otherTitle" xml:lang="bo">རྒྱ་གར་གྱི་མཁས་པ་ཆེན་པོ་བླ་མ་བྱང་ཆུབ་སེམས་དཔའ་བྷཾ་ག་ལ་པ་དཔལ་མར་མེ་མཛད་ཡེ་ཤེས་ཞབས།</title>
                <title type="otherTitle" xml:lang="Bo-Ltn">rgya gar gyi mkhas pa chen po bla ma byang chub sems dpa' b+haM ga la pa dpal mar me mdzad ye shes zhabs</title>
                <title type="otherTitle" xml:lang="bo">རྒྱ་གར་གྱི་མཁས་པ་ཆེན་པོ་བླ་མ་བྱང་ཆུབ་སེམས་དཔའ་བྷམ྄་ག་ལ་པ་དཔལ་མར་མེ་མཛད་ཡེ་ཤེས་ཞབས།</title>
                <title type="otherTitle" xml:lang="Bo-Ltn">rgya gar gyi mkhas pa chen po bla ma byang chub sems dpa' b+hama? ga la pa dpal mar me mdzad ye shes zhabs</title></titleStmt><editionStmt>
                <edition>v 0.1.2 <date>2024</date></edition>
            </editionStmt><publicationStmt><publisher><name>84000: Translating the Words of the Buddha</name></publisher><availability status="1.b"/><idno xml:id="EFT-KB-ATISA-DIPAMKARASRIJNANA"/><idno type="eft-kb-id">atisa-dipamkarasrijnana</idno><date>2021-11-04</date></publicationStmt><sourceDesc><p>Created by 84000: Translating the Words of the Buddha</p></sourceDesc><notesStmt/>    <revisionDesc>
            
                <change who="#admin" when="2023-07-30T22:39:48.323Z" type="text-version" status="0.1.1" xml:id="EFT-KB-ATISA-DIPAMKARASRIJNANA-4">
                    <desc>TEI migrated to 2.19.0</desc>
                </change>
                <change who="#admin" when="2024-01-29T08:46:15.224Z" type="text-version" status="0.1.2" xml:id="EFT-KB-ATISA-DIPAMKARASRIJNANA-5">
                    <desc>TEI migrated to 2.21.0 - author stub published</desc>
                </change>
                <change who="#admin" when="2024-01-29T08:46:15.224Z" type="publication-status" status="1.b" xml:id="EFT-KB-ATISA-DIPAMKARASRIJNANA-6">
                    <desc>Author stubs set to 1.b</desc>
                </change>
            </revisionDesc>
        </fileDesc></teiHeader><text><front/><body><div type="article"><div type="section" xml:id="EFT-KB-ATISA-DIPAMKARASRIJNANA-article-1"><head type="section" rend="default-text" tid="1">Article Section Heading</head><milestone unit="chunk" xml:id="EFT-KB-ATISA-DIPAMKARASRIJNANA-1"/><p rend="default-text" tid="2">Here's a paragraph to get you started. Replace this as you wish<note place="end" xml:id="EFT-KB-ATISA-DIPAMKARASRIJNANA-2">This is a ready-made footnote.</note>.</p></div></div></body><back><div type="listBibl"><head type="listBibl" tid="3">Bibliography</head><div type="section" xml:id="EFT-KB-ATISA-DIPAMKARASRIJNANA-listBibl-1"><head type="section" rend="default-text" tid="4">Bibliography Section Heading</head><bibl rend="default-text" xml:id="EFT-KB-ATISA-DIPAMKARASRIJNANA-3">This is a sample bibliographic reference with a <ref target="https://read.84000.co/translation/toh46.html">link example</ref>.</bibl></div></div><div type="glossary"><list type="glossary"/></div></back></text></TEI>