<?xml-model href="../schema/current/knowledgebase.rng" schematypens="http://relaxng.org/ns/structure/1.0"?><TEI xmlns="http://www.tei-c.org/ns/1.0" xmlns:eft="http://read.84000.co/ns/1.0" xmlns:tei="http://www.tei-c.org/ns/1.0"><teiHeader><fileDesc><titleStmt>
                <title type="mainTitle" xml:lang="Sa-Ltn">Avadhūtipa Advayavajra</title>
                <title type="otherTitle" xml:lang="bo">ཨ་ཝ་དྷཱུ་ཏཱི།</title>
                <title type="otherTitle" xml:lang="Bo-Ltn">a wa d+hU tI</title>
                <title type="otherTitle" xml:lang="bo">ཨ་བ་དྷཱུ་ཏཱི་པ།</title>
                <title type="otherTitle" xml:lang="Bo-Ltn">a ba d+hU tI pa</title>
                <title type="otherTitle" xml:lang="bo">དཔལ་ཨ་ཝ་དྷཱུ་ཏཱིའི་ཞབས།</title>
                <title type="otherTitle" xml:lang="Bo-Ltn">dpal a wa d+hU tI'i zhabs</title>
                <title type="otherTitle" xml:lang="bo">དཔལ་གཉིས་མེད་རྡོ་རྗེ།</title>
                <title type="otherTitle" xml:lang="Bo-Ltn">dpal gnyis med rdo rje</title>
                <title type="otherTitle" xml:lang="bo">སློབ་དཔོན་ཨ་བ་དྷཱུ་ཏཱི།</title>
                <title type="otherTitle" xml:lang="Bo-Ltn">slob dpon a ba d+hU tI</title>
                <title type="otherTitle" xml:lang="bo">སློབ་དཔོན་ཨ་ཝ་དྷཱུ་ཏཱི་པ།</title>
                <title type="otherTitle" xml:lang="Bo-Ltn">slob dpon a wa d+hU tI pa</title>
                <title type="otherTitle" xml:lang="bo">གཉིས་སུ་མེད་པའི་རྡོ་རྗེ།</title>
                <title type="otherTitle" xml:lang="Bo-Ltn">gnyis su med pa'i rdo rje</title>
                <title type="otherTitle" xml:lang="bo">དཔལ་ལྡན་གཉིས་མེད་རྡོ་རྗེ།</title>
                <title type="otherTitle" xml:lang="Bo-Ltn">dpal ldan gnyis med rdo rje</title>
                <title type="otherTitle" xml:lang="bo">སློབ་དཔོན་གཉིས་མེད་རྡོ་རྗེ།</title>
                <title type="otherTitle" xml:lang="Bo-Ltn">slob dpon gnyis med rdo rje</title>
                <title type="otherTitle" xml:lang="bo">ཨ་བ་དྷཱུ་ཏཱི་གཉིས་མེད་རྡོ་རྗེ།</title>
                <title type="otherTitle" xml:lang="Bo-Ltn">a ba d+hU tI gnyis med rdo rje</title>
                <title type="otherTitle" xml:lang="bo">སློབ་དཔོན་ཆེན་པོ་ཨ་ཝ་དྷཱུ་ཏཱི།</title>
                <title type="otherTitle" xml:lang="Bo-Ltn">slob dpon chen po a wa d+hU tI</title>
                <title type="otherTitle" xml:lang="bo">ཨ་ཝ་དྷཱུ་ཏཱི་པ་གཉིས་མེད་རྡོ་རྗེ།</title>
                <title type="otherTitle" xml:lang="Bo-Ltn">a wa d+hU tI pa gnyis med rdo rje</title>
                <title type="otherTitle" xml:lang="bo">པཎྜི་ཏ་གཉིས་སུ་མེད་པའི་རྡོ་རྗེ།</title>
                <title type="otherTitle" xml:lang="Bo-Ltn">paN+Di ta gnyis su med pa'i rdo rje</title>
                <title type="otherTitle" xml:lang="bo">སློབ་དཔོན་ཆེན་པོ་གཉིས་མེད་རྡོ་རྗེ།</title>
                <title type="otherTitle" xml:lang="Bo-Ltn">slob dpon chen po gnyis med rdo rje</title>
                <title type="otherTitle" xml:lang="bo">སློབ་དཔོན་གཉིས་སུ་མེད་པའི་རྡོ་རྗེ།</title>
                <title type="otherTitle" xml:lang="Bo-Ltn">slob dpon gnyis su med pa'i rdo rje</title>
                <title type="otherTitle" xml:lang="bo">དཔལ་པཎྜི་ཏ་གཉིས་སུ་མེད་པའི་རྡོ་རྗེ།</title>
                <title type="otherTitle" xml:lang="Bo-Ltn">dpal paN+Di ta gnyis su med pa'i rdo rje</title>
                <title type="otherTitle" xml:lang="bo">དཔལ་ལྡན་ངེས་པར་སྦྱངས་པ་གཉིས་སུ་མེད་པ།</title>
                <title type="otherTitle" xml:lang="Bo-Ltn">dpal ldan nges par sbyangs pa gnyis su med pa</title>
                <title type="otherTitle" xml:lang="bo">སློབ་དཔོན་ཆེན་པོ་དཔལ་གཉིས་མེད་རྡོ་རྗེ།</title>
                <title type="otherTitle" xml:lang="Bo-Ltn">slob dpon chen po dpal gnyis med rdo rje</title>
                <title type="otherTitle" xml:lang="bo">རྒྱ་གར་གྱི་མཁན་པོ་དཔལ་ལྡན་གཉིས་སུ་མེད་པ།</title>
                <title type="otherTitle" xml:lang="Bo-Ltn">rgya gar gyi mkhan po dpal ldan gnyis su med pa</title>
                <title type="otherTitle" xml:lang="bo">སློབ་དཔོན་ཨ་བ་དྷཱུ་ཏཱི་པ་གཉིས་མེད་རྡོ་རྗེ།</title>
                <title type="otherTitle" xml:lang="Bo-Ltn">slob dpon a ba d+hU tI pa gnyis med rdo rje</title>
                <title type="otherTitle" xml:lang="bo">ཨུ་རྒྱན་གྱི་སློབ་དཔོན་ཆེན་པོ་ཨ་བ་དྷཱུ་ཏཱི་པ།</title>
                <title type="otherTitle" xml:lang="Bo-Ltn">u rgyan gyi slob dpon chen po a ba d+hU tI pa</title>
                <title type="otherTitle" xml:lang="bo">སློབ་དཔོན་དཔལ་ལྡན་གཉིས་སུ་མེད་པའི་རྡོ་རྗེ།</title>
                <title type="otherTitle" xml:lang="Bo-Ltn">slob dpon dpal ldan gnyis su med pa'i rdo rje</title>
                <title type="otherTitle" xml:lang="bo">མཁས་པར་གྲགས་པ་དཔལ་ལྡན་ཉིས་སུ་མེད་པའི་རྡོ་རྗེ།</title>
                <title type="otherTitle" xml:lang="Bo-Ltn">mkhas par grags pa dpal ldan nyis su med pa'i rdo rje</title>
                <title type="otherTitle" xml:lang="bo">ཨུ་རྒྱན་གྱི་སློབ་དཔོན་ཤྲཱི་ཨ་ཝ་དྷཱུ་ཏཱི་པ་ཆེན་པོ།</title>
                <title type="otherTitle" xml:lang="Bo-Ltn">u rgyan gyi slob dpon shrI a wa d+hU tI pa chen po</title>
                <title type="otherTitle" xml:lang="bo">སློབ་དཔོན་ཨ་ཝ་དྷཱུ་ཏཱི་པ་གཉིས་སུ་མེད་པའི་རྡོ་རྗེ།</title>
                <title type="otherTitle" xml:lang="Bo-Ltn">slob dpon a wa d+hU tI pa gnyis su med pa'i rdo rje</title>
                <title type="otherTitle" xml:lang="bo">སློབ་དཔོན་ཨ་བ་དྷཱུ་ཏཱི་པ་གཉིས་སུ་མེད་པའི་རྡོ་རྗེ།</title>
                <title type="otherTitle" xml:lang="Bo-Ltn">slob dpon a ba d+hU tI pa gnyis su med pa'i rdo rje</title>
                <title type="otherTitle" xml:lang="bo">རྒྱ་གར་གྱི་མཁན་པོ་དཔལ་ལྡན་གཉིས་སུ་མེད་པའི་རྡོ་རྗེ།</title>
                <title type="otherTitle" xml:lang="Bo-Ltn">rgya gar gyi mkhan po dpal ldan gnyis su med pa'i rdo rje</title>
                <title type="otherTitle" xml:lang="bo">མཁས་པ་ཆེན་པོ་གཉིས་སུ་མེད་པའི་རྡོ་རྗེ་ཨ་བ་དྷཱུ་ཏཱི་པ།</title>
                <title type="otherTitle" xml:lang="Bo-Ltn">mkhas pa chen po gnyis su med pa'i rdo rje a ba d+hU tI pa</title>
                <title type="otherTitle" xml:lang="bo">པཎྜི་ཏ་ཨ་བ་དྷཱུ་ཏཱི་པ་དཔལ་ལྡན་གཉིས་མེད་རྡོ་རྗེའི་ཞབས།</title>
                <title type="otherTitle" xml:lang="Bo-Ltn">paN+Di ta a ba d+hU tI pa dpal ldan gnyis med rdo rje'i zhabs</title>
                <title type="otherTitle" xml:lang="bo">སློབ་དཔོན་ཨ་ཝ་དྷཱུ་ཏཱི་པ་དཔལ་གཉིས་སུ་མེད་པའི་རྡོ་རྗེ།</title>
                <title type="otherTitle" xml:lang="Bo-Ltn">slob dpon a wa d+hU tI pa dpal gnyis su med pa'i rdo rje</title>
                <title type="otherTitle" xml:lang="bo">སློབ་དཔོན་ཆེན་པོ་གཉིས་མེད་རྡོ་རྗེ་ཞབས་ཀྱི་ཞལ་སྔ་ནས།</title>
                <title type="otherTitle" xml:lang="Bo-Ltn">slob dpon chen po gnyis med rdo rje zhabs kyi zhal snga nas</title>
                <title type="otherTitle" xml:lang="bo">རྒྱ་གར་གྱི་མཁན་པོ་ཨ་བ་དྷཱུ་ཏཱི་པ་དཔལ་གཉིས་མེད་རྡོ་རྗེ།</title>
                <title type="otherTitle" xml:lang="Bo-Ltn">rgya gar gyi mkhan po a ba d+hU tI pa dpal gnyis med rdo rje</title>
                <title type="otherTitle" xml:lang="bo">མཁས་པ་ཆེན་པོ་ངེས་པར་སྦྱངས་པ་དཔལ་གཉིས་སུ་མེད་པའི་རྡོ་རྗེ།</title>
                <title type="otherTitle" xml:lang="Bo-Ltn">mkhas pa chen po nges par sbyangs pa dpal gnyis su med pa'i rdo rje</title>
                <title type="otherTitle" xml:lang="bo">རྒྱ་གར་གྱི་མཁན་པོ་དཔལ་བྲམ་ཟེ་ཨ་ཝ་དྷུ་ཏི་པ་ཆེན་པོ་དཔེ་མེད།</title>
                <title type="otherTitle" xml:lang="Bo-Ltn">rgya gar gyi mkhan po dpal bram ze a wa d+hu ti pa chen po dpe med</title>
                <title type="otherTitle" xml:lang="bo">པཎྜི་ཏ་ཆེན་པོ་ཨ་བ་དྷཱུ་ཏཱི་པ་དཔལ་ལྡན་གཉིས་མེད་རྡོ་རྗེའི་ཞབས།</title>
                <title type="otherTitle" xml:lang="Bo-Ltn">paN+Di ta chen po a ba d+hU tI pa dpal ldan gnyis med rdo rje'i zhabs</title>
                <title type="otherTitle" xml:lang="bo">སློབ་དཔོན་མཁས་པ་ཆེན་པོ་ངེས་པར་སྦྱངས་པ་གཉིས་སུ་མེད་པའི་རྡོ་རྗེ།</title>
                <title type="otherTitle" xml:lang="Bo-Ltn">slob dpon mkhas pa chen po nges par sbyangs pa gnyis su med pa'i rdo rje</title>
                <title type="otherTitle" xml:lang="bo">བྷངྒ་ལའི་མཁས་པ་དཔལ་ངེས་པར་སྦྱངས་པ་དཔལ་ལྡན་གཉིས་སུ་མེད་པའི་རྡོ་རྗེ།</title>
                <title type="otherTitle" xml:lang="Bo-Ltn">b+hang+ga la'i mkhas pa dpal nges par sbyangs pa dpal ldan gnyis su med pa'i rdo rje</title></titleStmt><editionStmt>
                <edition>v 0.1.2 <date>2024</date></edition>
            </editionStmt><publicationStmt><publisher><name>84000: Translating the Words of the Buddha</name></publisher><availability status="1.b"/><idno xml:id="EFT-KB-AVADHUTIPA-ADVAYAVAJRA"/><idno type="eft-kb-id">avadhutipa-advayavajra</idno><date>2021-11-04</date></publicationStmt><sourceDesc><p>Created by 84000: Translating the Words of the Buddha</p></sourceDesc><notesStmt/>    <revisionDesc>
            
                <change who="#admin" when="2023-07-30T22:39:48.323Z" type="text-version" status="0.1.1" xml:id="EFT-KB-AVADHUTIPA-ADVAYAVAJRA-4">
                    <desc>TEI migrated to 2.19.0</desc>
                </change>
                <change who="#admin" when="2024-01-29T08:46:15.224Z" type="text-version" status="0.1.2" xml:id="EFT-KB-AVADHUTIPA-ADVAYAVAJRA-5">
                    <desc>TEI migrated to 2.21.0 - author stub published</desc>
                </change>
                <change who="#admin" when="2024-01-29T08:46:15.224Z" type="publication-status" status="1.b" xml:id="EFT-KB-AVADHUTIPA-ADVAYAVAJRA-6">
                    <desc>Author stubs set to 1.b</desc>
                </change>
            </revisionDesc>
        </fileDesc></teiHeader><text><front/><body><div type="article"><div type="section" xml:id="EFT-KB-AVADHUTIPA-ADVAYAVAJRA-article-1"><head type="section" rend="default-text" tid="1">Article Section Heading</head><milestone unit="chunk" xml:id="EFT-KB-AVADHUTIPA-ADVAYAVAJRA-1"/><p rend="default-text" tid="2">Here's a paragraph to get you started. Replace this as you wish<note place="end" xml:id="EFT-KB-AVADHUTIPA-ADVAYAVAJRA-2">This is a ready-made footnote.</note>.</p></div></div></body><back><div type="listBibl"><head type="listBibl" tid="3">Bibliography</head><div type="section" xml:id="EFT-KB-AVADHUTIPA-ADVAYAVAJRA-listBibl-1"><head type="section" rend="default-text" tid="4">Bibliography Section Heading</head><bibl rend="default-text" xml:id="EFT-KB-AVADHUTIPA-ADVAYAVAJRA-3">This is a sample bibliographic reference with a <ref target="https://read.84000.co/translation/toh46.html">link example</ref>.</bibl></div></div><div type="glossary"><list type="glossary"/></div></back></text></TEI>