<?xml-model href="../schema/current/knowledgebase.rng" schematypens="http://relaxng.org/ns/structure/1.0"?><TEI xmlns="http://www.tei-c.org/ns/1.0" xmlns:eft="http://read.84000.co/ns/1.0" xmlns:tei="http://www.tei-c.org/ns/1.0"><teiHeader><fileDesc><titleStmt>
                <title type="mainTitle" xml:lang="Sa-Ltn">Buddhaśrījñānapāda</title>
                <title type="otherTitle" xml:lang="bo">སློབ་དཔོན་སངས་རྒྱས་ཡེ་ཤེས།</title>
                <title type="otherTitle" xml:lang="Bo-Ltn">slob dpon sangs rgyas ye shes</title>
                <title type="otherTitle" xml:lang="bo">སློབ་དཔོན་བུད་དྷ་ཤྲཱི་ཛྙཱ་ན།</title>
                <title type="otherTitle" xml:lang="Bo-Ltn">slob dpon bud d+ha shrI dz+nyA na</title>
                <title type="otherTitle" xml:lang="bo">སློབ་དཔོན་སངས་རྒྱས་ཡེ་ཤེས་ཞབས།</title>
                <title type="otherTitle" xml:lang="Bo-Ltn">slob dpon sangs rgyas ye shes zhabs</title>
                <title type="otherTitle" xml:lang="bo">རྣལ་འབྱོར་ཆེན་པོ་བུདྡྷ་ཛྙཱ་ན་པཱ་ད།</title>
                <title type="otherTitle" xml:lang="Bo-Ltn">rnal 'byor chen po bud+d+ha dz+nyA na pA da</title>
                <title type="otherTitle" xml:lang="bo">སློབ་དཔོན་སངས་རྒྱས་ཡེ་ཤེས་ཀྱི་ཞལ་སྔ་ནས།</title>
                <title type="otherTitle" xml:lang="Bo-Ltn">slob dpon sangs rgyas ye shes kyi zhal snga nas</title>
                <title type="otherTitle" xml:lang="bo">རྣལ་འབྱོར་གྱི་དབང་ཕྱུག་སངས་རྒྱས་ཡེ་ཤེས་ཞབས།</title>
                <title type="otherTitle" xml:lang="Bo-Ltn">rnal 'byor gyi dbang phyug sangs rgyas ye shes zhabs</title>
                <title type="otherTitle" xml:lang="bo">སློབ་དཔོན་མི་བསྐྱོད་རྡོ་རྗེ་སངས་རྒྱས་ཡེ་ཤེས།</title>
                <title type="otherTitle" xml:lang="Bo-Ltn">slob dpon mi bskyod rdo rje sangs rgyas ye shes</title>
                <title type="otherTitle" xml:lang="bo">སློབ་དཔོན་ཆེན་པོ་སངས་རྒྱས་ཡེ་ཤེས་ཀྱི་ཞལ་སྔ་ནས།</title>
                <title type="otherTitle" xml:lang="Bo-Ltn">slob dpon chen po sangs rgyas ye shes kyi zhal snga nas</title>
                <title type="otherTitle" xml:lang="bo">སློབ་དཔོན་ཆེན་པོ་སངས་རྒྱས་ཡེ་ཤེས་ཞབས་ཀྱི་ཞལ་སྔ་ནས།</title>
                <title type="otherTitle" xml:lang="Bo-Ltn">slob dpon chen po sangs rgyas ye shes zhabs kyi zhal snga nas</title>
                <title type="otherTitle" xml:lang="bo">དཀྱིལ་འཁོར་ཆེན་པོའི་སློབ་དཔོན་སངས་རྒྱས་དཔལ་ཡེ་ཤེས་ཞབས།</title>
                <title type="otherTitle" xml:lang="Bo-Ltn">dkyil 'khor chen po'i slob dpon sangs rgyas dpal ye shes zhabs</title>
                <title type="otherTitle" xml:lang="bo">དཀྱིལ་འཁོར་གྱི་སློབ་དཔོན་ཆེན་པོ་ལྷ་སངས་རྒྱས་དཔལ་གྱི་ཡེ་ཤེས་ཞབས།</title>
                <title type="otherTitle" xml:lang="Bo-Ltn">dkyil 'khor gyi slob dpon chen po lha sangs rgyas dpal gyi ye shes zhabs</title>
                <title type="otherTitle" xml:lang="bo">དཔལ་ལྡན་ཨུ་རྒྱན་ཡུལ་ནས་བྱུང་བའི་སངས་རྒྱས་ཡེ་ཤེས་ཞབས་ཀྱི་ཞལ་སྔ་ནས།</title>
                <title type="otherTitle" xml:lang="Bo-Ltn">dpal ldan u rgyan yul nas byung ba'i sangs rgyas ye shes zhabs kyi zhal snga nas</title>
                <title type="otherTitle" xml:lang="bo">དཀྱིལ་འཁོར་ཆེན་པོའི་རྡོ་རྗེ་སློབ་དཔོན་སངས་རྒྱས་དཔལ་ཡེ་ཤེས་ཞབས་ཀྱི་ཞལ་སྔ་ནས།</title>
                <title type="otherTitle" xml:lang="Bo-Ltn">dkyil 'khor chen po'i rdo rje slob dpon sangs rgyas dpal ye shes zhabs kyi zhal snga nas</title></titleStmt><editionStmt>
                <edition>v 0.1.2 <date>2024</date></edition>
            </editionStmt><publicationStmt><publisher><name>84000: Translating the Words of the Buddha</name></publisher><availability status="1.b"/><idno xml:id="EFT-KB-BUDDHASRIJNANAPADA"/><idno type="eft-kb-id">buddhasrijnanapada</idno><date>2021-11-04</date></publicationStmt><sourceDesc><p>Created by 84000: Translating the Words of the Buddha</p></sourceDesc><notesStmt/>    <revisionDesc>
            
                <change who="#admin" when="2023-07-30T22:39:48.323Z" type="text-version" status="0.1.1" xml:id="EFT-KB-BUDDHASRIJNANAPADA-4">
                    <desc>TEI migrated to 2.19.0</desc>
                </change>
                <change who="#admin" when="2024-01-29T08:46:15.224Z" type="text-version" status="0.1.2" xml:id="EFT-KB-BUDDHASRIJNANAPADA-5">
                    <desc>TEI migrated to 2.21.0 - author stub published</desc>
                </change>
                <change who="#admin" when="2024-01-29T08:46:15.224Z" type="publication-status" status="1.b" xml:id="EFT-KB-BUDDHASRIJNANAPADA-6">
                    <desc>Author stubs set to 1.b</desc>
                </change>
            </revisionDesc>
        </fileDesc></teiHeader><text><front/><body><div type="article"><div type="section" xml:id="EFT-KB-BUDDHASRIJNANAPADA-article-1"><head type="section" rend="default-text" tid="1">Article Section Heading</head><milestone unit="chunk" xml:id="EFT-KB-BUDDHASRIJNANAPADA-1"/><p rend="default-text" tid="2">Here's a paragraph to get you started. Replace this as you wish<note place="end" xml:id="EFT-KB-BUDDHASRIJNANAPADA-2">This is a ready-made footnote.</note>.</p></div></div></body><back><div type="listBibl"><head type="listBibl" tid="3">Bibliography</head><div type="section" xml:id="EFT-KB-BUDDHASRIJNANAPADA-listBibl-1"><head type="section" rend="default-text" tid="4">Bibliography Section Heading</head><bibl rend="default-text" xml:id="EFT-KB-BUDDHASRIJNANAPADA-3">This is a sample bibliographic reference with a <ref target="https://read.84000.co/translation/toh46.html">link example</ref>.</bibl></div></div><div type="glossary"><list type="glossary"/></div></back></text></TEI>