<?xml-model href="../schema/current/knowledgebase.rng" schematypens="http://relaxng.org/ns/structure/1.0"?><TEI xmlns="http://www.tei-c.org/ns/1.0" xmlns:eft="http://read.84000.co/ns/1.0" xmlns:tei="http://www.tei-c.org/ns/1.0">
    <teiHeader>
        <fileDesc>
            <titleStmt>
                <title type="mainTitle" xml:lang="Sa-Ltn">Dānaśīla (III)</title>
                <title type="otherTitle" xml:lang="bo">དཱ་ན་ཤཱི་ལ།</title>
                <title type="otherTitle" xml:lang="Bo-Ltn">dA na shI la</title>
                <title type="otherTitle" xml:lang="bo">པནྡི་ཏ་ད་ན་ཤི་ལ།</title>
                <title type="otherTitle" xml:lang="Bo-Ltn">pan+di ta da na shi la</title>
                <title type="otherTitle" xml:lang="bo">པཎྜི་ཏ་དཱ་ན་ཤཱི་ལ།</title>
                <title type="otherTitle" xml:lang="Bo-Ltn">paN+Di ta dA na shI la</title>
                <title type="otherTitle" xml:lang="bo">སྦྱིན་པ་ཚུལ་ཁྲིམས།</title>
                <title type="otherTitle" xml:lang="Bo-Ltn">sbyin pa tshul khrims</title>
                <title type="otherTitle" xml:lang="bo">པནྡི་ཏ་ཆེན་པོ་ད་ན་ཤི་ལ།</title>
                <title type="otherTitle" xml:lang="Bo-Ltn">pan+di ta chen po da na shi la</title>
                <title type="otherTitle" xml:lang="bo">རྒྱ་གར་གྱི་པཎྜི་ཏ་དཱ་ན་ཤཱི་ལ།</title>
                <title type="otherTitle" xml:lang="Bo-Ltn">rgya gar gyi paN+Di ta dA na shI la</title>
                <title type="otherTitle" xml:lang="bo">རྒྱ་གར་ཤར་ཕྱོགས་ཀྱི་པན་ཆེན་དན་ཤི་ལ།</title>
                <title type="otherTitle" xml:lang="Bo-Ltn">rgya gar shar phyogs kyi pan chen dan shi la</title>
                <title type="otherTitle" xml:lang="bo">རྒྱ་གར་ཤར་ཕྱོགས་ཀྱི་པནྡི་ཏ་ད་ན་ཤི་ལ།</title>
                <title type="otherTitle" xml:lang="Bo-Ltn">rgya gar shar phyogs kyi pan+di ta da na shi la</title>
                <title type="otherTitle" xml:lang="bo">རྒྱ་གར་ཤར་ཕྱོགས་ཀྱི་པཎྜི་ཏ་དཱ་ན་ཤཱི་ལ།</title>
                <title type="otherTitle" xml:lang="Bo-Ltn">rgya gar shar phyogs kyi paN+Di ta dA na shI la</title>
                <title type="otherTitle" xml:lang="bo">རྒྱ་གར་ཤར་ཕྱོགས་བྷངྒ་ལའི་པཎྜི་ཏ་དཱ་ན་ཤཱི་ལ།</title>
                <title type="otherTitle" xml:lang="Bo-Ltn">rgya gar shar phyogs b+hang+ga la'i paN+Di ta dA na shI la</title>
                <title type="otherTitle" xml:lang="bo">རྒྱ་གར་ཤར་ཕྱོགས་བྷམ྄་ག་ལའི་པནྡི་ཏ་ད་ན་ཤི་ལ།</title>
                <title type="otherTitle" xml:lang="Bo-Ltn">rgya gar shar phyogs b+hama? ga la'i pan+di ta da na shi la</title>
                <title type="otherTitle" xml:lang="bo">རྒྱ་གར་ཤར་ཕྱོགས་ཀྱི་པནྡི་ཏ་ཆེན་པོ་ད་ན་ཤི་ལ།</title>
                <title type="otherTitle" xml:lang="Bo-Ltn">rgya gar shar phyogs kyi pan+di ta chen po da na shi la</title>
                <title type="otherTitle" xml:lang="bo">ཤར་ཕྱོགས་ཛ་ག་ཏ་ལའི་པཎྜི་ཏ་ཆེན་པོ་དཱ་ན་ཤཱི་ལ།</title>
                <title type="otherTitle" xml:lang="Bo-Ltn">shar phyogs dza ga ta la'i paN+Di ta chen po dA na shI la</title>
                <title type="otherTitle" xml:lang="bo">རྒྱ་གར་ཤར་ཕྱོགས་ཀྱི་པཎྜི་ཏ་ཆེན་པོ་དཱ་ན་ཤཱི་ལ།</title>
                <title type="otherTitle" xml:lang="Bo-Ltn">rgya gar shar phyogs kyi paN+Di ta chen po dA na shI la</title>
                <title type="otherTitle" xml:lang="bo">རྒྱ་གར་གྱི་མཁན་པོ་བྱང་ཆུབ་སེམས་དཔའ་དཱ་ན་ཤཱི་ལ།</title>
                <title type="otherTitle" xml:lang="Bo-Ltn">rgya gar gyi mkhan po byang chub sems dpa' dA na shI la</title>
                <title type="otherTitle" xml:lang="bo">རྒྱ་གར་ཕྱོགས་ཀྱི་པནྡི་ཏ་མཁས་པ་ཆེན་པོ་ད་ན་ཤི་ལ།</title>
                <title type="otherTitle" xml:lang="Bo-Ltn">rgya gar phyogs kyi pan+di ta mkhas pa chen po da na shi la</title>
                <title type="otherTitle" xml:lang="bo">རྒྱ་གར་ཤར་ཕྱོགས་ཛ་ག་ཏ་ལའི་པནྡི་ཏ་ཆེན་པོ་ད་ན་ཤི་ལ།</title>
                <title type="otherTitle" xml:lang="Bo-Ltn">rgya gar shar phyogs dza ga ta la'i pan+di ta chen po da na shi la</title>
                <title type="otherTitle" xml:lang="bo">རྒྱ་གར་ཤར་ཕྱོགས་ཀྱི་པནྡི་ཏ་དཔལ་མཁས་པ་ཆེན་པོ་ད་ན་ཤི་ལ།</title>
                <title type="otherTitle" xml:lang="Bo-Ltn">rgya gar shar phyogs kyi pan+di ta dpal mkhas pa chen po da na shi la</title>
                <title type="otherTitle" xml:lang="bo">རྒྱ་གར་ཤར་ཕྱོགས་བ་རེན་དའི་ཛ་ག་ལའི་པནྡི་ཏ་ཆེན་པོ་ད་ན་ཤི་ལ།</title>
                <title type="otherTitle" xml:lang="Bo-Ltn">rgya gar shar phyogs ba ren da'i dza ga la'i pan+di ta chen po da na shi la</title>
                <title type="otherTitle" xml:lang="bo">རྒྱ་གར་ཤར་ཕྱོགས་པ་རེནྡྲ་ཛི་ག་ཏ་ལའི་པནྡི་ཏ་ཆེན་པོ་ད་ན་ཤི་ལ།</title>
                <title type="otherTitle" xml:lang="Bo-Ltn">rgya gar shar phyogs pa ren+d+ra dzi ga ta la'i pan+di ta chen po da na shi la</title>
                <title type="otherTitle" xml:lang="bo">རྒྱ་གར་ཤར་ཕྱོགས་ཛ་ག་ཏ་ལའི་པནྡི་ཏ་དཔལ་མཁས་པ་ཆེན་པོ་ད་ན་ཤི་ལ།</title>
                <title type="otherTitle" xml:lang="Bo-Ltn">rgya gar shar phyogs dza ga ta la'i pan+di ta dpal mkhas pa chen po da na shi la</title>
            </titleStmt>
            <editionStmt>
                <edition>v 0.1.1 <date>2023</date></edition>
            </editionStmt>
            <publicationStmt>
                <publisher>
                    <name>84000: Translating the Words of the Buddha</name>
                </publisher>
                <availability status="3"/><idno xml:id="EFT-KB-DANASILA-III"/>
                <idno type="eft-kb-id">danasila-iii</idno>
                <date>2021-11-04</date>
            </publicationStmt>
            <sourceDesc>
                <p>Created by 84000: Translating the Words of the Buddha</p>
            </sourceDesc>
            <notesStmt/>
            <revisionDesc>
            
                <change who="#admin" when="2023-07-30T22:39:48.323Z" type="text-version" status="0.1.1" xml:id="EFT-KB-DANASILA-III-4">
                    <desc>TEI migrated to 2.19.0</desc>
                </change>
            </revisionDesc>
        </fileDesc>
    </teiHeader>
    <text>
        <front/>
        <body>
            <div type="article">
                <div type="section" xml:id="EFT-KB-DANASILA-III-article-1">
                    <head type="section" rend="default-text" tid="1">Article Section Heading</head>
                    <milestone unit="chunk" xml:id="EFT-KB-DANASILA-III-1"/>
                    <p rend="default-text" tid="2">Here's a paragraph to get you started. Replace this as you wish<note place="end" xml:id="EFT-KB-DANASILA-III-2">This is a ready-made
                            footnote.</note>.</p>
                </div>
            </div>
        </body>
        <back>
            <div type="listBibl">
                <head type="listBibl" tid="3">Bibliography</head>
                <div type="section" xml:id="EFT-KB-DANASILA-III-listBibl-1">
                    <head type="section" rend="default-text" tid="4">Bibliography Section Heading</head>
                    <bibl rend="default-text" xml:id="EFT-KB-DANASILA-III-3">This is a sample bibliographic reference with a <ref target="https://read.84000.co/translation/toh46.html">link
                            example</ref>.</bibl>
                </div>
            </div>
            <div type="glossary">
                <list type="glossary"/>
            </div>
        </back>
    </text>
</TEI>