<?xml-model href="../schema/current/knowledgebase.rng" schematypens="http://relaxng.org/ns/structure/1.0"?><TEI xmlns="http://www.tei-c.org/ns/1.0" xmlns:eft="http://read.84000.co/ns/1.0" xmlns:tei="http://www.tei-c.org/ns/1.0">
    <teiHeader>
        <fileDesc>
            <titleStmt>
                <title type="mainTitle" xml:lang="Sa-Ltn">Dharmapāla (II)</title>
                <title type="otherTitle" xml:lang="bo">སློབ་དཔོན་ཆོས་སྐྱོང་།</title>
                <title type="otherTitle" xml:lang="Bo-Ltn">slob dpon chos skyong </title>
            </titleStmt>
            <editionStmt>
                <edition>v 0.1.1 <date>2023</date></edition>
            </editionStmt>
            <publicationStmt>
                <publisher>
                    <name>84000: Translating the Words of the Buddha</name>
                </publisher>
                <availability status="3"/><idno xml:id="EFT-KB-DHARMAPALA-II"/>
                <idno type="eft-kb-id">dharmapala-ii</idno>
                <date>2021-11-04</date>
            </publicationStmt>
            <sourceDesc>
                <p>Created by 84000: Translating the Words of the Buddha</p>
            </sourceDesc>
            <notesStmt/>
            <revisionDesc>
            
                <change who="#admin" when="2023-07-30T22:39:48.323Z" type="text-version" status="0.1.1" xml:id="EFT-KB-DHARMAPALA-II-4">
                    <desc>TEI migrated to 2.19.0</desc>
                </change>
            </revisionDesc>
        </fileDesc>
    </teiHeader>
    <text>
        <front/>
        <body>
            <div type="article">
                <div type="section" xml:id="EFT-KB-DHARMAPALA-II-article-1">
                    <head type="section" rend="default-text" tid="1">Article Section Heading</head>
                    <milestone unit="chunk" xml:id="EFT-KB-DHARMAPALA-II-1"/>
                    <p rend="default-text" tid="2">Here's a paragraph to get you started. Replace this as you wish<note place="end" xml:id="EFT-KB-DHARMAPALA-II-2">This is a ready-made
                            footnote.</note>.</p>
                </div>
            </div>
        </body>
        <back>
            <div type="listBibl">
                <head type="listBibl" tid="3">Bibliography</head>
                <div type="section" xml:id="EFT-KB-DHARMAPALA-II-listBibl-1">
                    <head type="section" rend="default-text" tid="4">Bibliography Section Heading</head>
                    <bibl rend="default-text" xml:id="EFT-KB-DHARMAPALA-II-3">This is a sample bibliographic reference with a <ref target="https://read.84000.co/translation/toh46.html">link
                            example</ref>.</bibl>
                </div>
            </div>
            <div type="glossary">
                <list type="glossary"/>
            </div>
        </back>
    </text>
</TEI>