<?xml-model href="../schema/current/knowledgebase.rng" schematypens="http://relaxng.org/ns/structure/1.0"?><TEI xmlns="http://www.tei-c.org/ns/1.0" xmlns:eft="http://read.84000.co/ns/1.0" xmlns:tei="http://www.tei-c.org/ns/1.0"><teiHeader><fileDesc><titleStmt>
                <title type="mainTitle" xml:lang="Sa-Ltn">Ḍombi Heruka</title>
                <title type="otherTitle" xml:lang="bo">ཌོམྦི་ཧེ་རུ་ཀ།</title>
                <title type="otherTitle" xml:lang="Bo-Ltn">Dom+bi he ru ka</title>
                <title type="otherTitle" xml:lang="bo">སློབ་དཔོན་ཌོཾ་བི།</title>
                <title type="otherTitle" xml:lang="Bo-Ltn">slob dpon DoM bi</title>
                <title type="otherTitle" xml:lang="bo">དཔལ་ཌོཾ་བི་ཧེ་རུ་ཀ།</title>
                <title type="otherTitle" xml:lang="Bo-Ltn">dpal DoM bi he ru ka</title>
                <title type="otherTitle" xml:lang="bo">སློབ་དཔོན་ཌོཾ་བི་པ།</title>
                <title type="otherTitle" xml:lang="Bo-Ltn">slob dpon DoM bi pa</title>
                <title type="otherTitle" xml:lang="bo">སློབ་དཔོན་ཌོམྦི་ཧེ་རུ་ཀ།</title>
                <title type="otherTitle" xml:lang="Bo-Ltn">slob dpon Dom+bi he ru ka</title>
                <title type="otherTitle" xml:lang="bo">ཌོམྦི་ཧེ་རུ་ཀའི་ཞལ་སྔ་ནས།</title>
                <title type="otherTitle" xml:lang="Bo-Ltn">Dom+bi he ru ka'i zhal snga nas</title>
                <title type="otherTitle" xml:lang="bo">སློབ་དཔོན་ཆེན་པོ་ཌོམྦི་ཀེ་རུ་ཀ།</title>
                <title type="otherTitle" xml:lang="Bo-Ltn">slob dpon chen po Dom+bi ke ru ka</title>
                <title type="otherTitle" xml:lang="bo">སློབ་དཔོན་ཆེན་པོ་ཌོཾ་བི་ཧེ་རུ་ཀ།</title>
                <title type="otherTitle" xml:lang="Bo-Ltn">slob dpon chen po DoM bi he ru ka</title>
                <title type="otherTitle" xml:lang="bo">སློབ་དཔོན་ཌོམྦི་ཧེ་རུ་ཀའི་ཞལ་སྔ་ནས།</title>
                <title type="otherTitle" xml:lang="Bo-Ltn">slob dpon Dom+bi he ru ka'i zhal snga nas</title>
                <title type="otherTitle" xml:lang="bo">སློབ་དཔོན་ཆེན་པོ་ཌོཾ་བི་ཧེ་རུ་ཀའི་ཞལ་སྔ་ནས།</title>
                <title type="otherTitle" xml:lang="Bo-Ltn">slob dpon chen po DoM bi he ru ka'i zhal snga nas</title></titleStmt><editionStmt>
                <edition>v 0.1.2 <date>2024</date></edition>
            </editionStmt><publicationStmt><publisher><name>84000: Translating the Words of the Buddha</name></publisher><availability status="1.b"/><idno xml:id="EFT-KB-DOMBI-HERUKA"/><idno type="eft-kb-id">dombi-heruka</idno><date>2021-11-04</date></publicationStmt><sourceDesc><p>Created by 84000: Translating the Words of the Buddha</p></sourceDesc><notesStmt/>    <revisionDesc>
            
                <change who="#admin" when="2023-07-30T22:39:48.323Z" type="text-version" status="0.1.1" xml:id="EFT-KB-DOMBI-HERUKA-4">
                    <desc>TEI migrated to 2.19.0</desc>
                </change>
                <change who="#admin" when="2024-01-29T08:46:15.224Z" type="text-version" status="0.1.2" xml:id="EFT-KB-DOMBI-HERUKA-5">
                    <desc>TEI migrated to 2.21.0 - author stub published</desc>
                </change>
                <change who="#admin" when="2024-01-29T08:46:15.224Z" type="publication-status" status="1.b" xml:id="EFT-KB-DOMBI-HERUKA-6">
                    <desc>Author stubs set to 1.b</desc>
                </change>
            </revisionDesc>
        </fileDesc></teiHeader><text><front/><body><div type="article"><div type="section" xml:id="EFT-KB-DOMBI-HERUKA-article-1"><head type="section" rend="default-text" tid="1">Article Section Heading</head><milestone unit="chunk" xml:id="EFT-KB-DOMBI-HERUKA-1"/><p rend="default-text" tid="2">Here's a paragraph to get you started. Replace this as you wish<note place="end" xml:id="EFT-KB-DOMBI-HERUKA-2">This is a ready-made footnote.</note>.</p></div></div></body><back><div type="listBibl"><head type="listBibl" tid="3">Bibliography</head><div type="section" xml:id="EFT-KB-DOMBI-HERUKA-listBibl-1"><head type="section" rend="default-text" tid="4">Bibliography Section Heading</head><bibl rend="default-text" xml:id="EFT-KB-DOMBI-HERUKA-3">This is a sample bibliographic reference with a <ref target="https://read.84000.co/translation/toh46.html">link example</ref>.</bibl></div></div><div type="glossary"><list type="glossary"/></div></back></text></TEI>