<?xml-model href="../schema/current/knowledgebase.rng" schematypens="http://relaxng.org/ns/structure/1.0"?><TEI xmlns="http://www.tei-c.org/ns/1.0" xmlns:eft="http://read.84000.co/ns/1.0" xmlns:tei="http://www.tei-c.org/ns/1.0"><teiHeader><fileDesc><titleStmt>
                <title type="mainTitle" xml:lang="Sa-Ltn">Durjayacandra</title>
                <title type="otherTitle" xml:lang="bo">མི་ཐུབ་ཟླ་བ།</title>
                <title type="otherTitle" xml:lang="Bo-Ltn">mi thub zla ba</title>
                <title type="otherTitle" xml:lang="bo">སློབ་དཔོན་མི་ཐུབ་ཟླ་བ།</title>
                <title type="otherTitle" xml:lang="Bo-Ltn">slob dpon mi thub zla ba</title>
                <title type="otherTitle" xml:lang="bo">སློབ་དཔོན་རྒྱལ་དཀའ་ཟླ་བ།</title>
                <title type="otherTitle" xml:lang="Bo-Ltn">slob dpon rgyal dka' zla ba</title>
                <title type="otherTitle" xml:lang="bo">མཁས་པ་ཆེན་པོ་དཔལ་མི་ཐུབ་ཟླ་བ།</title>
                <title type="otherTitle" xml:lang="Bo-Ltn">mkhas pa chen po dpal mi thub zla ba</title>
                <title type="otherTitle" xml:lang="bo">མཁས་པ་ཆེན་པོ་དཔལ་ཐུབ་དཀའ་ཟླ་བ།</title>
                <title type="otherTitle" xml:lang="Bo-Ltn">mkhas pa chen po dpal thub dka' zla ba</title>
                <title type="otherTitle" xml:lang="bo">སློབ་དཔོན་མཁས་པ་དཔལ་སྦྱང་དཀའ་བའི་ཟླ་བ།</title>
                <title type="otherTitle" xml:lang="Bo-Ltn">slob dpon mkhas pa dpal sbyang dka' ba'i zla ba</title>
                <title type="otherTitle" xml:lang="bo">རྡོ་རྗེ་སློབ་དཔོན་མཁས་པ་དཔལ་དུ་ཛ་ཡ་ཙནྡྲ།</title>
                <title type="otherTitle" xml:lang="Bo-Ltn">rdo rje slob dpon mkhas pa dpal du dza ya tsan+d+ra</title>
                <title type="otherTitle" xml:lang="bo">སློབ་དཔོན་ཆེན་པོ་དཔལ་དཀའ་རྒྱལ་མི་ཐུབ་ཟླ་བ།</title>
                <title type="otherTitle" xml:lang="Bo-Ltn">slob dpon chen po dpal dka' rgyal mi thub zla ba</title></titleStmt><editionStmt>
                <edition>v 0.1.2 <date>2024</date></edition>
            </editionStmt><publicationStmt><publisher><name>84000: Translating the Words of the Buddha</name></publisher><availability status="1.b"/><idno xml:id="EFT-KB-DURJAYACANDRA"/><idno type="eft-kb-id">durjayacandra</idno><date>2021-11-04</date></publicationStmt><sourceDesc><p>Created by 84000: Translating the Words of the Buddha</p></sourceDesc><notesStmt/>    <revisionDesc>
            
                <change who="#admin" when="2023-07-30T22:39:48.323Z" type="text-version" status="0.1.1" xml:id="EFT-KB-DURJAYACANDRA-4">
                    <desc>TEI migrated to 2.19.0</desc>
                </change>
                <change who="#admin" when="2024-01-29T08:46:15.224Z" type="text-version" status="0.1.2" xml:id="EFT-KB-DURJAYACANDRA-5">
                    <desc>TEI migrated to 2.21.0 - author stub published</desc>
                </change>
                <change who="#admin" when="2024-01-29T08:46:15.224Z" type="publication-status" status="1.b" xml:id="EFT-KB-DURJAYACANDRA-6">
                    <desc>Author stubs set to 1.b</desc>
                </change>
            </revisionDesc>
        </fileDesc></teiHeader><text><front/><body><div type="article"><div type="section" xml:id="EFT-KB-DURJAYACANDRA-article-1"><head type="section" rend="default-text" tid="1">Article Section Heading</head><milestone unit="chunk" xml:id="EFT-KB-DURJAYACANDRA-1"/><p rend="default-text" tid="2">Here's a paragraph to get you started. Replace this as you wish<note place="end" xml:id="EFT-KB-DURJAYACANDRA-2">This is a ready-made footnote.</note>.</p></div></div></body><back><div type="listBibl"><head type="listBibl" tid="3">Bibliography</head><div type="section" xml:id="EFT-KB-DURJAYACANDRA-listBibl-1"><head type="section" rend="default-text" tid="4">Bibliography Section Heading</head><bibl rend="default-text" xml:id="EFT-KB-DURJAYACANDRA-3">This is a sample bibliographic reference with a <ref target="https://read.84000.co/translation/toh46.html">link example</ref>.</bibl></div></div><div type="glossary"><list type="glossary"/></div></back></text></TEI>