<?xml-model href="../schema/current/knowledgebase.rng" schematypens="http://relaxng.org/ns/structure/1.0"?><TEI xmlns="http://www.tei-c.org/ns/1.0" xmlns:eft="http://read.84000.co/ns/1.0" xmlns:tei="http://www.tei-c.org/ns/1.0">
    <teiHeader>
        <fileDesc>
            <titleStmt>
                <title type="mainTitle" xml:lang="Sa-Ltn">Jayānanda (Kaśmīr)</title>
                <title type="otherTitle" xml:lang="bo">རྒྱལ་བ་ཀུན་དགའ།</title>
                <title type="otherTitle" xml:lang="Bo-Ltn">rgyal ba kun dga'</title>
                <title type="otherTitle" xml:lang="bo">པཎྜི་ཏ་ཛ་ཡ་ཨཱ་ནནྡ།</title>
                <title type="otherTitle" xml:lang="Bo-Ltn">paN+Di ta dza ya A nan+da</title>
                <title type="otherTitle" xml:lang="bo">ཁ་ཆེའི་པནྡི་ཏ་ཛ་ཡ་ཨ་ནནྡ།</title>
                <title type="otherTitle" xml:lang="Bo-Ltn">kha che'i pan+di ta dza ya a nan+da</title>
                <title type="otherTitle" xml:lang="bo">ཁ་ཆེའི་པནྡི་ཏ་ཛ་ཡ་ཨ་ནནྟ།</title>
                <title type="otherTitle" xml:lang="Bo-Ltn">kha che'i pan+di ta dza ya a nan+ta</title>
                <title type="otherTitle" xml:lang="bo">ཁ་ཆེའི་པཎྜི་ཏ་ཛ་ཡ་ཨ་ནནྟ།</title>
                <title type="otherTitle" xml:lang="Bo-Ltn">kha che'i paN+Di ta dza ya a nan+ta</title>
                <title type="otherTitle" xml:lang="bo">ཁ་ཆེའི་པནྡི་ཏ་ཛ་ཡ་ཨ་ནན་ད།</title>
                <title type="otherTitle" xml:lang="Bo-Ltn">kha che'i pan+di ta dza ya a nan da</title>
                <title type="otherTitle" xml:lang="bo">ཁ་ཆེའི་པཎྜི་ཏ་ཛ་ཡ་ཨཱ་ནན་ད།</title>
                <title type="otherTitle" xml:lang="Bo-Ltn">kha che'i paN+Di ta dza ya A nan da</title>
                <title type="otherTitle" xml:lang="bo">ཁ་ཆེའི་མཁས་པ་ཆེན་པོ་ཛ་ཡ་ཨ་ནནྡ།</title>
                <title type="otherTitle" xml:lang="Bo-Ltn">kha che'i mkhas pa chen po dza ya a nan+da</title>
                <title type="otherTitle" xml:lang="bo">ཁ་ཆེའི་པཎྜི་ཏ་ཆེན་པོ་ཛ་ཡ་ཨཱ་ནན་ད།</title>
                <title type="otherTitle" xml:lang="Bo-Ltn">kha che'i paN+Di ta chen po dza ya A nan da</title>
                <title type="otherTitle" xml:lang="bo">རྒྱ་གར་གྱི་མཁན་པོ་པནྡི་ཤྲི་ཛ་ཡ་ཨ་ནནྡ།</title>
                <title type="otherTitle" xml:lang="Bo-Ltn">rgya gar gyi mkhan po pan+di shri dza ya a nan+da</title>
                <title type="otherTitle" xml:lang="bo">རྒྱ་གར་གྱི་མཁན་པོ་པཎྜི་ཏ་དཔལ་ཛ་ཡ་ཨཱ་ནནྡ་ཆེན་པོ།</title>
                <title type="otherTitle" xml:lang="Bo-Ltn">rgya gar gyi mkhan po paN+Di ta dpal dza ya A nan+da chen po</title>
            </titleStmt>
            <editionStmt>
                <edition>v 0.1.1 <date>2023</date></edition>
            </editionStmt>
            <publicationStmt>
                <publisher>
                    <name>84000: Translating the Words of the Buddha</name>
                </publisher>
                <availability status="3"/><idno xml:id="EFT-KB-JAYANANDA-KASMIR"/>
                <idno type="eft-kb-id">jayananda-kasmir</idno>
                <date>2021-11-04</date>
            </publicationStmt>
            <sourceDesc>
                <p>Created by 84000: Translating the Words of the Buddha</p>
            </sourceDesc>
            <notesStmt/>
            <revisionDesc>
            
                <change who="#admin" when="2023-07-30T22:39:48.323Z" type="text-version" status="0.1.1" xml:id="EFT-KB-JAYANANDA-KASMIR-4">
                    <desc>TEI migrated to 2.19.0</desc>
                </change>
            </revisionDesc>
        </fileDesc>
    </teiHeader>
    <text>
        <front/>
        <body>
            <div type="article">
                <div type="section" xml:id="EFT-KB-JAYANANDA-KASMIR-article-1">
                    <head type="section" rend="default-text" tid="1">Article Section Heading</head>
                    <milestone unit="chunk" xml:id="EFT-KB-JAYANANDA-KASMIR-1"/>
                    <p rend="default-text" tid="2">Here's a paragraph to get you started. Replace this as you wish<note place="end" xml:id="EFT-KB-JAYANANDA-KASMIR-2">This is a ready-made
                            footnote.</note>.</p>
                </div>
            </div>
        </body>
        <back>
            <div type="listBibl">
                <head type="listBibl" tid="3">Bibliography</head>
                <div type="section" xml:id="EFT-KB-JAYANANDA-KASMIR-listBibl-1">
                    <head type="section" rend="default-text" tid="4">Bibliography Section Heading</head>
                    <bibl rend="default-text" xml:id="EFT-KB-JAYANANDA-KASMIR-3">This is a sample bibliographic reference with a <ref target="https://read.84000.co/translation/toh46.html">link
                            example</ref>.</bibl>
                </div>
            </div>
            <div type="glossary">
                <list type="glossary"/>
            </div>
        </back>
    </text>
</TEI>