<?xml-model href="../schema/current/knowledgebase.rng" schematypens="http://relaxng.org/ns/structure/1.0"?><TEI xmlns="http://www.tei-c.org/ns/1.0" xmlns:eft="http://read.84000.co/ns/1.0" xmlns:tei="http://www.tei-c.org/ns/1.0"><teiHeader><fileDesc><titleStmt>
                <title type="mainTitle" xml:lang="Sa-Ltn">Jetāri</title>
                <title type="otherTitle" xml:lang="bo">པཎྜི་ཏ་ཛཻ་རྟ་རི།</title>
                <title type="otherTitle" xml:lang="Bo-Ltn">paN+Di ta dzai rta ri</title>
                <title type="otherTitle" xml:lang="bo">སློབ་དཔོན་ཛེས་ཏ་རི།</title>
                <title type="otherTitle" xml:lang="Bo-Ltn">slob dpon dzes ta ri</title>
                <title type="otherTitle" xml:lang="bo">སློབ་དཔོན་ཛེ་ཏཱ་རི།</title>
                <title type="otherTitle" xml:lang="Bo-Ltn">slob dpon dze tA ri</title>
                <title type="otherTitle" xml:lang="bo">སློབ་དཔོན་ཛཻ་ཏཱ་རི།</title>
                <title type="otherTitle" xml:lang="Bo-Ltn">slob dpon dzai tA ri</title>
                <title type="otherTitle" xml:lang="bo">སློབ་དཔོན་རྫེ་ཏཱ་རི།</title>
                <title type="otherTitle" xml:lang="Bo-Ltn">slob dpon rdze tA ri</title>
                <title type="otherTitle" xml:lang="bo">སློབ་དཔོན་དགྲ་ལས་རྒྱལ་བ།</title>
                <title type="otherTitle" xml:lang="Bo-Ltn">slob dpon dgra las rgyal ba</title>
                <title type="otherTitle" xml:lang="bo">སློབ་དཔོན་ཆེན་པ་དགྲ་ལས་རྒྱལ་བ།</title>
                <title type="otherTitle" xml:lang="Bo-Ltn">slob dpon chen pa dgra las rgyal ba</title>
                <title type="otherTitle" xml:lang="bo">སློབ་དཔོན་དགྲ་ལས་རྣམ་པར་རྒྱལ་བ།</title>
                <title type="otherTitle" xml:lang="Bo-Ltn">slob dpon dgra las rnam par rgyal ba</title>
                <title type="otherTitle" xml:lang="bo">སློབ་དཔོན་ཆེན་པོ་དགྲ་ལས་རྒྱལ་བ།</title>
                <title type="otherTitle" xml:lang="Bo-Ltn">slob dpon chen po dgra las rgyal ba</title>
                <title type="otherTitle" xml:lang="bo">མཁས་པ་ཆེན་པོ་ཛེ་ཏཱ་རིའི་ཞལ་སྔ་ནས།</title>
                <title type="otherTitle" xml:lang="Bo-Ltn">mkhas pa chen po dze tA ri'i zhal snga nas</title>
                <title type="otherTitle" xml:lang="bo">སློབ་དཔོན་ཛེ་ཏཱ་རི་དགྲ་ལས་རྣམ་པར་རྒྱལ་བ།</title>
                <title type="otherTitle" xml:lang="Bo-Ltn">slob dpon dze tA ri dgra las rnam par rgyal ba</title>
                <title type="otherTitle" xml:lang="bo">སློབ་དཔོན་ཛཻ་ཏཱ་རི་དགྲ་ལས་རྣམ་པར་རྒྱལ་བ།</title>
                <title type="otherTitle" xml:lang="Bo-Ltn">slob dpon dzai tA ri dgra las rnam par rgyal ba</title>
                <title type="otherTitle" xml:lang="bo">བྷང྄་ག་ལར་འཁྲུངས་པའི་མཁས་པ་ཆེན་པོ་ཛེ་ཏཱ་རི།</title>
                <title type="otherTitle" xml:lang="Bo-Ltn">b+hanga? ga lar 'khrungs pa'i mkhas pa chen po dze tA ri</title>
                <title type="otherTitle" xml:lang="bo">སློབ་དཔོན་མཁས་པ་ཛཻ་ཏཱ་རི་དགྲ་ལས་རྣམ་པར་རྒྱལ་བ།</title>
                <title type="otherTitle" xml:lang="Bo-Ltn">slob dpon mkhas pa dzai tA ri dgra las rnam par rgyal ba</title>
                <title type="otherTitle" xml:lang="bo">སློབ་དཔོན་ཆེན་པོ་ཛཻ་ཏ་རི་དགར་ལས་རྣམ་པར་རྒྱལ་བ།</title>
                <title type="otherTitle" xml:lang="Bo-Ltn">slob dpon chen po dzai ta ri dgar las rnam par rgyal ba</title>
                <title type="otherTitle" xml:lang="bo">སློབ་དཔོན་ཆེན་པོ་ཛེ་ཏ་རི་དགྲ་ལས་རྣམ་པར་རྒྱལ་བ།</title>
                <title type="otherTitle" xml:lang="Bo-Ltn">slob dpon chen po dze ta ri dgra las rnam par rgyal ba</title>
                <title type="otherTitle" xml:lang="bo">བྱང་ཆུབ་སེམས་དཔའ་ཛེ་ཏཱ་རི་དགྲ་ལས་རྣམ་པར་རྒྱལ་བ།</title>
                <title type="otherTitle" xml:lang="Bo-Ltn">byang chub sems dpa' dze tA ri dgra las rnam par rgyal ba</title>
                <title type="otherTitle" xml:lang="bo">སློབ་དཔོན་མཁས་པ་ཆེན་པོ་བྱང་ཆུབ་སེམས་དཔའ་དགྲ་ལས་རྣམ་པར་རྒྱལ་བ།</title>
                <title type="otherTitle" xml:lang="Bo-Ltn">slob dpon mkhas pa chen po byang chub sems dpa' dgra las rnam par rgyal ba</title></titleStmt><editionStmt>
                <edition>v 0.1.2 <date>2024</date></edition>
            </editionStmt><publicationStmt><publisher><name>84000: Translating the Words of the Buddha</name></publisher><availability status="1.b"/><idno xml:id="EFT-KB-JETARI"/><idno type="eft-kb-id">jetari</idno><date>2021-11-04</date></publicationStmt><sourceDesc><p>Created by 84000: Translating the Words of the Buddha</p></sourceDesc><notesStmt/>    <revisionDesc>
            
                <change who="#admin" when="2023-07-30T22:39:48.323Z" type="text-version" status="0.1.1" xml:id="EFT-KB-JETARI-4">
                    <desc>TEI migrated to 2.19.0</desc>
                </change>
                <change who="#admin" when="2024-01-29T08:46:15.224Z" type="text-version" status="0.1.2" xml:id="EFT-KB-JETARI-5">
                    <desc>TEI migrated to 2.21.0 - author stub published</desc>
                </change>
                <change who="#admin" when="2024-01-29T08:46:15.224Z" type="publication-status" status="1.b" xml:id="EFT-KB-JETARI-6">
                    <desc>Author stubs set to 1.b</desc>
                </change>
            </revisionDesc>
        </fileDesc></teiHeader><text><front/><body><div type="article"><div type="section" xml:id="EFT-KB-JETARI-article-1"><head type="section" rend="default-text" tid="1">Article Section Heading</head><milestone unit="chunk" xml:id="EFT-KB-JETARI-1"/><p rend="default-text" tid="2">Here's a paragraph to get you started. Replace this as you wish<note place="end" xml:id="EFT-KB-JETARI-2">This is a ready-made footnote.</note>.</p></div></div></body><back><div type="listBibl"><head type="listBibl" tid="3">Bibliography</head><div type="section" xml:id="EFT-KB-JETARI-listBibl-1"><head type="section" rend="default-text" tid="4">Bibliography Section Heading</head><bibl rend="default-text" xml:id="EFT-KB-JETARI-3">This is a sample bibliographic reference with a <ref target="https://read.84000.co/translation/toh46.html">link example</ref>.</bibl></div></div><div type="glossary"><list type="glossary"/></div></back></text></TEI>