<?xml-model href="../schema/current/knowledgebase.rng" schematypens="http://relaxng.org/ns/structure/1.0"?><TEI xmlns="http://www.tei-c.org/ns/1.0" xmlns:eft="http://read.84000.co/ns/1.0" xmlns:tei="http://www.tei-c.org/ns/1.0"><teiHeader><fileDesc><titleStmt>
                <title type="mainTitle" xml:lang="Sa-Ltn">Kāṇhapa</title>
                <title type="otherTitle" xml:lang="bo">ཨཱ་ཙཱརྱ་ནག་པོ།</title>
                <title type="otherTitle" xml:lang="Bo-Ltn">A tsAr+ya nag po</title>
                <title type="otherTitle" xml:lang="bo">ནག་པོ་སྤྱོད་པ་པ།</title>
                <title type="otherTitle" xml:lang="Bo-Ltn">nag po spyod pa pa</title>
                <title type="otherTitle" xml:lang="bo">སློབ་དཔོན་ནག་པོ།</title>
                <title type="otherTitle" xml:lang="Bo-Ltn">slob dpon nag po</title>
                <title type="otherTitle" xml:lang="bo">ནག་པོ་སྤྱོད་པ་བ།</title>
                <title type="otherTitle" xml:lang="Bo-Ltn">nag po spyod pa ba</title>
                <title type="otherTitle" xml:lang="bo">སློབ་དཔོན་ནག་པོ་པ།</title>
                <title type="otherTitle" xml:lang="Bo-Ltn">slob dpon nag po pa</title>
                <title type="otherTitle" xml:lang="bo">སློབ་དཔོན་ཆེན་པོ་ནག་པོ་པ།</title>
                <title type="otherTitle" xml:lang="Bo-Ltn">slob dpon chen po nag po pa</title>
                <title type="otherTitle" xml:lang="bo">བརྟུལ་ཞུགས་སྤྱོད་པ་ནག་པོ་པ།</title>
                <title type="otherTitle" xml:lang="Bo-Ltn">brtul zhugs spyod pa nag po pa</title>
                <title type="otherTitle" xml:lang="bo">སྤྱོད་པའི་བརྟུལ་ཞུགས་པ་དཔལ་ནག་པོ།</title>
                <title type="otherTitle" xml:lang="Bo-Ltn">spyod pa'i brtul zhugs pa dpal nag po</title>
                <title type="otherTitle" xml:lang="bo">སྤྱོད་པའི་བརྟུལ་ཞུགས་པ་སློབ་དཔོན་ནག་པོ།</title>
                <title type="otherTitle" xml:lang="Bo-Ltn">spyod pa'i brtul zhugs pa slob dpon nag po</title>
                <title type="otherTitle" xml:lang="bo">རྒྱ་གར་གྱི་པཎྜི་ཏ་ཆེན་པོ་ནག་པོའི་ཞལ་སྔ་ནས།</title>
                <title type="otherTitle" xml:lang="Bo-Ltn">rgya gar gyi paN+Di ta chen po nag po'i zhal snga nas</title>
                <title type="otherTitle" xml:lang="bo">སློབ་དཔོན་ཆེན་པོ་སྤྱོད་པའི་བརྟུལ་ཞུགས་ནག་པོ།</title>
                <title type="otherTitle" xml:lang="Bo-Ltn">slob dpon chen po spyod pa'i brtul zhugs nag po</title>
                <title type="otherTitle" xml:lang="bo">སློབ་དཔོན་ཆེན་པོ་བརྟུལ་ཞུགས་ཀྱི་སྤྱོད་པ་ལ་ཞུགས་པ་ནག་པོ་པ།</title>
                <title type="otherTitle" xml:lang="Bo-Ltn">slob dpon chen po brtul zhugs kyi spyod pa la zhugs pa nag po pa</title></titleStmt><editionStmt>
                <edition>v 0.1.2 <date>2024</date></edition>
            </editionStmt><publicationStmt><publisher><name>84000: Translating the Words of the Buddha</name></publisher><availability status="1.b"/><idno xml:id="EFT-KB-KANHAPA"/><idno type="eft-kb-id">kanhapa</idno><date>2021-11-04</date></publicationStmt><sourceDesc><p>Created by 84000: Translating the Words of the Buddha</p></sourceDesc><notesStmt/>    <revisionDesc>
            
                <change who="#admin" when="2023-07-30T22:39:48.323Z" type="text-version" status="0.1.1" xml:id="EFT-KB-KANHAPA-4">
                    <desc>TEI migrated to 2.19.0</desc>
                </change>
                <change who="#admin" when="2024-01-29T08:46:15.224Z" type="text-version" status="0.1.2" xml:id="EFT-KB-KANHAPA-5">
                    <desc>TEI migrated to 2.21.0 - author stub published</desc>
                </change>
                <change who="#admin" when="2024-01-29T08:46:15.224Z" type="publication-status" status="1.b" xml:id="EFT-KB-KANHAPA-6">
                    <desc>Author stubs set to 1.b</desc>
                </change>
            </revisionDesc>
        </fileDesc></teiHeader><text><front/><body><div type="article"><div type="section" xml:id="EFT-KB-KANHAPA-article-1"><head type="section" rend="default-text" tid="1">Article Section Heading</head><milestone unit="chunk" xml:id="EFT-KB-KANHAPA-1"/><p rend="default-text" tid="2">Here's a paragraph to get you started. Replace this as you wish<note place="end" xml:id="EFT-KB-KANHAPA-2">This is a ready-made footnote.</note>.</p></div></div></body><back><div type="listBibl"><head type="listBibl" tid="3">Bibliography</head><div type="section" xml:id="EFT-KB-KANHAPA-listBibl-1"><head type="section" rend="default-text" tid="4">Bibliography Section Heading</head><bibl rend="default-text" xml:id="EFT-KB-KANHAPA-3">This is a sample bibliographic reference with a <ref target="https://read.84000.co/translation/toh46.html">link example</ref>.</bibl></div></div><div type="glossary"><list type="glossary"/></div></back></text></TEI>