<?xml-model href="../schema/current/knowledgebase.rng" schematypens="http://relaxng.org/ns/structure/1.0"?><TEI xmlns="http://www.tei-c.org/ns/1.0" xmlns:eft="http://read.84000.co/ns/1.0" xmlns:tei="http://www.tei-c.org/ns/1.0"><teiHeader><fileDesc><titleStmt>
                <title type="mainTitle" xml:lang="Sa-Ltn">Kaśmīri Ratnavajra</title>
                <title type="otherTitle" xml:lang="bo">གུ་རུ་རཏྣ་བཛྲ།</title>
                <title type="otherTitle" xml:lang="Bo-Ltn">gu ru rat+na badzra</title>
                <title type="otherTitle" xml:lang="bo">དཔལ་རིན་ཆེན་རྡོ་རྗེ།</title>
                <title type="otherTitle" xml:lang="Bo-Ltn">dpal rin chen rdo rje</title>
                <title type="otherTitle" xml:lang="bo">སློབ་དཔོན་རིན་ཆེན་རྡོ་རྗེ།</title>
                <title type="otherTitle" xml:lang="Bo-Ltn">slob dpon rin chen rdo rje</title>
                <title type="otherTitle" xml:lang="bo">རྒྱ་གར་གྱི་མཁན་པོ་རཏྣ་བཛྲ།</title>
                <title type="otherTitle" xml:lang="Bo-Ltn">rgya gar gyi mkhan po rat+na badzra</title>
                <title type="otherTitle" xml:lang="bo">པཎྜི་ཏ་རིན་ཆེན་རྡོ་རྗེ་དཔལ།</title>
                <title type="otherTitle" xml:lang="Bo-Ltn">paN+Di ta rin chen rdo rje dpal</title>
                <title type="otherTitle" xml:lang="bo">སློབ་དཔོན་ཆེན་པོ་ཁ་ཆེ་རིན་ཆེན་རྡོ་རྗེ།</title>
                <title type="otherTitle" xml:lang="Bo-Ltn">slob dpon chen po kha che rin chen rdo rje</title>
                <title type="otherTitle" xml:lang="bo">ཁ་ཆེའི་མཁས་པ་ཆེན་པོ་བྲམ་ཟེ་རིན་ཆེན་རྡོ་རྗེ།</title>
                <title type="otherTitle" xml:lang="Bo-Ltn">kha che'i mkhas pa chen po bram ze rin chen rdo rje</title>
                <title type="otherTitle" xml:lang="bo">ཁ་ཆེའི་པཎྜི་ཏ་ཆེན་པོ་བྲམ་ཟེ་རིན་ཆེན་རྡོ་རྗེ།</title>
                <title type="otherTitle" xml:lang="Bo-Ltn">kha che'i paN+Di ta chen po bram ze rin chen rdo rje</title>
                <title type="otherTitle" xml:lang="bo">སློབ་དཔོན་ཆེན་པོ་དཔལ་རིན་ཆེན་རྡོ་རྗེའི་ཞལ་སྔ་ནས།</title>
                <title type="otherTitle" xml:lang="Bo-Ltn">slob dpon chen po dpal rin chen rdo rje'i zhal snga nas</title>
                <title type="otherTitle" xml:lang="bo">བྲམ་ཟེའི་སློབ་དཔོན་ཆེན་པོ་རིན་ཆེན་རྡོ་རྗེའི་ཞལ་སྔ་ནས།</title>
                <title type="otherTitle" xml:lang="Bo-Ltn">bram ze'i slob dpon chen po rin chen rdo rje'i zhal snga nas</title>
                <title type="otherTitle" xml:lang="bo">ཁ་ཆེའི་མཁས་པ་ཆེན་པོ་ཤེས་བྱ་མཐའ་དག་ལ་མཁས་པ་དཔལ་རིན་ཆེན་རྡོ་རྗེ།</title>
                <title type="otherTitle" xml:lang="Bo-Ltn">kha che'i mkhas pa chen po shes bya mtha' dag la mkhas pa dpal rin chen rdo rje</title>
                <title type="otherTitle" xml:lang="bo">སློབ་དཔོན་ཁ་ཆེའི་ཡུལ་དུ་འཁྲུངས་པ་དཔལ་རིན་ཆེན་རྡོ་རྗེའི་ཞལ་སྔ་ནས།</title>
                <title type="otherTitle" xml:lang="Bo-Ltn">slob dpon kha che'i yul du 'khrungs pa dpal rin chen rdo rje'i zhal snga nas</title>
                <title type="otherTitle" xml:lang="bo">ཁ་ཆེའི་ཡུལ་དུ་བྱུང་ཞིང་དངོས་གྲུབ་བརྙེས་པའི་སློབ་དཔོན་རིན་ཆེན་རྡོ་རྗེ།</title>
                <title type="otherTitle" xml:lang="Bo-Ltn">kha che'i yul du byung zhing dngos grub brnyes pa'i slob dpon rin chen rdo rje</title></titleStmt><editionStmt>
                <edition>v 0.1.2 <date>2024</date></edition>
            </editionStmt><publicationStmt><publisher><name>84000: Translating the Words of the Buddha</name></publisher><availability status="1.b"/><idno xml:id="EFT-KB-KASMIRI-RATNAVAJRA"/><idno type="eft-kb-id">kasmiri-ratnavajra</idno><date>2021-11-04</date></publicationStmt><sourceDesc><p>Created by 84000: Translating the Words of the Buddha</p></sourceDesc><notesStmt/>    <revisionDesc>
            
                <change who="#admin" when="2023-07-30T22:39:48.323Z" type="text-version" status="0.1.1" xml:id="EFT-KB-KASMIRI-RATNAVAJRA-4">
                    <desc>TEI migrated to 2.19.0</desc>
                </change>
                <change who="#admin" when="2024-01-29T08:46:15.224Z" type="text-version" status="0.1.2" xml:id="EFT-KB-KASMIRI-RATNAVAJRA-5">
                    <desc>TEI migrated to 2.21.0 - author stub published</desc>
                </change>
                <change who="#admin" when="2024-01-29T08:46:15.224Z" type="publication-status" status="1.b" xml:id="EFT-KB-KASMIRI-RATNAVAJRA-6">
                    <desc>Author stubs set to 1.b</desc>
                </change>
            </revisionDesc>
        </fileDesc></teiHeader><text><front/><body><div type="article"><div type="section" xml:id="EFT-KB-KASMIRI-RATNAVAJRA-article-1"><head type="section" rend="default-text" tid="1">Article Section Heading</head><milestone unit="chunk" xml:id="EFT-KB-KASMIRI-RATNAVAJRA-1"/><p rend="default-text" tid="2">Here's a paragraph to get you started. Replace this as you wish<note place="end" xml:id="EFT-KB-KASMIRI-RATNAVAJRA-2">This is a ready-made footnote.</note>.</p></div></div></body><back><div type="listBibl"><head type="listBibl" tid="3">Bibliography</head><div type="section" xml:id="EFT-KB-KASMIRI-RATNAVAJRA-listBibl-1"><head type="section" rend="default-text" tid="4">Bibliography Section Heading</head><bibl rend="default-text" xml:id="EFT-KB-KASMIRI-RATNAVAJRA-3">This is a sample bibliographic reference with a <ref target="https://read.84000.co/translation/toh46.html">link example</ref>.</bibl></div></div><div type="glossary"><list type="glossary"/></div></back></text></TEI>