<?xml-model href="../schema/current/knowledgebase.rng" schematypens="http://relaxng.org/ns/structure/1.0"?><TEI xmlns="http://www.tei-c.org/ns/1.0" xmlns:eft="http://read.84000.co/ns/1.0" xmlns:tei="http://www.tei-c.org/ns/1.0"><teiHeader><fileDesc><titleStmt>
                <title type="mainTitle" xml:lang="Sa-Ltn">Kṛṣṇa Paṇḍita</title>
                <title type="otherTitle" xml:lang="bo">བླ་མ་ནག་པོ།</title>
                <title type="otherTitle" xml:lang="Bo-Ltn">bla ma nag po</title>
                <title type="otherTitle" xml:lang="bo">ཀྲིསྣ་པནྡི་ཏ།</title>
                <title type="otherTitle" xml:lang="Bo-Ltn">krisna pan+di ta</title>
                <title type="otherTitle" xml:lang="bo">དཔལ་ནག་པོ་ཞབས།</title>
                <title type="otherTitle" xml:lang="Bo-Ltn">dpal nag po zhabs</title>
                <title type="otherTitle" xml:lang="bo">སློབ་དཔོན་ནག་པོ།</title>
                <title type="otherTitle" xml:lang="Bo-Ltn">slob dpon nag po</title>
                <title type="otherTitle" xml:lang="bo">བླ་མ་ནག་པོའི་ཞབས།</title>
                <title type="otherTitle" xml:lang="Bo-Ltn">bla ma nag po'i zhabs</title>
                <title type="otherTitle" xml:lang="bo">སློབ་དཔོན་ནག་པོ་པ།</title>
                <title type="otherTitle" xml:lang="Bo-Ltn">slob dpon nag po pa</title>
                <title type="otherTitle" xml:lang="bo">སློབ་དཔོན་ནག་པོ་ཞབས།</title>
                <title type="otherTitle" xml:lang="Bo-Ltn">slob dpon nag po zhabs</title>
                <title type="otherTitle" xml:lang="bo">སློབ་དཔོན་ཀྲཱིཥྞ་པཎྚི་ཏ།</title>
                <title type="otherTitle" xml:lang="Bo-Ltn">slob dpon krISh+Na paN+Ti ta</title>
                <title type="otherTitle" xml:lang="bo">རྒྱ་གར་གྱི་མཁན་པོ་ནག་པོ།</title>
                <title type="otherTitle" xml:lang="Bo-Ltn">rgya gar gyi mkhan po nag po</title>
                <title type="otherTitle" xml:lang="bo">སློབ་དཔོན་ཆེན་པོ་ནག་པོ་པ།</title>
                <title type="otherTitle" xml:lang="Bo-Ltn">slob dpon chen po nag po pa</title>
                <title type="otherTitle" xml:lang="bo">པནྡི་ཏ་ཆེན་པོ་ནག་པོའི་ཞབས།</title>
                <title type="otherTitle" xml:lang="Bo-Ltn">pan+di ta chen po nag po'i zhabs</title>
                <title type="otherTitle" xml:lang="bo">རྒྱ་གར་གྱི་མཁན་པོ་ནག་པོ་པ།</title>
                <title type="otherTitle" xml:lang="Bo-Ltn">rgya gar gyi mkhan po nag po pa</title>
                <title type="otherTitle" xml:lang="bo">རྒྱ་གར་གྱི་མཁན་པོ་ཀྲིསྣ་པ།</title>
                <title type="otherTitle" xml:lang="Bo-Ltn">rgya gar gyi mkhan po krisna pa</title>
                <title type="otherTitle" xml:lang="bo">སློབ་དཔོན་ནག་པོའི་ཞལ་སྔ་ནས།</title>
                <title type="otherTitle" xml:lang="Bo-Ltn">slob dpon nag po'i zhal snga nas</title>
                <title type="otherTitle" xml:lang="bo">སློབ་དཔོན་ཆེན་པོ་ནག་པོ་ཞབས།</title>
                <title type="otherTitle" xml:lang="Bo-Ltn">slob dpon chen po nag po zhabs</title>
                <title type="otherTitle" xml:lang="bo">སློབ་དཔོན་པནྡི་ཏ་ནག་པོའི་ཞབས།</title>
                <title type="otherTitle" xml:lang="Bo-Ltn">slob dpon pan+di ta nag po'i zhabs</title>
                <title type="otherTitle" xml:lang="bo">སློབ་དཔོན་པཎྜི་ཏ་ནག་པོའི་ཞབས།</title>
                <title type="otherTitle" xml:lang="Bo-Ltn">slob dpon paN+Di ta nag po'i zhabs</title>
                <title type="otherTitle" xml:lang="bo">སློབ་དཔོན་ནག་པོ་པའི་ཞལ་སྔ་ནས།</title>
                <title type="otherTitle" xml:lang="Bo-Ltn">slob dpon nag po pa'i zhal snga nas</title>
                <title type="otherTitle" xml:lang="bo">སློབ་དཔོན་ཆེན་པོ་ཀྲྀཥྞ་པཎྜི་ཏ།</title>
                <title type="otherTitle" xml:lang="Bo-Ltn">slob dpon chen po kr-iSh+Na paN+Di ta</title>
                <title type="otherTitle" xml:lang="bo">རྒྱ་གར་གྱི་མཁན་པོ་ཀྲིསྣ་པནྡི་ཏ།</title>
                <title type="otherTitle" xml:lang="Bo-Ltn">rgya gar gyi mkhan po krisna pan+di ta</title>
                <title type="otherTitle" xml:lang="bo">རྒྱ་གར་གྱི་པནྡི་ཏ་ཀྲིསྣ་པནྡི་ཏ།</title>
                <title type="otherTitle" xml:lang="Bo-Ltn">rgya gar gyi pan+di ta krisna pan+di ta</title>
                <title type="otherTitle" xml:lang="bo">པནྡི་ཏ་ཆེན་པོ་ནག་པོའི་ཞལ་སྔ་ནས།</title>
                <title type="otherTitle" xml:lang="Bo-Ltn">pan+di ta chen po nag po'i zhal snga nas</title>
                <title type="otherTitle" xml:lang="bo">རྒྱ་གར་གྱི་མཁན་པོ་པནྡི་ཏ་ཀྲིསྣ།</title>
                <title type="otherTitle" xml:lang="Bo-Ltn">rgya gar gyi mkhan po pan+di ta krisna</title>
                <title type="otherTitle" xml:lang="bo">པཎྜི་ཏ་ཆེན་པོ་ནག་པོའི་ཞལ་སྔ་ནས།</title>
                <title type="otherTitle" xml:lang="Bo-Ltn">paN+Di ta chen po nag po'i zhal snga nas</title>
                <title type="otherTitle" xml:lang="bo">པཎྜི་ཏ་ཨཱ་ཙརྱ་ཀྲཱི་ཥྞའི་ཞལ་སྔ་ནས།</title>
                <title type="otherTitle" xml:lang="Bo-Ltn">paN+Di ta A tsar+ya krI Sh+Na'i zhal snga nas</title>
                <title type="otherTitle" xml:lang="bo">རྒྱ་གར་གྱི་མཁན་པོ་ཀྲིསྣཧ྄་པནྡི་ཏ།</title>
                <title type="otherTitle" xml:lang="Bo-Ltn">rgya gar gyi mkhan po krisnaha? pan+di ta</title>
                <title type="otherTitle" xml:lang="bo">པཎྜི་ཏ་ཆེན་པོ་ནག་པོ་པའི་ཞལ་སྔ་ནས།</title>
                <title type="otherTitle" xml:lang="Bo-Ltn">paN+Di ta chen po nag po pa'i zhal snga nas</title>
                <title type="otherTitle" xml:lang="bo">སློབ་དཔོན་དཔལ་ནག་པོ་སྤྱོད་པའི་ཞབས།</title>
                <title type="otherTitle" xml:lang="Bo-Ltn">slob dpon dpal nag po spyod pa'i zhabs</title>
                <title type="otherTitle" xml:lang="bo">སློབ་དཔོན་ཆེན་པོ་ནག་པོའི་ཞལ་སྔ་ནས།</title>
                <title type="otherTitle" xml:lang="Bo-Ltn">slob dpon chen po nag po'i zhal snga nas</title>
                <title type="otherTitle" xml:lang="bo">མཁས་པ་ཆེན་པོ་རྣལ་འབྱོར་པ་ནག་པོ་ཞབས།</title>
                <title type="otherTitle" xml:lang="Bo-Ltn">mkhas pa chen po rnal 'byor pa nag po zhabs</title>
                <title type="otherTitle" xml:lang="bo">རྒྱ་གར་གྱི་མཁན་པོ་ནག་པོའི་ཞལ་སྔ་ནས།</title>
                <title type="otherTitle" xml:lang="Bo-Ltn">rgya gar gyi mkhan po nag po'i zhal snga nas</title>
                <title type="otherTitle" xml:lang="bo">གྲུབ་པའི་སློབ་དཔོན་ཆེན་པོ་ནག་པོ་ཞབས།</title>
                <title type="otherTitle" xml:lang="Bo-Ltn">grub pa'i slob dpon chen po nag po zhabs</title>
                <title type="otherTitle" xml:lang="bo">སློབ་དཔོན་ཆེན་པོ་ནག་པོ་པའི་ཞལ་སྔ་ནས།</title>
                <title type="otherTitle" xml:lang="Bo-Ltn">slob dpon chen po nag po pa'i zhal snga nas</title>
                <title type="otherTitle" xml:lang="bo">རྒྱ་གར་གྱི་མཁན་པོ་ནག་པོ་པའི་ཞལ་སྔ་ནས།</title>
                <title type="otherTitle" xml:lang="Bo-Ltn">rgya gar gyi mkhan po nag po pa'i zhal snga nas</title>
                <title type="otherTitle" xml:lang="bo">རྒྱ་གར་གྱི་མཁན་པོ་པནྡི་ཏ་ནག་པོའི་ཞབས།</title>
                <title type="otherTitle" xml:lang="Bo-Ltn">rgya gar gyi mkhan po pan+di ta nag po'i zhabs</title>
                <title type="otherTitle" xml:lang="bo">རྒྱ་གར་གྱི་མཁན་པོ་སློབ་དཔོན་ནག་བོ་ཞབས།</title>
                <title type="otherTitle" xml:lang="Bo-Ltn">rgya gar gyi mkhan po slob dpon nag bo zhabs</title>
                <title type="otherTitle" xml:lang="bo">རྒྱ་གར་གྱི་མཁན་པོ་ཆེན་པོ་ཀྲཱིཥྞ་པ་ཆེན་པོ།</title>
                <title type="otherTitle" xml:lang="Bo-Ltn">rgya gar gyi mkhan po chen po krISh+Na pa chen po</title>
                <title type="otherTitle" xml:lang="bo">སློབ་དཔོན་མཁས་པ་ཆེན་པོ་ཀྲཱིཥྞ་པའི་ཞལ་སྔ་ནས།</title>
                <title type="otherTitle" xml:lang="Bo-Ltn">slob dpon mkhas pa chen po krISh+Na pa'i zhal snga nas</title>
                <title type="otherTitle" xml:lang="bo">སློབ་དཔོན་ཆེན་པོ་བརྟུལ་ཞུགས་སྤྱོད་པ་ནག་པོ་པ།</title>
                <title type="otherTitle" xml:lang="Bo-Ltn">slob dpon chen po brtul zhugs spyod pa nag po pa</title>
                <title type="otherTitle" xml:lang="bo">བརྟུལ་ཞུགས་སྤྱོད་པའི་སློབ་དཔོན་ཆེན་པོ་ནག་པོ།</title>
                <title type="otherTitle" xml:lang="Bo-Ltn">brtul zhugs spyod pa'i slob dpon chen po nag po</title>
                <title type="otherTitle" xml:lang="bo">རྒྱ་གར་གྱི་མཁན་པོ་སློབ་དཔོན་ནག་པོ་པའི་ཞལ་སྔ་ནས།</title>
                <title type="otherTitle" xml:lang="Bo-Ltn">rgya gar gyi mkhan po slob dpon nag po pa'i zhal snga nas</title>
                <title type="otherTitle" xml:lang="bo">སློབ་དཔོན་ཆེན་པོ་བརྟུལ་ཞུགས་ཀྱི་སྤྱོད་པ་ནག་པོ་པ་ཞལ་སྔ་ནས།</title>
                <title type="otherTitle" xml:lang="Bo-Ltn">slob dpon chen po brtul zhugs kyi spyod pa nag po pa zhal snga nas</title></titleStmt><editionStmt>
                <edition>v 0.1.2 <date>2024</date></edition>
            </editionStmt><publicationStmt><publisher><name>84000: Translating the Words of the Buddha</name></publisher><availability status="1.b"/><idno xml:id="EFT-KB-KRSNA-PANDITA"/><idno type="eft-kb-id">krsna-pandita</idno><date>2021-11-04</date></publicationStmt><sourceDesc><p>Created by 84000: Translating the Words of the Buddha</p></sourceDesc><notesStmt/>    <revisionDesc>
            
                <change who="#admin" when="2023-07-30T22:39:48.323Z" type="text-version" status="0.1.1" xml:id="EFT-KB-KRSNA-PANDITA-4">
                    <desc>TEI migrated to 2.19.0</desc>
                </change>
                <change who="#admin" when="2024-01-29T08:46:15.224Z" type="text-version" status="0.1.2" xml:id="EFT-KB-KRSNA-PANDITA-5">
                    <desc>TEI migrated to 2.21.0 - author stub published</desc>
                </change>
                <change who="#admin" when="2024-01-29T08:46:15.224Z" type="publication-status" status="1.b" xml:id="EFT-KB-KRSNA-PANDITA-6">
                    <desc>Author stubs set to 1.b</desc>
                </change>
            </revisionDesc>
        </fileDesc></teiHeader><text><front/><body><div type="article"><div type="section" xml:id="EFT-KB-KRSNA-PANDITA-article-1"><head type="section" rend="default-text" tid="1">Article Section Heading</head><milestone unit="chunk" xml:id="EFT-KB-KRSNA-PANDITA-1"/><p rend="default-text" tid="2">Here's a paragraph to get you started. Replace this as you wish<note place="end" xml:id="EFT-KB-KRSNA-PANDITA-2">This is a ready-made footnote.</note>.</p></div></div></body><back><div type="listBibl"><head type="listBibl" tid="3">Bibliography</head><div type="section" xml:id="EFT-KB-KRSNA-PANDITA-listBibl-1"><head type="section" rend="default-text" tid="4">Bibliography Section Heading</head><bibl rend="default-text" xml:id="EFT-KB-KRSNA-PANDITA-3">This is a sample bibliographic reference with a <ref target="https://read.84000.co/translation/toh46.html">link example</ref>.</bibl></div></div><div type="glossary"><list type="glossary"/></div></back></text></TEI>