<?xml-model href="../schema/current/knowledgebase.rng" schematypens="http://relaxng.org/ns/structure/1.0"?><TEI xmlns="http://www.tei-c.org/ns/1.0" xmlns:eft="http://read.84000.co/ns/1.0" xmlns:tei="http://www.tei-c.org/ns/1.0"><teiHeader><fileDesc><titleStmt>
                <title type="mainTitle" xml:lang="Sa-Ltn">Mitrayogin</title>
                <title type="otherTitle" xml:lang="bo">མི་ཏྲ་ཛོ་ཀི།</title>
                <title type="otherTitle" xml:lang="Bo-Ltn">mi tra dzo ki</title>
                <title type="otherTitle" xml:lang="bo">བླ་མའི་མི་ཏྲ་ཨཱ་ན་ནྡ།</title>
                <title type="otherTitle" xml:lang="Bo-Ltn">bla ma'i mi tra A na n+da</title>
                <title type="otherTitle" xml:lang="bo">ཤྲི་ཛ་ག་ཏ་མི་ཏྲ་ཨ་ནནྡ།</title>
                <title type="otherTitle" xml:lang="Bo-Ltn">shri dza ga ta mi tra a nan+da</title>
                <title type="otherTitle" xml:lang="bo">སློབ་དཔོན་ཨ་ཇི་མི་ཏྲ་ཛོ་ཀི།</title>
                <title type="otherTitle" xml:lang="Bo-Ltn">slob dpon a ji mi tra dzo ki</title>
                <title type="otherTitle" xml:lang="bo">རྣལ་འབྱོར་གྱི་དབང་ཕྱུག་ཤྲི་མི་ཏྲ།</title>
                <title type="otherTitle" xml:lang="Bo-Ltn">rnal 'byor gyi dbang phyug shri mi tra</title>
                <title type="otherTitle" xml:lang="bo">རྣལ་འབྱོར་གྱི་དབང་ཕྱུག་མི་ཏྲ་ཨ་ནནྡ།</title>
                <title type="otherTitle" xml:lang="Bo-Ltn">rnal 'byor gyi dbang phyug mi tra a nan+da</title>
                <title type="otherTitle" xml:lang="bo">རྣལ་འབྱོར་གྱི་དབང་ཕྱུག་ཆེན་པོ་ཤྲཱི་མི་ཏྲ།</title>
                <title type="otherTitle" xml:lang="Bo-Ltn">rnal 'byor gyi dbang phyug chen po shrI mi tra</title>
                <title type="otherTitle" xml:lang="bo">རྣལ་འབྱོར་གྱི་དབང་ཕྱུག་ཆེན་པོ་མི་ཏྲ་ཛོ་ཀི།</title>
                <title type="otherTitle" xml:lang="Bo-Ltn">rnal 'byor gyi dbang phyug chen po mi tra dzo ki</title>
                <title type="otherTitle" xml:lang="bo">རྣལ་འབྱོར་གྱི་དབང་ཕྱུག་ཤྲི་ཛ་ག་ཏ་མི་ཏྲ་ཨ་ནནྡ།</title>
                <title type="otherTitle" xml:lang="Bo-Ltn">rnal 'byor gyi dbang phyug shri dza ga ta mi tra a nan+da</title>
                <title type="otherTitle" xml:lang="bo">རྣལ་འབྱོར་གྱི་དབང་ཕྱུག་ཆེན་པོ་ཤྲཱི་ཛ་ག་ཏ་མི་ཏྲ།</title>
                <title type="otherTitle" xml:lang="Bo-Ltn">rnal 'byor gyi dbang phyug chen po shrI dza ga ta mi tra</title>
                <title type="otherTitle" xml:lang="bo">རྣལ་འབྱོར་གྱི་དབང་ཕྱུག་ཆེན་པོ་ཤྲི་ཛ་ག་ཏ་མི་ཏྲ།</title>
                <title type="otherTitle" xml:lang="Bo-Ltn">rnal 'byor gyi dbang phyug chen po shri dza ga ta mi tra</title>
                <title type="otherTitle" xml:lang="bo">རྣལ་འབྱོར་གྱི་དབང་ཕྱུག་ཤྲཱི་ཛཱ་ག་ཏ་མི་ཏྲ་ཨཱ་ནནྡ།</title>
                <title type="otherTitle" xml:lang="Bo-Ltn">rnal 'byor gyi dbang phyug shrI dzA ga ta mi tra A nan+da</title>
                <title type="otherTitle" xml:lang="bo">རྣལ་འབྱོར་གྱི་དབང་ཕྱུག་ཆེན་པོ་ཤྲི་ཛ་ག་ཏི་མ་ཏྲ་ནནྡ།</title>
                <title type="otherTitle" xml:lang="Bo-Ltn">rnal 'byor gyi dbang phyug chen po shri dza ga ti ma tra nan+da</title>
                <title type="otherTitle" xml:lang="bo">རྣལ་འབྱོར་དབང་ཕྱུག་ཆེན་པོ་ཤྲཱི་ཛ་ག་ཏ་མི་ཏྲ་ཨཱ་ན་ནྡ།</title>
                <title type="otherTitle" xml:lang="Bo-Ltn">rnal 'byor dbang phyug chen po shrI dza ga ta mi tra A na n+da</title>
                <title type="otherTitle" xml:lang="bo">རྣལ་འབྱོར་གྱི་དབང་ཕྱུག་ཆེན་པོ་ཤྲི་ཛ་ག་མི་ཏྲ་ཨ་ན་ནྡ།</title>
                <title type="otherTitle" xml:lang="Bo-Ltn">rnal 'byor gyi dbang phyug chen po shri dza ga mi tra a na n+da</title>
                <title type="otherTitle" xml:lang="bo">རྣལ་འབྱོར་གྱི་དབང་ཕྱུག་ཆེན་པོ་ཤྲཱི་ཛ་ག་ཏི་མ་ཏྲཱ་ནནྡ།</title>
                <title type="otherTitle" xml:lang="Bo-Ltn">rnal 'byor gyi dbang phyug chen po shrI dza ga ti ma trA nan+da</title>
                <title type="otherTitle" xml:lang="bo">རྣལ་འབྱོར་གྱི་དབང་ཕྱུག་ཆེན་པོ་ཤྲཱི་ཛ་ག་ཏ་མི་ཏྲ་ཨཱ་ནནྡ།</title>
                <title type="otherTitle" xml:lang="Bo-Ltn">rnal 'byor gyi dbang phyug chen po shrI dza ga ta mi tra A nan+da</title>
                <title type="otherTitle" xml:lang="bo">རྣལ་འབྱོར་གྱི་དབང་ཕྱུག་མ་ཧ་ཤྲི་ཛ་ག་ཏ་མི་ཏྲ་ཨ་ན་ནྡ་ར་ཛ།</title>
                <title type="otherTitle" xml:lang="Bo-Ltn">rnal 'byor gyi dbang phyug ma ha shri dza ga ta mi tra a na n+da ra dza</title>
                <title type="otherTitle" xml:lang="bo">རྣལ་འབྱོར་གྱི་དབང་ཕྱུག་ཤྲི་ཛ་ག་ཏ་མི་ཏྲ་ཨ་ན་ནྡའི་ཞལ་སྔ་ནས།</title>
                <title type="otherTitle" xml:lang="Bo-Ltn">rnal 'byor gyi dbang phyug shri dza ga ta mi tra a na n+da'i zhal snga nas</title>
                <title type="otherTitle" xml:lang="bo">རྣལ་འབྱོར་གྱི་དབང་ཕྱུག་ཤྲཱི་ཛ་ག་ཏ་མི་ཏྲ་ཨཱ་ན་ནྡའི་ཞལ་སྔ་ནས།</title>
                <title type="otherTitle" xml:lang="Bo-Ltn">rnal 'byor gyi dbang phyug shrI dza ga ta mi tra A na n+da'i zhal snga nas</title>
                <title type="otherTitle" xml:lang="bo">རྣལ་འབྱོར་འབྱོར་གྱི་དབང་ཕྱུག་ཆེན་པོ་ཤྲི་ཛ་ག་ཏ་མི་ཏྲ་ཨ་ནནྡ།</title>
                <title type="otherTitle" xml:lang="Bo-Ltn">rnal 'byor 'byor gyi dbang phyug chen po shri dza ga ta mi tra a nan+da</title>
                <title type="otherTitle" xml:lang="bo">རྣལ་འབྱོར་གྱི་དབང་ཕྱུག་ཆེན་པོ་ཤྲི་ཛ་ག་ཏ་མི་ཏྲ་ནནྡའི་ཞལ་སྔ་ནས།</title>
                <title type="otherTitle" xml:lang="Bo-Ltn">rnal 'byor gyi dbang phyug chen po shri dza ga ta mi tra nan+da'i zhal snga nas</title></titleStmt><editionStmt>
                <edition>v 0.1.2 <date>2024</date></edition>
            </editionStmt><publicationStmt><publisher><name>84000: Translating the Words of the Buddha</name></publisher><availability status="1.b"/><idno xml:id="EFT-KB-MITRAYOGIN"/><idno type="eft-kb-id">mitrayogin</idno><date>2021-11-04</date></publicationStmt><sourceDesc><p>Created by 84000: Translating the Words of the Buddha</p></sourceDesc><notesStmt/>    <revisionDesc>
            
                <change who="#admin" when="2023-07-30T22:39:48.323Z" type="text-version" status="0.1.1" xml:id="EFT-KB-MITRAYOGIN-4">
                    <desc>TEI migrated to 2.19.0</desc>
                </change>
                <change who="#admin" when="2024-01-29T08:46:15.224Z" type="text-version" status="0.1.2" xml:id="EFT-KB-MITRAYOGIN-5">
                    <desc>TEI migrated to 2.21.0 - author stub published</desc>
                </change>
                <change who="#admin" when="2024-01-29T08:46:15.224Z" type="publication-status" status="1.b" xml:id="EFT-KB-MITRAYOGIN-6">
                    <desc>Author stubs set to 1.b</desc>
                </change>
            </revisionDesc>
        </fileDesc></teiHeader><text><front/><body><div type="article"><div type="section" xml:id="EFT-KB-MITRAYOGIN-article-1"><head type="section" rend="default-text" tid="1">Article Section Heading</head><milestone unit="chunk" xml:id="EFT-KB-MITRAYOGIN-1"/><p rend="default-text" tid="2">Here's a paragraph to get you started. Replace this as you wish<note place="end" xml:id="EFT-KB-MITRAYOGIN-2">This is a ready-made footnote.</note>.</p></div></div></body><back><div type="listBibl"><head type="listBibl" tid="3">Bibliography</head><div type="section" xml:id="EFT-KB-MITRAYOGIN-listBibl-1"><head type="section" rend="default-text" tid="4">Bibliography Section Heading</head><bibl rend="default-text" xml:id="EFT-KB-MITRAYOGIN-3">This is a sample bibliographic reference with a <ref target="https://read.84000.co/translation/toh46.html">link example</ref>.</bibl></div></div><div type="glossary"><list type="glossary"/></div></back></text></TEI>