<?xml-model href="../schema/current/knowledgebase.rng" schematypens="http://relaxng.org/ns/structure/1.0"?><TEI xmlns="http://www.tei-c.org/ns/1.0" xmlns:eft="http://read.84000.co/ns/1.0" xmlns:tei="http://www.tei-c.org/ns/1.0"><teiHeader><fileDesc><titleStmt>
                <title type="mainTitle" xml:lang="Sa-Ltn">Nāgārjuna</title>
                <title type="otherTitle" xml:lang="bo">ཀླུ་སྒྲུབ།</title>
                <title type="otherTitle" xml:lang="Bo-Ltn">klu sgrub</title>
                <title type="otherTitle" xml:lang="bo">འཕགས་པ་ཀླུ་སྒྲུབ།</title>
                <title type="otherTitle" xml:lang="Bo-Ltn">'phags pa klu sgrub</title>
                <title type="otherTitle" xml:lang="bo">དཔལ་ཀླུ་སྒྲུབ་ཞབས།</title>
                <title type="otherTitle" xml:lang="Bo-Ltn">dpal klu sgrub zhabs</title>
                <title type="otherTitle" xml:lang="bo">སློབ་དཔོན་ཀླུ་གྲུབ།</title>
                <title type="otherTitle" xml:lang="Bo-Ltn">slob dpon klu grub</title>
                <title type="otherTitle" xml:lang="bo">རྗེ་བཙུན་ཀླུ་སྒྲུབ།</title>
                <title type="otherTitle" xml:lang="Bo-Ltn">rje btsun klu sgrub</title>
                <title type="otherTitle" xml:lang="bo">དགེ་སློང་ཀླུ་སྒྲུབ།</title>
                <title type="otherTitle" xml:lang="Bo-Ltn">dge slong klu sgrub</title>
                <title type="otherTitle" xml:lang="bo">སློབ་དཔོན་ཀླུ་སྒྲུབ།</title>
                <title type="otherTitle" xml:lang="Bo-Ltn">slob dpon klu sgrub</title>
                <title type="otherTitle" xml:lang="bo">འཕགས་པ་ཀླུ་སྒྲུབ་ཞབས།</title>
                <title type="otherTitle" xml:lang="Bo-Ltn">'phags pa klu sgrub zhabs</title>
                <title type="otherTitle" xml:lang="bo">དགེ་སློང་ནཱ་གཱ་རྫུ་ན།</title>
                <title type="otherTitle" xml:lang="Bo-Ltn">dge slong nA gA rdzu na</title>
                <title type="otherTitle" xml:lang="bo">སློབ་དཔོན་ནཱ་གཱ་རྫུ་ན།</title>
                <title type="otherTitle" xml:lang="Bo-Ltn">slob dpon nA gA rdzu na</title>
                <title type="otherTitle" xml:lang="bo">ཀླུ་སྒྲུབ་ཀྱི་ཞལ་སྔ་ནས།</title>
                <title type="otherTitle" xml:lang="Bo-Ltn">klu sgrub kyi zhal snga nas</title>
                <title type="otherTitle" xml:lang="bo">སློབ་དཔོན་ཀླུ་སྒྲུབ་ཞབས།</title>
                <title type="otherTitle" xml:lang="Bo-Ltn">slob dpon klu sgrub zhabs</title>
                <title type="otherTitle" xml:lang="bo">ཨཱ་ཙཱརྱ་ཨཱརྱ་ནཱ་གཱརྫུ་ན།</title>
                <title type="otherTitle" xml:lang="Bo-Ltn">A tsAr+ya Ar+ya nA gArdzu na</title>
                <title type="otherTitle" xml:lang="bo">སྔགས་ཀྱི་རྒྱན་ནཱ་གཱརྗུ་ན།</title>
                <title type="otherTitle" xml:lang="Bo-Ltn">sngags kyi rgyan nA gArju na</title>
                <title type="otherTitle" xml:lang="bo">སློབ་དཔོན་མཁས་པ་ཀླུ་སྒྲུབ།</title>
                <title type="otherTitle" xml:lang="Bo-Ltn">slob dpon mkhas pa klu sgrub</title>
                <title type="otherTitle" xml:lang="bo">སློབ་དཔོན་འཕགས་ལ་ཀླུ་སྒྲུབ།</title>
                <title type="otherTitle" xml:lang="Bo-Ltn">slob dpon 'phags la klu sgrub</title>
                <title type="otherTitle" xml:lang="bo">སློབ་དཔོན་འཕགས་བ་ཀླུ་སྒྲུབ།</title>
                <title type="otherTitle" xml:lang="Bo-Ltn">slob dpon 'phags ba klu sgrub</title>
                <title type="otherTitle" xml:lang="bo">དཔལ་ཀླུ་སྒྲུབ་ཀྱི་ཞལ་སྔ་ནས།</title>
                <title type="otherTitle" xml:lang="Bo-Ltn">dpal klu sgrub kyi zhal snga nas</title>
                <title type="otherTitle" xml:lang="bo">སློབ་དཔོན་འཕགས་པ་ཀླུ་སྒྲུབ།</title>
                <title type="otherTitle" xml:lang="Bo-Ltn">slob dpon 'phags pa klu sgrub</title>
                <title type="otherTitle" xml:lang="bo">སློབ་དཔོན་ཆེན་པོ་ཀླུ་སྒྲུབ།</title>
                <title type="otherTitle" xml:lang="Bo-Ltn">slob dpon chen po klu sgrub</title>
                <title type="otherTitle" xml:lang="bo">སློབ་དཔོན་འཕགས་པ་ནཱ་གཱ་རྫུ་ན།</title>
                <title type="otherTitle" xml:lang="Bo-Ltn">slob dpon 'phags pa nA gA rdzu na</title>
                <title type="otherTitle" xml:lang="bo">འཕགས་པ་ཀླུ་སྒྲུབ་ཀྱི་ཞལ་སྔ་ནས།</title>
                <title type="otherTitle" xml:lang="Bo-Ltn">'phags pa klu sgrub kyi zhal snga nas</title>
                <title type="otherTitle" xml:lang="bo">སློབ་དཔོན་འཕགས་པ་ཀླུ་སྒྲུབ་ཞབས།</title>
                <title type="otherTitle" xml:lang="Bo-Ltn">slob dpon 'phags pa klu sgrub zhabs</title>
                <title type="otherTitle" xml:lang="bo">སློབ་དཔོན་ཀླུ་སྒྲུབ་ཀྱི་ཞལ་ལྔ་ནས།</title>
                <title type="otherTitle" xml:lang="Bo-Ltn">slob dpon klu sgrub kyi zhal lnga nas</title>
                <title type="otherTitle" xml:lang="bo">སློབ་དཔོན་ཀླུ་སྒྲུབ་ཀྱི་ཞལ་སྔ་ནས།</title>
                <title type="otherTitle" xml:lang="Bo-Ltn">slob dpon klu sgrub kyi zhal snga nas</title>
                <title type="otherTitle" xml:lang="bo">སློབ་དཔོན་ཆེན་པོ་འཕགས་པ་ཀླུ་སྒྲུབ།</title>
                <title type="otherTitle" xml:lang="Bo-Ltn">slob dpon chen po 'phags pa klu sgrub</title>
                <title type="otherTitle" xml:lang="bo">སློབ་དཔོན་བདག་ཉིད་ཆེན་པོ་ཀླུ་སྒྲུབ།</title>
                <title type="otherTitle" xml:lang="Bo-Ltn">slob dpon bdag nyid chen po klu sgrub</title>
                <title type="otherTitle" xml:lang="bo">སློབ་དཔོན་དཔལ་ཀླུ་སྒྲུབ་ཀྱི་ཞལ་སྔ་ནས།</title>
                <title type="otherTitle" xml:lang="Bo-Ltn">slob dpon dpal klu sgrub kyi zhal snga nas</title>
                <title type="otherTitle" xml:lang="bo">སློབ་དཔོན་འཕགས་པ་ཀླུ་སྒྲུབ་ཀྱི་ཞལ་སྔ་ནས།</title>
                <title type="otherTitle" xml:lang="Bo-Ltn">slob dpon 'phags pa klu sgrub kyi zhal snga nas</title>
                <title type="otherTitle" xml:lang="bo">སློབ་དཔོན་ཆེན་པོ་ཀླུ་སྒྲུབ་ཀྱི་ཞལ་སྔ་ནས།</title>
                <title type="otherTitle" xml:lang="Bo-Ltn">slob dpon chen po klu sgrub kyi zhal snga nas</title>
                <title type="otherTitle" xml:lang="bo">སློབ་དཔོན་དཔལ་ལྡན་ཀླུ་སྒྲུབ་ཀྱི་ཞལ་སྔ་ནས།</title>
                <title type="otherTitle" xml:lang="Bo-Ltn">slob dpon dpal ldan klu sgrub kyi zhal snga nas</title>
                <title type="otherTitle" xml:lang="bo">སློབ་དཔོན་བདག་ཉིད་ཆེན་པོ་འཕགས་པ་ཀླུ་སྒྲུབ།</title>
                <title type="otherTitle" xml:lang="Bo-Ltn">slob dpon bdag nyid chen po 'phags pa klu sgrub</title>
                <title type="otherTitle" xml:lang="bo">སློབ་དཔོན་ཆེན་པོ་དཔལ་ཀླུ་སྒྲུབ་ཀྱི་ཞལ་སྔ་ནས།</title>
                <title type="otherTitle" xml:lang="Bo-Ltn">slob dpon chen po dpal klu sgrub kyi zhal snga nas</title>
                <title type="otherTitle" xml:lang="bo">སློབ་དཔོན་ཆེན་པོ་འཕགས་པ་ཀླུ་སྒྲུབ་ཀྱི་ཞལ་སྔ་ནས།</title>
                <title type="otherTitle" xml:lang="Bo-Ltn">slob dpon chen po 'phags pa klu sgrub kyi zhal snga nas</title>
                <title type="otherTitle" xml:lang="bo">སློབ་དཔོན་མཁས་པ་ཆེན་པོ་འཕགས་པ་ཀླུ་སྒྲུབ་ཀྱི་ཞལ་སྔ་ནས།</title>
                <title type="otherTitle" xml:lang="Bo-Ltn">slob dpon mkhas pa chen po 'phags pa klu sgrub kyi zhal snga nas</title>
                <title type="otherTitle" xml:lang="Bo-Ltn">klu sgrub</title></titleStmt><editionStmt>
                <edition>v 0.1.2 <date>2024</date></edition>
            </editionStmt><publicationStmt><publisher><name>84000: Translating the Words of the Buddha</name></publisher><availability status="1.b"/><idno xml:id="EFT-KB-NAGARJUNA"/><idno type="eft-kb-id">nagarjuna</idno><date>2021-11-04</date></publicationStmt><sourceDesc><p>Created by 84000: Translating the Words of the Buddha</p></sourceDesc><notesStmt/>    <revisionDesc>
            
                <change who="#admin" when="2023-07-30T22:39:48.323Z" type="text-version" status="0.1.1" xml:id="EFT-KB-NAGARJUNA-4">
                    <desc>TEI migrated to 2.19.0</desc>
                </change>
                <change who="#admin" when="2024-01-29T08:46:15.224Z" type="text-version" status="0.1.2" xml:id="EFT-KB-NAGARJUNA-5">
                    <desc>TEI migrated to 2.21.0 - author stub published</desc>
                </change>
                <change who="#admin" when="2024-01-29T08:46:15.224Z" type="publication-status" status="1.b" xml:id="EFT-KB-NAGARJUNA-6">
                    <desc>Author stubs set to 1.b</desc>
                </change>
            </revisionDesc>
        </fileDesc></teiHeader><text><front/><body><div type="article"><div type="section" xml:id="EFT-KB-NAGARJUNA-article-1"><head type="section" rend="default-text" tid="1">Article Section Heading</head><milestone unit="chunk" xml:id="EFT-KB-NAGARJUNA-1"/><p rend="default-text" tid="2">Here's a paragraph to get you started. Replace this as you wish<note place="end" xml:id="EFT-KB-NAGARJUNA-2">This is a ready-made footnote.</note>.</p></div></div></body><back><div type="listBibl"><head type="listBibl" tid="3">Bibliography</head><div type="section" xml:id="EFT-KB-NAGARJUNA-listBibl-1"><head type="section" rend="default-text" tid="4">Bibliography Section Heading</head><bibl rend="default-text" xml:id="EFT-KB-NAGARJUNA-3">This is a sample bibliographic reference with a <ref target="https://read.84000.co/translation/toh46.html">link example</ref>.</bibl></div></div><div type="glossary"><list type="glossary"/></div></back></text></TEI>