<?xml-model href="../schema/current/knowledgebase.rng" schematypens="http://relaxng.org/ns/structure/1.0"?><TEI xmlns="http://www.tei-c.org/ns/1.0" xmlns:eft="http://read.84000.co/ns/1.0" xmlns:tei="http://www.tei-c.org/ns/1.0"><teiHeader><fileDesc><titleStmt>
                <title type="mainTitle" xml:lang="Sa-Ltn">Nāgārjunagarbha</title>
                <title type="otherTitle" xml:lang="bo">འཕགས་པ་ཀླུ་སྒྲུབ་སྙིང་པོ།</title>
                <title type="otherTitle" xml:lang="Bo-Ltn">'phags pa klu sgrub snying po</title>
                <title type="otherTitle" xml:lang="bo">སློབ་དཔོན་ཆེན་པོ་ཀླུ་སྒྲུབ་སྙིང་པོ།</title>
                <title type="otherTitle" xml:lang="Bo-Ltn">slob dpon chen po klu sgrub snying po</title>
                <title type="otherTitle" xml:lang="bo">སློབ་དཔོན་འཕགས་པ་ཀླུ་སྒྲུབ་སྙིང་པོ།</title>
                <title type="otherTitle" xml:lang="Bo-Ltn">slob dpon 'phags pa klu sgrub snying po</title>
                <title type="otherTitle" xml:lang="bo">སློབ་དཔོན་ཀླུ་སྒྲུབ་སྙིང་པོའི་ཞལ་སྔ་ནས།</title>
                <title type="otherTitle" xml:lang="Bo-Ltn">slob dpon klu sgrub snying po'i zhal snga nas</title>
                <title type="otherTitle" xml:lang="en">Dudjom and Kapstein (The Nyingma School of Tibetan Buddhism, vol. 1, p. 479) note that the balimācārya [master of offerings] at Vikramaśīla was named Nāgārjunagarbha but is never called "ārya" ('phags pa). However, sometimes ārya Nāgārjuna is referred to as ārya Nāgārjunagarbha, and so references by that name should not be confused with the master of offerings at Vikramaśīla. There is a similar question of authorship with regard to the Caturmudrānvaya (Toh. 2225) attributed to a Nāgārjunagarbhapādā (klu sgrub snying po zhal snga nas) that is subsequently quoted by Advayavajra in the Pañcatathāgatamudrāvivaraṇa (Toh. 2242).</title></titleStmt><editionStmt>
                <edition>v 0.1.2 <date>2024</date></edition>
            </editionStmt><publicationStmt><publisher><name>84000: Translating the Words of the Buddha</name></publisher><availability status="1.b"/><idno xml:id="EFT-KB-NAGARJUNAGARBHA"/><idno type="eft-kb-id">nagarjunagarbha</idno><date>2021-11-04</date></publicationStmt><sourceDesc><p>Created by 84000: Translating the Words of the Buddha</p></sourceDesc><notesStmt/>    <revisionDesc>
            
                <change who="#admin" when="2023-07-30T22:39:48.323Z" type="text-version" status="0.1.1" xml:id="EFT-KB-NAGARJUNAGARBHA-4">
                    <desc>TEI migrated to 2.19.0</desc>
                </change>
                <change who="#admin" when="2024-01-29T08:46:15.224Z" type="text-version" status="0.1.2" xml:id="EFT-KB-NAGARJUNAGARBHA-5">
                    <desc>TEI migrated to 2.21.0 - author stub published</desc>
                </change>
                <change who="#admin" when="2024-01-29T08:46:15.224Z" type="publication-status" status="1.b" xml:id="EFT-KB-NAGARJUNAGARBHA-6">
                    <desc>Author stubs set to 1.b</desc>
                </change>
            </revisionDesc>
        </fileDesc></teiHeader><text><front/><body><div type="article"><div type="section" xml:id="EFT-KB-NAGARJUNAGARBHA-article-1"><head type="section" rend="default-text" tid="1">Article Section Heading</head><milestone unit="chunk" xml:id="EFT-KB-NAGARJUNAGARBHA-1"/><p rend="default-text" tid="2">Here's a paragraph to get you started. Replace this as you wish<note place="end" xml:id="EFT-KB-NAGARJUNAGARBHA-2">This is a ready-made footnote.</note>.</p></div></div></body><back><div type="listBibl"><head type="listBibl" tid="3">Bibliography</head><div type="section" xml:id="EFT-KB-NAGARJUNAGARBHA-listBibl-1"><head type="section" rend="default-text" tid="4">Bibliography Section Heading</head><bibl rend="default-text" xml:id="EFT-KB-NAGARJUNAGARBHA-3">This is a sample bibliographic reference with a <ref target="https://read.84000.co/translation/toh46.html">link example</ref>.</bibl></div></div><div type="glossary"><list type="glossary"/></div></back></text></TEI>