<?xml-model href="../schema/current/knowledgebase.rng" schematypens="http://relaxng.org/ns/structure/1.0"?><TEI xmlns="http://www.tei-c.org/ns/1.0" xmlns:eft="http://read.84000.co/ns/1.0" xmlns:tei="http://www.tei-c.org/ns/1.0"><teiHeader><fileDesc><titleStmt>
                <title type="mainTitle" xml:lang="Sa-Ltn">Nāropa</title>
                <title type="otherTitle" xml:lang="bo">རྗེ་ན་རོ་པ།</title>
                <title type="otherTitle" xml:lang="Bo-Ltn">rje na ro pa</title>
                <title type="otherTitle" xml:lang="bo">དཔལ་ནཱ་རོ་པ།</title>
                <title type="otherTitle" xml:lang="Bo-Ltn">dpal nA ro pa</title>
                <title type="otherTitle" xml:lang="bo">རྗེ་ནཱ་རོ་པ།</title>
                <title type="otherTitle" xml:lang="Bo-Ltn">rje nA ro pa</title>
                <title type="otherTitle" xml:lang="bo">དཔལ་ལྡན་ན་རོ་པ།</title>
                <title type="otherTitle" xml:lang="Bo-Ltn">dpal ldan na ro pa</title>
                <title type="otherTitle" xml:lang="bo">དཔལ་ལྡན་ནཱ་རོ་པ།</title>
                <title type="otherTitle" xml:lang="Bo-Ltn">dpal ldan nA ro pa</title>
                <title type="otherTitle" xml:lang="bo">སློབ་དཔོན་ན་རོ་པ།</title>
                <title type="otherTitle" xml:lang="Bo-Ltn">slob dpon na ro pa</title>
                <title type="otherTitle" xml:lang="bo">སློབ་དཔོན་ནཱ་རོ་པ།</title>
                <title type="otherTitle" xml:lang="Bo-Ltn">slob dpon nA ro pa</title>
                <title type="otherTitle" xml:lang="bo">མ་ཧཱ་ཡོ་ག་ནཱ་རོ་པ།</title>
                <title type="otherTitle" xml:lang="Bo-Ltn">ma hA yo ga nA ro pa</title>
                <title type="otherTitle" xml:lang="bo">མཁས་པ་ཆེན་པོ་ནཱ་རོ་པ།</title>
                <title type="otherTitle" xml:lang="Bo-Ltn">mkhas pa chen po nA ro pa</title>
                <title type="otherTitle" xml:lang="bo">ན་རོ་པནྡི་ཏའི་ཞལ་སྔ་ནས།</title>
                <title type="otherTitle" xml:lang="Bo-Ltn">na ro pan+di ta'i zhal snga nas</title>
                <title type="otherTitle" xml:lang="bo">སློབ་དཔོན་ཆེན་པོ་ནཱ་རོ་པ།</title>
                <title type="otherTitle" xml:lang="Bo-Ltn">slob dpon chen po nA ro pa</title>
                <title type="otherTitle" xml:lang="bo">རྒྱ་གར་གྱི་མཁས་པ་ན་རོ་པནྡི་ཏ།</title>
                <title type="otherTitle" xml:lang="Bo-Ltn">rgya gar gyi mkhas pa na ro pan+di ta</title>
                <title type="otherTitle" xml:lang="bo">མཁས་པ་ནཱ་རོ་པཎ་ཆེན་གྱི་ཞལ་སྔ།</title>
                <title type="otherTitle" xml:lang="Bo-Ltn">mkhas pa nA ro paN chen gyi zhal snga</title>
                <title type="otherTitle" xml:lang="bo">རྒྱ་གར་གྱི་པནྡི་ཏ་ཤྲི་ན་རོ་པ་ཆེན་པོ།</title>
                <title type="otherTitle" xml:lang="Bo-Ltn">rgya gar gyi pan+di ta shri na ro pa chen po</title>
                <title type="otherTitle" xml:lang="bo">ཕྱག་རྒྱ་ཆེན་པོ་གྲུབ་པའི་སློབ་དཔོན་དཔལ་ནཱ་རོའི་ཞབས།</title>
                <title type="otherTitle" xml:lang="Bo-Ltn">phyag rgya chen po grub pa'i slob dpon dpal nA ro'i zhabs</title></titleStmt><editionStmt>
                <edition>v 0.1.2 <date>2024</date></edition>
            </editionStmt><publicationStmt><publisher><name>84000: Translating the Words of the Buddha</name></publisher><availability status="1.b"/><idno xml:id="EFT-KB-NAROPA"/><idno type="eft-kb-id">naropa</idno><date>2021-11-04</date></publicationStmt><sourceDesc><p>Created by 84000: Translating the Words of the Buddha</p></sourceDesc><notesStmt/>    <revisionDesc>
            
                <change who="#admin" when="2023-07-30T22:39:48.323Z" type="text-version" status="0.1.1" xml:id="EFT-KB-NAROPA-4">
                    <desc>TEI migrated to 2.19.0</desc>
                </change>
                <change who="#admin" when="2024-01-29T08:46:15.224Z" type="text-version" status="0.1.2" xml:id="EFT-KB-NAROPA-5">
                    <desc>TEI migrated to 2.21.0 - author stub published</desc>
                </change>
                <change who="#admin" when="2024-01-29T08:46:15.224Z" type="publication-status" status="1.b" xml:id="EFT-KB-NAROPA-6">
                    <desc>Author stubs set to 1.b</desc>
                </change>
            </revisionDesc>
        </fileDesc></teiHeader><text><front/><body><div type="article"><div type="section" xml:id="EFT-KB-NAROPA-article-1"><head type="section" rend="default-text" tid="1">Article Section Heading</head><milestone unit="chunk" xml:id="EFT-KB-NAROPA-1"/><p rend="default-text" tid="2">Here's a paragraph to get you started. Replace this as you wish<note place="end" xml:id="EFT-KB-NAROPA-2">This is a ready-made footnote.</note>.</p></div></div></body><back><div type="listBibl"><head type="listBibl" tid="3">Bibliography</head><div type="section" xml:id="EFT-KB-NAROPA-listBibl-1"><head type="section" rend="default-text" tid="4">Bibliography Section Heading</head><bibl rend="default-text" xml:id="EFT-KB-NAROPA-3">This is a sample bibliographic reference with a <ref target="https://read.84000.co/translation/toh46.html">link example</ref>.</bibl></div></div><div type="glossary"><list type="glossary"/></div></back></text></TEI>