<?xml-model href="../schema/current/knowledgebase.rng" schematypens="http://relaxng.org/ns/structure/1.0"?><TEI xmlns="http://www.tei-c.org/ns/1.0" xmlns:eft="http://read.84000.co/ns/1.0" xmlns:tei="http://www.tei-c.org/ns/1.0">
    <teiHeader>
        <fileDesc>
            <titleStmt>
                <title type="mainTitle" xml:lang="Sa-Ltn">Prajñāvarman</title>
                <title type="otherTitle" xml:lang="bo">པྲཛྙ་ཝརྨ།</title>
                <title type="otherTitle" xml:lang="Bo-Ltn">pradz+nya warma</title>
                <title type="otherTitle" xml:lang="bo">པྲ་ཛྙ་ཝརྨ།</title>
                <title type="otherTitle" xml:lang="Bo-Ltn">pra dz+nya warma</title>
                <title type="otherTitle" xml:lang="bo">པྲཛྙ་བར་མ།</title>
                <title type="otherTitle" xml:lang="Bo-Ltn">pradz+nya bar ma</title>
                <title type="otherTitle" xml:lang="bo">སློབ་དཔོན་པྲ་ཛྙཱ་ཝརྨ།</title>
                <title type="otherTitle" xml:lang="Bo-Ltn">slob dpon pra dz+nyA warma</title>
                <title type="otherTitle" xml:lang="bo">སློབ་དཔོན་ཤེས་རབ་གོ་ཆ།</title>
                <title type="otherTitle" xml:lang="Bo-Ltn">slob dpon shes rab go cha</title>
                <title type="otherTitle" xml:lang="bo">རྒྱ་གར་གྱི་མཁན་པོ་པྲཛྙ་བརྨ།</title>
                <title type="otherTitle" xml:lang="Bo-Ltn">rgya gar gyi mkhan po pradz+nya barma</title>
                <title type="otherTitle" xml:lang="bo">རྒྱ་གར་གྱི་མཁན་པོ་པྲཛྙ་ཝརྨ།</title>
                <title type="otherTitle" xml:lang="Bo-Ltn">rgya gar gyi mkhan po pradz+nya warma</title>
                <title type="otherTitle" xml:lang="bo">རྒྱ་གར་གྱི་མཁན་པོ་པྲཛྙ་ཝ་རྨ།</title>
                <title type="otherTitle" xml:lang="Bo-Ltn">rgya gar gyi mkhan po pradz+nya wa rma</title>
                <title type="otherTitle" xml:lang="bo">རྒྱ་གར་གྱི་མཁན་པོ་པྲ་ཛྙ་ཝ་རྨ།</title>
                <title type="otherTitle" xml:lang="Bo-Ltn">rgya gar gyi mkhan po pra dz+nya wa rma</title>
                <title type="otherTitle" xml:lang="bo">རྒྱ་གར་གྱི་མཁན་པོ་པྲ་ཛྙ་ཝ་ར་མ།</title>
                <title type="otherTitle" xml:lang="Bo-Ltn">rgya gar gyi mkhan po pra dz+nya wa ra ma</title>
                <title type="otherTitle" xml:lang="bo">རྒྱ་གར་གྱི་མཁན་པོ་ཆེན་པོ་པྲཛྙ་ཝརྨ།</title>
                <title type="otherTitle" xml:lang="Bo-Ltn">rgya gar gyi mkhan po chen po pradz+nya warma</title>
                <title type="otherTitle" xml:lang="bo">བྷ་ག་ལའི་ཡུལ་གྱི་སློབ་དཔོན་ཤེས་རབ་གོ་ཆ།</title>
                <title type="otherTitle" xml:lang="Bo-Ltn">b+ha ga la'i yul gyi slob dpon shes rab go cha</title>
            </titleStmt>
            <editionStmt>
                <edition>v 0.1.2 <date>2024</date></edition>
            </editionStmt>
            <publicationStmt>
                <publisher>
                    <name>84000: Translating the Words of the Buddha</name>
                </publisher>
                <availability status="1.b"/><idno xml:id="EFT-KB-PRAJNAVARMAN"/>
                <idno type="eft-kb-id">prajnavarman</idno>
                <date>2021-11-04</date>
            </publicationStmt>
            <sourceDesc>
                <p>Created by 84000: Translating the Words of the Buddha</p>
            </sourceDesc>
            <notesStmt/>
            <revisionDesc>
            
                <change who="#admin" when="2023-07-30T22:39:48.323Z" type="text-version" status="0.1.1" xml:id="EFT-KB-PRAJNAVARMAN-4">
                    <desc>TEI migrated to 2.19.0</desc>
                </change>
                <change who="#admin" when="2024-01-29T08:46:15.224Z" type="text-version" status="0.1.2" xml:id="EFT-KB-PRAJNAVARMAN-5">
                    <desc>TEI migrated to 2.21.0 - author stub published</desc>
                </change>
                <change who="#admin" when="2024-01-29T08:46:15.224Z" type="publication-status" status="1.b" xml:id="EFT-KB-PRAJNAVARMAN-6">
                    <desc>Author stubs set to 1.b</desc>
                </change>
            </revisionDesc>
        </fileDesc>
    </teiHeader>
    <text>
        <front/>
        <body>
            <div type="article">
                <div type="section" xml:id="EFT-KB-PRAJNAVARMAN-article-1">
                    <head type="section" rend="default-text" tid="1">Article Section Heading</head>
                    <milestone unit="chunk" xml:id="EFT-KB-PRAJNAVARMAN-1"/>
                    <p rend="default-text" tid="2">Here's a paragraph to get you started. Replace this as you wish<note place="end" xml:id="EFT-KB-PRAJNAVARMAN-2">This is a ready-made
                        footnote.</note>.</p>
                </div>
            </div>
        </body>
        <back>
            <div type="listBibl">
                <head type="listBibl" tid="3">Bibliography</head>
                <div type="section" xml:id="EFT-KB-PRAJNAVARMAN-listBibl-1">
                    <head type="section" rend="default-text" tid="4">Bibliography Section Heading</head>
                    <bibl rend="default-text" xml:id="EFT-KB-PRAJNAVARMAN-3">This is a sample bibliographic reference with a <ref target="https://read.84000.co/translation/toh46.html">link
                            example</ref>.</bibl>
                </div>
            </div>
            <div type="glossary">
                <list type="glossary"/>
            </div>
        </back>
    </text>
</TEI>