<?xml-model href="../schema/current/knowledgebase.rng" schematypens="http://relaxng.org/ns/structure/1.0"?><TEI xmlns="http://www.tei-c.org/ns/1.0" xmlns:eft="http://read.84000.co/ns/1.0" xmlns:tei="http://www.tei-c.org/ns/1.0"><teiHeader><fileDesc><titleStmt>
                <title type="mainTitle" xml:lang="Sa-Ltn">Ratnākaraśānti</title>
                <title type="otherTitle" xml:lang="bo">སློབ་དཔོན་རཏྣ་ཨཱ་ཀ་ར་ཤཱནྟི།</title>
                <title type="otherTitle" xml:lang="Bo-Ltn">slob dpon rat+na A ka ra shAn+ti</title>
                <title type="otherTitle" xml:lang="bo">རིན་ཆེན་འབྱུང་གནས་ཞི་བའི་ཞབས།</title>
                <title type="otherTitle" xml:lang="Bo-Ltn">rin chen 'byung gnas zhi ba'i zhabs</title>
                <title type="otherTitle" xml:lang="bo">སློབ་དཔོན་ཆེན་པོ་རཏྣ་ཨཱ་ཀར་ཤཱནྟི།</title>
                <title type="otherTitle" xml:lang="Bo-Ltn">slob dpon chen po rat+na A kar shAn+ti</title>
                <title type="otherTitle" xml:lang="bo">སློབ་དཔོན་རིན་ཆེན་འབྱུང་གནས་ཞི་བ།</title>
                <title type="otherTitle" xml:lang="Bo-Ltn">slob dpon rin chen 'byung gnas zhi ba</title>
                <title type="otherTitle" xml:lang="bo">དཔལ་རིན་ཆེན་འབྱུང་གནས་ཞི་བའི་ཞབས།</title>
                <title type="otherTitle" xml:lang="Bo-Ltn">dpal rin chen 'byung gnas zhi ba'i zhabs</title>
                <title type="otherTitle" xml:lang="bo">རིན་ཆེན་འབྱུང་གནས་ཞི་བའི་ཞལ་སྔ་ནས།</title>
                <title type="otherTitle" xml:lang="Bo-Ltn">rin chen 'byung gnas zhi ba'i zhal snga nas</title>
                <title type="otherTitle" xml:lang="bo">མཁས་པ་ཆེན་པོ་རིན་ཆེན་འབྱུང་གནས་ཞི་བ།</title>
                <title type="otherTitle" xml:lang="Bo-Ltn">mkhas pa chen po rin chen 'byung gnas zhi ba</title>
                <title type="otherTitle" xml:lang="bo">སློབ་དཔོན་མཁས་པ་ཆེན་པོ་རཏྣཱ་ཀ་ར་ཤནྟི།</title>
                <title type="otherTitle" xml:lang="Bo-Ltn">slob dpon mkhas pa chen po rat+nA ka ra shan+ti</title>
                <title type="otherTitle" xml:lang="bo">པཎྜི་ཏ་ཆེན་པོ་རིན་ཆེན་འབྱུང་གནས་ཞི་བ།</title>
                <title type="otherTitle" xml:lang="Bo-Ltn">paN+Di ta chen po rin chen 'byung gnas zhi ba</title>
                <title type="otherTitle" xml:lang="bo">སློབ་དཔོན་ཆེན་པོ་ཤྲཱི་ར་ཏྣཱ་ཀ་ར་ཤཱ་ནྟི།</title>
                <title type="otherTitle" xml:lang="Bo-Ltn">slob dpon chen po shrI ra t+nA ka ra shA n+ti</title>
                <title type="otherTitle" xml:lang="bo">པཎྜི་ཏ་ཆེན་པོ་རིན་ཆེན་འབྱུང་གནས་ཞི་བའི་ཞབས།</title>
                <title type="otherTitle" xml:lang="Bo-Ltn">paN+Di ta chen po rin chen 'byung gnas zhi ba'i zhabs</title>
                <title type="otherTitle" xml:lang="bo">སློབ་དཔོན་རིན་ཆེན་འབྱུང་གནས་ཞི་བའི་ཞལ་སྔ་ནས།</title>
                <title type="otherTitle" xml:lang="Bo-Ltn">slob dpon rin chen 'byung gnas zhi ba'i zhal snga nas</title>
                <title type="otherTitle" xml:lang="bo">སློབ་དཔོན་མཁས་པ་ཆེན་པོ་རིན་ཆེན་འབྱུང་གནས་ཞི་བ།</title>
                <title type="otherTitle" xml:lang="Bo-Ltn">slob dpon mkhas pa chen po rin chen 'byung gnas zhi ba</title>
                <title type="otherTitle" xml:lang="bo">མཁས་པ་ཆེན་པོ་རིན་ཆེན་འབྱུང་གནས་ཞི་བའི་ཞལ་སྔ་ནས།</title>
                <title type="otherTitle" xml:lang="Bo-Ltn">mkhas pa chen po rin chen 'byung gnas zhi ba'i zhal snga nas</title>
                <title type="otherTitle" xml:lang="bo">སློབ་དཔོན་ཆེན་པོ་རིན་ཆེན་འབྱུང་གནས་ཞི་བའི་ཞལ་སྔ་ནས།</title>
                <title type="otherTitle" xml:lang="Bo-Ltn">slob dpon chen po rin chen 'byung gnas zhi ba'i zhal snga nas</title>
                <title type="otherTitle" xml:lang="bo">སློབ་དཔོན་ཆེན་པོ་དཔལ་རིན་ཆེན་འབྱུང་གནས་ཞི་བའི་ཞལ་སྔ་ནས།</title>
                <title type="otherTitle" xml:lang="Bo-Ltn">slob dpon chen po dpal rin chen 'byung gnas zhi ba'i zhal snga nas</title>
                <title type="otherTitle" xml:lang="bo">སློབ་དཔོན་མཁས་པ་ཆེན་པོ་རིན་ཆེན་འབྱུང་གནས་ཞི་བའི་ཞལ་སྔ་ནས།</title>
                <title type="otherTitle" xml:lang="Bo-Ltn">slob dpon mkhas pa chen po rin chen 'byung gnas zhi ba'i zhal snga nas</title>
                <title type="otherTitle" xml:lang="bo">སློབ་དཔོན་མཁས་པ་ཆེན་པོ་དཔལ་རིན་ཆེན་འབྱུང་གནས་ཞི་བའི་ཞལ་སྔ་ནས།</title>
                <title type="otherTitle" xml:lang="Bo-Ltn">slob dpon mkhas pa chen po dpal rin chen 'byung gnas zhi ba'i zhal snga nas</title>
                <title type="otherTitle" xml:lang="bo">སློབ་དཔོན་ཆེན་པོ་མཁས་པ་དཔལ་རིན་ཆེན་འབྱུང་གནས་ཞི་བའི་ཞལ་སྔ་ནས།</title>
                <title type="otherTitle" xml:lang="Bo-Ltn">slob dpon chen po mkhas pa dpal rin chen 'byung gnas zhi ba'i zhal snga nas</title>
                <title type="otherTitle" xml:lang="bo">སློབ་དཔོན་པཎྜི་ཏ་ཆེན་པོ་དཔལ་རིན་ཆེན་འབྱུང་གནས་ཞི་བའི་ཞལ་སྔ་ནས།</title>
                <title type="otherTitle" xml:lang="Bo-Ltn">slob dpon paN+Di ta chen po dpal rin chen 'byung gnas zhi ba'i zhal snga nas</title>
                <title type="otherTitle" xml:lang="bo">རྒྱལ་པོའི་སློབ་དབོན་མཁས་པ་ཆེན་པོ་རིན་ཆེན་འབྱུང་གནས་ཞི་བའི་ཞལ་སྔ་ནས།</title>
                <title type="otherTitle" xml:lang="Bo-Ltn">rgyal po'i slob dbon mkhas pa chen po rin chen 'byung gnas zhi ba'i zhal snga nas</title>
                <title type="otherTitle" xml:lang="Bo-Ltn">rin chen 'byung gnas zhi ba</title></titleStmt><editionStmt>
                <edition>v 0.1.2 <date>2024</date></edition>
            </editionStmt><publicationStmt><publisher><name>84000: Translating the Words of the Buddha</name></publisher><availability status="1.b"/><idno xml:id="EFT-KB-RATNAKARASANTI"/><idno type="eft-kb-id">ratnakarasanti</idno><date>2021-11-04</date></publicationStmt><sourceDesc><p>Created by 84000: Translating the Words of the Buddha</p></sourceDesc><notesStmt/>    <revisionDesc>
            
                <change who="#admin" when="2023-07-30T22:39:48.323Z" type="text-version" status="0.1.1" xml:id="EFT-KB-RATNAKARASANTI-4">
                    <desc>TEI migrated to 2.19.0</desc>
                </change>
                <change who="#admin" when="2024-01-29T08:46:15.224Z" type="text-version" status="0.1.2" xml:id="EFT-KB-RATNAKARASANTI-5">
                    <desc>TEI migrated to 2.21.0 - author stub published</desc>
                </change>
                <change who="#admin" when="2024-01-29T08:46:15.224Z" type="publication-status" status="1.b" xml:id="EFT-KB-RATNAKARASANTI-6">
                    <desc>Author stubs set to 1.b</desc>
                </change>
            </revisionDesc>
        </fileDesc></teiHeader><text><front/><body><div type="article"><div type="section" xml:id="EFT-KB-RATNAKARASANTI-article-1"><head type="section" rend="default-text" tid="1">Article Section Heading</head><milestone unit="chunk" xml:id="EFT-KB-RATNAKARASANTI-1"/><p rend="default-text" tid="2">Here's a paragraph to get you started. Replace this as you wish<note place="end" xml:id="EFT-KB-RATNAKARASANTI-2">This is a ready-made footnote.</note>.</p></div></div></body><back><div type="listBibl"><head type="listBibl" tid="3">Bibliography</head><div type="section" xml:id="EFT-KB-RATNAKARASANTI-listBibl-1"><head type="section" rend="default-text" tid="4">Bibliography Section Heading</head><bibl rend="default-text" xml:id="EFT-KB-RATNAKARASANTI-3">This is a sample bibliographic reference with a <ref target="https://read.84000.co/translation/toh46.html">link example</ref>.</bibl></div></div><div type="glossary"><list type="glossary"/></div></back></text></TEI>