<?xml-model href="../schema/current/knowledgebase.rng" schematypens="http://relaxng.org/ns/structure/1.0"?><TEI xmlns="http://www.tei-c.org/ns/1.0" xmlns:eft="http://read.84000.co/ns/1.0" xmlns:tei="http://www.tei-c.org/ns/1.0"><teiHeader><fileDesc><titleStmt>
                <title type="mainTitle" xml:lang="Sa-Ltn">Ratnarakṣitapāda</title>
                <title type="otherTitle" xml:lang="bo">པནྡི་ཏ་རཏྣ་རཀྶི་ཏ།</title>
                <title type="otherTitle" xml:lang="Bo-Ltn">pan+di ta rat+na rak+si ta</title>
                <title type="otherTitle" xml:lang="bo">པཎྜི་ཏ་རཏྣ་རཀྵི་ཏ།</title>
                <title type="otherTitle" xml:lang="Bo-Ltn">paN+Di ta rat+na rak+Shi ta</title>
                <title type="otherTitle" xml:lang="bo">མ་ཧ་པནྡི་ཏ་ཤྲི་རཏྣ་རཀྶི་ཏ།</title>
                <title type="otherTitle" xml:lang="Bo-Ltn">ma ha pan+di ta shri rat+na rak+si ta</title>
                <title type="otherTitle" xml:lang="bo">མ་ཧཱ་པཎྜི་ཏ་ཤྲཱི་རཏྣ་རཀྵི་ཏ།</title>
                <title type="otherTitle" xml:lang="Bo-Ltn">ma hA paN+Di ta shrI rat+na rak+Shi ta</title>
                <title type="otherTitle" xml:lang="bo">པནྡི་ཏ་རཏྣ་རཀྶི་ཏའི་ཞལ་སྔ་ནས།</title>
                <title type="otherTitle" xml:lang="Bo-Ltn">pan+di ta rat+na rak+si ta'i zhal snga nas</title>
                <title type="otherTitle" xml:lang="bo">མ་ཧ་པནྡི་ཏ་རཏྣ་རཀྶི་ཏའི་ཞལ་སྔ་ནས།</title>
                <title type="otherTitle" xml:lang="Bo-Ltn">ma ha pan+di ta rat+na rak+si ta'i zhal snga nas</title>
                <title type="otherTitle" xml:lang="bo">མ་ཧ་པནྡི་ཏ་ཤྲི་རཏྣ་རཀྶི་ཏའི་ཞལ་སྔ་ནས།</title>
                <title type="otherTitle" xml:lang="Bo-Ltn">ma ha pan+di ta shri rat+na rak+si ta'i zhal snga nas</title>
                <title type="otherTitle" xml:lang="bo">མ་ཧ་པནྡི་ཏ་རཏྣ་ར་ཀྶི་ཏ་པ་དའི་ཞལ་སྔ་ནས།</title>
                <title type="otherTitle" xml:lang="Bo-Ltn">ma ha pan+di ta rat+na ra k+si ta pa da'i zhal snga nas</title>
                <title type="otherTitle" xml:lang="bo">བླ་མ་རྗེ་བཙུན་ཆེན་པོ་རཏྣ་རཀྵི་ཏའི་ཞབས།</title>
                <title type="otherTitle" xml:lang="Bo-Ltn">bla ma rje btsun chen po rat+na rak+Shi ta'i zhabs</title>
                <title type="otherTitle" xml:lang="bo">མ་ཧཱ་པཎྜི་ཏ་རཏྣ་རཀྵི་ཏ་པཱ་དའི་ཞལ་སྔ་ནས།</title>
                <title type="otherTitle" xml:lang="Bo-Ltn">ma hA paN+Di ta rat+na rak+Shi ta pA da'i zhal snga nas</title>
                <title type="otherTitle" xml:lang="bo">རྒྱ་གར་ཤར་ཕྱོགས་ཀྱི་པནྡི་ཏ་རཏྣ་རཀྶི་ཏ་པའི་ཞལ་སྔ་ནས།</title>
                <title type="otherTitle" xml:lang="Bo-Ltn">rgya gar shar phyogs kyi pan+di ta rat+na rak+si ta pa'i zhal snga nas</title>
                <title type="otherTitle" xml:lang="bo">གྲུབ་པ་བརྙེས་པའི་མཁས་པ་ཆེན་པོ་དགེ་སློང་རཏྣ་རཀྵི་ཏའི་ཞབས།</title>
                <title type="otherTitle" xml:lang="Bo-Ltn">grub pa brnyes pa'i mkhas pa chen po dge slong rat+na rak+Shi ta'i zhabs</title>
                <title type="otherTitle" xml:lang="bo">རྒྱ་གར་གྱི་མཁན་པོ་ལྔ་རིག་པཎ་ཆེན་གྲུབ་པ་བརྙེས་པ་རྗེ་བཙུན་རཏྣ་རཀྵི་ཏའི་ཞལ་སྔ་ནས།</title>
                <title type="otherTitle" xml:lang="Bo-Ltn">rgya gar gyi mkhan po lnga rig paN chen grub pa brnyes pa rje btsun rat+na rak+Shi ta'i zhal snga nas</title>
                <title type="otherTitle" xml:lang="bo">རྒྱ་གར་གྱི་མཁན་པོ་དཔལ་བདེ་མཆོག་ཉིད་དང་དབྱར་མེད་པའི་པནྡི་ཏ་ཆེན་པོ་དཔལ་རྗེ་བཙུན་རཏྣ་རཀྶི་ཏའི་ཞལ་སྔ་ནས།</title>
                <title type="otherTitle" xml:lang="Bo-Ltn">rgya gar gyi mkhan po dpal bde mchog nyid dang dbyar med pa'i pan+di ta chen po dpal rje btsun rat+na rak+si ta'i zhal snga nas</title></titleStmt><editionStmt>
                <edition>v 0.1.2 <date>2024</date></edition>
            </editionStmt><publicationStmt><publisher><name>84000: Translating the Words of the Buddha</name></publisher><availability status="1.b"/><idno xml:id="EFT-KB-RATNARAKSITAPADA"/><idno type="eft-kb-id">ratnaraksitapada</idno><date>2021-11-04</date></publicationStmt><sourceDesc><p>Created by 84000: Translating the Words of the Buddha</p></sourceDesc><notesStmt/>    <revisionDesc>
            
                <change who="#admin" when="2023-07-30T22:39:48.323Z" type="text-version" status="0.1.1" xml:id="EFT-KB-RATNARAKSITAPADA-4">
                    <desc>TEI migrated to 2.19.0</desc>
                </change>
                <change who="#admin" when="2024-01-29T08:46:15.224Z" type="text-version" status="0.1.2" xml:id="EFT-KB-RATNARAKSITAPADA-5">
                    <desc>TEI migrated to 2.21.0 - author stub published</desc>
                </change>
                <change who="#admin" when="2024-01-29T08:46:15.224Z" type="publication-status" status="1.b" xml:id="EFT-KB-RATNARAKSITAPADA-6">
                    <desc>Author stubs set to 1.b</desc>
                </change>
            </revisionDesc>
        </fileDesc></teiHeader><text><front/><body><div type="article"><div type="section" xml:id="EFT-KB-RATNARAKSITAPADA-article-1"><head type="section" rend="default-text" tid="1">Article Section Heading</head><milestone unit="chunk" xml:id="EFT-KB-RATNARAKSITAPADA-1"/><p rend="default-text" tid="2">Here's a paragraph to get you started. Replace this as you wish<note place="end" xml:id="EFT-KB-RATNARAKSITAPADA-2">This is a ready-made footnote.</note>.</p></div></div></body><back><div type="listBibl"><head type="listBibl" tid="3">Bibliography</head><div type="section" xml:id="EFT-KB-RATNARAKSITAPADA-listBibl-1"><head type="section" rend="default-text" tid="4">Bibliography Section Heading</head><bibl rend="default-text" xml:id="EFT-KB-RATNARAKSITAPADA-3">This is a sample bibliographic reference with a <ref target="https://read.84000.co/translation/toh46.html">link example</ref>.</bibl></div></div><div type="glossary"><list type="glossary"/></div></back></text></TEI>