<?xml-model href="../schema/current/knowledgebase.rng" schematypens="http://relaxng.org/ns/structure/1.0"?><TEI xmlns="http://www.tei-c.org/ns/1.0" xmlns:eft="http://read.84000.co/ns/1.0" xmlns:tei="http://www.tei-c.org/ns/1.0"><teiHeader><fileDesc><titleStmt>
                <title type="mainTitle" xml:lang="Sa-Ltn">Śābaripāda</title>
                <title type="otherTitle" xml:lang="bo">རི་ཁྲོད་ཞབས།</title>
                <title type="otherTitle" xml:lang="Bo-Ltn">ri khrod zhabs</title>
                <title type="otherTitle" xml:lang="bo">སློབ་དཔོན་ཤ་བ་རི་པ།</title>
                <title type="otherTitle" xml:lang="Bo-Ltn">slob dpon sha ba ri pa</title>
                <title type="otherTitle" xml:lang="bo">དཔལ་ཤ་བ་རི་དབང་ཕྱུག</title>
                <title type="otherTitle" xml:lang="Bo-Ltn">dpal sha ba ri dbang phyug</title>
                <title type="otherTitle" xml:lang="bo">གྲུབ་ཐོབ་ཤ་བ་རི་པཱ་ད།</title>
                <title type="otherTitle" xml:lang="Bo-Ltn">grub thob sha ba ri pA da</title>
                <title type="otherTitle" xml:lang="bo">གྲུབ་པ་ཐོབ་པ་ཤ་བ་རི་ཞབས།</title>
                <title type="otherTitle" xml:lang="Bo-Ltn">grub pa thob pa sha ba ri zhabs</title>
                <title type="otherTitle" xml:lang="bo">སློབ་དཔོན་ཆེན་པོ་ས་ཝ་རི་པ།</title>
                <title type="otherTitle" xml:lang="Bo-Ltn">slob dpon chen po sa wa ri pa</title>
                <title type="otherTitle" xml:lang="bo">སློབ་དཔོན་ཆེན་པོ་ས་པ་རི་པ།</title>
                <title type="otherTitle" xml:lang="Bo-Ltn">slob dpon chen po sa pa ri pa</title>
                <title type="otherTitle" xml:lang="bo">སློབ་དཔོན་ཆེན་པོ་ཤ་བ་རི་པ།</title>
                <title type="otherTitle" xml:lang="Bo-Ltn">slob dpon chen po sha ba ri pa</title>
                <title type="otherTitle" xml:lang="bo">སློབ་དཔོན་ཆེན་པོ་དངོས་གྲུབ་བརྙེས་པའི་ས་བ་རི་བ།</title>
                <title type="otherTitle" xml:lang="Bo-Ltn">slob dpon chen po dngos grub brnyes pa'i sa ba ri ba</title></titleStmt><editionStmt>
                <edition>v 0.1.2 <date>2024</date></edition>
            </editionStmt><publicationStmt><publisher><name>84000: Translating the Words of the Buddha</name></publisher><availability status="1.b"/><idno xml:id="EFT-KB-SABARIPADA"/><idno type="eft-kb-id">sabaripada</idno><date>2021-11-04</date></publicationStmt><sourceDesc><p>Created by 84000: Translating the Words of the Buddha</p></sourceDesc><notesStmt/>    <revisionDesc>
            
                <change who="#admin" when="2023-07-30T22:39:48.323Z" type="text-version" status="0.1.1" xml:id="EFT-KB-SABARIPADA-4">
                    <desc>TEI migrated to 2.19.0</desc>
                </change>
                <change who="#admin" when="2024-01-29T08:46:15.224Z" type="text-version" status="0.1.2" xml:id="EFT-KB-SABARIPADA-5">
                    <desc>TEI migrated to 2.21.0 - author stub published</desc>
                </change>
                <change who="#admin" when="2024-01-29T08:46:15.224Z" type="publication-status" status="1.b" xml:id="EFT-KB-SABARIPADA-6">
                    <desc>Author stubs set to 1.b</desc>
                </change>
            </revisionDesc>
        </fileDesc></teiHeader><text><front/><body><div type="article"><div type="section" xml:id="EFT-KB-SABARIPADA-article-1"><head type="section" rend="default-text" tid="1">Article Section Heading</head><milestone unit="chunk" xml:id="EFT-KB-SABARIPADA-1"/><p rend="default-text" tid="2">Here's a paragraph to get you started. Replace this as you wish<note place="end" xml:id="EFT-KB-SABARIPADA-2">This is a ready-made footnote.</note>.</p></div></div></body><back><div type="listBibl"><head type="listBibl" tid="3">Bibliography</head><div type="section" xml:id="EFT-KB-SABARIPADA-listBibl-1"><head type="section" rend="default-text" tid="4">Bibliography Section Heading</head><bibl rend="default-text" xml:id="EFT-KB-SABARIPADA-3">This is a sample bibliographic reference with a <ref target="https://read.84000.co/translation/toh46.html">link example</ref>.</bibl></div></div><div type="glossary"><list type="glossary"/></div></back></text></TEI>