<?xml-model href="../schema/current/knowledgebase.rng" schematypens="http://relaxng.org/ns/structure/1.0"?><TEI xmlns="http://www.tei-c.org/ns/1.0" xmlns:eft="http://read.84000.co/ns/1.0" xmlns:tei="http://www.tei-c.org/ns/1.0"><teiHeader><fileDesc><titleStmt>
                <title type="articleTitle" xml:lang="en">Śākyaśrībhadra</title>
                <title type="mainTitle" xml:lang="Sa-Ltn">Śākyaśrībhadra</title>
                <title type="mainTitle" xml:lang="bo">ཁ་ཆེའི་པཎྜི་ཏ་ཆེན་པོ་ཤཱཀྱ་ཤྲཱི་བཟང་པོ།</title>
                <title type="mainTitle" xml:lang="Bo-Ltn">kha che'i paN+Di ta chen po shAkya shrI bzang po</title>
                <title type="otherTitle" xml:lang="bo">ཁ་ཆེའི་པཎ་ཆེན།</title>
                <title type="otherTitle" xml:lang="Bo-Ltn">kha che'i paN chen</title>
                <title type="otherTitle" xml:lang="bo">པནྟི་ཏ་ཤཀྱ་ཤྲི།</title>
                <title type="otherTitle" xml:lang="Bo-Ltn">pan+ti ta shakya shri</title>
                <title type="otherTitle" xml:lang="bo">ཆོས་རྗེ་ཤཱ་ཀྱ་ཤྲཱི།</title>
                <title type="otherTitle" xml:lang="Bo-Ltn">chos rje shA kya shrI</title>
                <title type="otherTitle" xml:lang="bo">ཁ་ཆེ་ཤཀྱ་ཤྲི་བཟང་པོ།</title>
                <title type="otherTitle" xml:lang="Bo-Ltn">kha che shakya shri bzang po</title>
                <title type="otherTitle" xml:lang="bo">དཔོན་ཆེན་ཤཱཀྱ་བཟང་པོ།</title>
                <title type="otherTitle" xml:lang="Bo-Ltn">dpon chen shAkya bzang po</title>
                <title type="otherTitle" xml:lang="bo">པནྡི་ཏ་ཤཀྱ་ཤྲི་བྷ་དྲ།</title>
                <title type="otherTitle" xml:lang="Bo-Ltn">pan+di ta shakya shri b+ha dra</title>
                <title type="otherTitle" xml:lang="bo">མ་ཧཱ་པཎྜི་ཏ་ཤཱཀྱ་ཤྲཱི།</title>
                <title type="otherTitle" xml:lang="Bo-Ltn">ma hA paN+Di ta shAkya shrI</title>
                <title type="otherTitle" xml:lang="bo">ཁ་ཆེའི་པན་ཆེན་ཤཀྱ་ཤྲི།</title>
                <title type="otherTitle" xml:lang="Bo-Ltn">kha che'i pan chen shakya shri</title>
                <title type="otherTitle" xml:lang="bo">ཁ་ཆེའི་པནྡི་ཏ་ཤཀྱ་ཤྲི།</title>
                <title type="otherTitle" xml:lang="Bo-Ltn">kha che'i pan+di ta shakya shri</title>
                <title type="otherTitle" xml:lang="bo">ཁ་ཆེ་ཤཱ་ཀྱ་ཤྲཱི་བཟང་པོ།</title>
                <title type="otherTitle" xml:lang="Bo-Ltn">kha che shA kya shrI bzang po</title>
                <title type="otherTitle" xml:lang="bo">ཁ་ཆེའི་པཎྜི་ཏ་ཤཱཀྱ་ཤྲཱི།</title>
                <title type="otherTitle" xml:lang="Bo-Ltn">kha che'i paN+Di ta shAkya shrI</title>
                <title type="otherTitle" xml:lang="bo">ཁ་ཆེའི་པཎ་ཆེན་ཤཱཀྱ་ཤྲཱི།</title>
                <title type="otherTitle" xml:lang="Bo-Ltn">kha che'i paN chen shAkya shrI</title>
                <title type="otherTitle" xml:lang="bo">པ་ནྡི་ཏ་ཤ་ཀྱ་ཤྲི་བྷ་དྲ།</title>
                <title type="otherTitle" xml:lang="Bo-Ltn">pa n+di ta sha kya shri b+ha dra</title>
                <title type="otherTitle" xml:lang="bo">པཎ་ཆེན་ཤཱཀྱ་ཤྲཱིའི་ཞལ་ནས།</title>
                <title type="otherTitle" xml:lang="Bo-Ltn">paN chen shAkya shrI'i zhal nas</title>
                <title type="otherTitle" xml:lang="bo">བླ་མ་ཆེན་པོ་ཤཱཀྱ་ཤྲཱི་བྷ་དྲ།</title>
                <title type="otherTitle" xml:lang="Bo-Ltn">bla ma chen po shAkya shrI b+ha dra</title>
                <title type="otherTitle" xml:lang="bo">མ་ཧ་པནྡི་ཏ་ཆོས་རྗེ་ཤ་ཀྱ་ཤྲི།</title>
                <title type="otherTitle" xml:lang="Bo-Ltn">ma ha pan+di ta chos rje sha kya shri</title>
                <title type="otherTitle" xml:lang="bo">པནྡི་ཏ་ཆེན་པོ་ཤཀྱ་ཤྲི་བྷ་དྲ།</title>
                <title type="otherTitle" xml:lang="Bo-Ltn">pan+di ta chen po shakya shri b+ha dra</title>
                <title type="otherTitle" xml:lang="bo">པཎྜིཏ་ཆེན་པོ་ཤཱཀྱ་ཤྲཱི་བྷ་དྲ།</title>
                <title type="otherTitle" xml:lang="Bo-Ltn">paN+Dita chen po shAkya shrI b+ha dra</title>
                <title type="otherTitle" xml:lang="bo">ཁ་ཆེའི་པཎྜི་ཏ་ཤཱཀྱ་ཤྲཱི་བྷ་དྲ།</title>
                <title type="otherTitle" xml:lang="Bo-Ltn">kha che'i paN+Di ta shAkya shrI b+ha dra</title>
                <title type="otherTitle" xml:lang="bo">པཎྜི་ཏ་ཆེན་པོ་ཤཱཀྱ་ཤྲའི་བྷ་དྲ།</title>
                <title type="otherTitle" xml:lang="Bo-Ltn">paN+Di ta chen po shAkya shra'i b+ha dra</title>
                <title type="otherTitle" xml:lang="bo">ཁ་ཆེ་ཤཀྱ་ཤྲི་བྷ་དྲའི་ཞལ་སྔ་ནས།</title>
                <title type="otherTitle" xml:lang="Bo-Ltn">kha che shakya shri b+ha dra'i zhal snga nas</title>
                <title type="otherTitle" xml:lang="bo">ཁ་ཆེ་ཤཱཀྱ་ཤྲཱི་བྷ་དྲའི་ཞལ་སྔ་ནས།</title>
                <title type="otherTitle" xml:lang="Bo-Ltn">kha che shAkya shrI b+ha dra'i zhal snga nas</title>
                <title type="otherTitle" xml:lang="bo">རྒྱ་གར་གྱི་མཁན་པོ་ཤཀྱ་ཤྲི་བྷ་དྲ།</title>
                <title type="otherTitle" xml:lang="Bo-Ltn">rgya gar gyi mkhan po shakya shri b+ha dra</title>
                <title type="otherTitle" xml:lang="bo">པནྡི་ཏ་ཆེན་པོ་ཁ་ཆེ་ཤཀྱ་ཤྲི་བཟང་པོ།</title>
                <title type="otherTitle" xml:lang="Bo-Ltn">pan+di ta chen po kha che shakya shri bzang po</title>
                <title type="otherTitle" xml:lang="bo">བསོད་སྙོམས་པ་ཆེན་པོ་ཤཱཀྱ་ཤྲཱི་བྷ་དྲ།</title>
                <title type="otherTitle" xml:lang="Bo-Ltn">bsod snyoms pa chen po shAkya shrI b+ha dra</title>
                <title type="otherTitle" xml:lang="bo">ཁ་ཆེ་པནྚི་ཏ་ཆེན་པོ་ཤཱ་ཀྱ་ཤྲཱི་བྷ་དྲ།</title>
                <title type="otherTitle" xml:lang="Bo-Ltn">kha che pan+Ti ta chen po shA kya shrI b+ha dra</title>
                <title type="otherTitle" xml:lang="bo">ཁ་ཆེ་པནྡི་ཏ་ཆེན་པོ་ཤ་ཀྱ་ཤྲི་བཟང་པོ།</title>
                <title type="otherTitle" xml:lang="Bo-Ltn">kha che pan+di ta chen po sha kya shri bzang po</title>
                <title type="otherTitle" xml:lang="bo">ཁ་ཆེའི་པནྡི་ཏ་ཆེན་པོ་ཤཀྱ་ཤྲི་བྷ་དྲ།</title>
                <title type="otherTitle" xml:lang="Bo-Ltn">kha che'i pan+di ta chen po shakya shri b+ha dra</title>
                <title type="otherTitle" xml:lang="bo">ཁ་ཆེའི་པནྡི་ཏ་ཆེན་པོ་ཤ་ཀྱ་ཤྲི་བྷ་དྲ།</title>
                <title type="otherTitle" xml:lang="Bo-Ltn">kha che'i pan+di ta chen po sha kya shri b+ha dra</title>
                <title type="otherTitle" xml:lang="bo">ཁ་ཆེའི་པནྡི་ཏ་ཆེན་པོ་ཤཀྱ་ཤྲི་བཟང་པོ།</title>
                <title type="otherTitle" xml:lang="Bo-Ltn">kha che'i pan+di ta chen po shakya shri bzang po</title>
                <title type="otherTitle" xml:lang="bo">ཁ་ཆེའི་པཎྜི་ཏ་ཆེན་པོ་ཤཱཀྱ་ཤྲཱི་བྷ་དྲ།</title>
                <title type="otherTitle" xml:lang="Bo-Ltn">kha che'i paN+Di ta chen po shAkya shrI b+ha dra</title>
                <title type="otherTitle" xml:lang="bo">ཁ་ཆེའི་པཎྜི་ཏ་ཤཱཀྱ་ཤྲཱི་བྷ་དྲའི་ཞལ་སྔ་ནས།</title>
                <title type="otherTitle" xml:lang="Bo-Ltn">kha che'i paN+Di ta shAkya shrI b+ha dra'i zhal snga nas</title>
                <title type="otherTitle" xml:lang="bo">རྒྱ་གར་ཁ་ཆེའི་པཎྜི་ཏ་ཆེན་པོ་ཤཱཀྱ་ཤྲའི་བྷ་དྲ།</title>
                <title type="otherTitle" xml:lang="Bo-Ltn">rgya gar kha che'i paN+Di ta chen po shAkya shra'i b+ha dra</title>
                <title type="otherTitle" xml:lang="bo">པནྡི་ཏ་ཆེན་པོ་བསོད་སྙོམས་པ་ཁ་ཆེ་ཤཀྱ་ཤྲི་བྷ་དྲ།</title>
                <title type="otherTitle" xml:lang="Bo-Ltn">pan+di ta chen po bsod snyoms pa kha che shakya shri b+ha dra</title>
                <title type="otherTitle" xml:lang="bo">ཁ་ཆེའི་མཁན་པོ་ཆེན་པོ་ཆོས་ཀྱི་རྗེ་ཤཀྱ་ཤྲི་བྷ་དྲ།</title>
                <title type="otherTitle" xml:lang="Bo-Ltn">kha che'i mkhan po chen po chos kyi rje shakya shri b+ha dra</title>
                <title type="otherTitle" xml:lang="bo">ཁ་ཆེའི་པནྡི་ཏ་ཆེན་པོ་ཤཀྱ་ཤྲི་བཟང་པོའི་ཞལ་སྔ་ནས།</title>
                <title type="otherTitle" xml:lang="Bo-Ltn">kha che'i pan+di ta chen po shakya shri bzang po'i zhal snga nas</title>
                <title type="otherTitle" xml:lang="bo">ཁ་ཆེའི་པཎྜི་ཏ་ཆེན་པོ་ཤཱཀྱ་ཤྲཱི་བྷ་དྲའི་ཞལ་སྔ་ནས།</title>
                <title type="otherTitle" xml:lang="Bo-Ltn">kha che'i paN+Di ta chen po shAkya shrI b+ha dra'i zhal snga nas</title>
                <title type="otherTitle" xml:lang="bo">མཁས་པ་ཆེན་པོ་བསོད་སྙོམས་པ་ཤཀྱ་ཤྲི་བྷ་དྲའི་ཞལ་སྔ་ནས།</title>
                <title type="otherTitle" xml:lang="Bo-Ltn">mkhas pa chen po bsod snyoms pa shakya shri b+ha dra'i zhal snga nas</title>
                <title type="otherTitle" xml:lang="bo">ཁ་ཆེའི་རིགས་ཀྱི་པནྡི་ཏ་ཆེན་པོ་དཔལ་ཆོས་ཀྱི་ཤཀྱ་ཤྲི་བྷ་དྲའི་ཞལ་སྔ་ནས།</title>
                <title type="otherTitle" xml:lang="Bo-Ltn">kha che'i rigs kyi pan+di ta chen po dpal chos kyi shakya shri b+ha dra'i zhal snga nas</title>
                <title type="otherTitle" xml:lang="bo">ཁ་ཆེའི་རིགས་ཀྱི་པཎྜི་ཏ་ཆེན་པོ་དཔལ་ཆོས་ཀྱི་ཤཱཀྱ་ཤྲཱི་བྷ་དྲའི་ཞལ་སྔ་ནས།</title>
                <title type="otherTitle" xml:lang="Bo-Ltn">kha che'i rigs kyi paN+Di ta chen po dpal chos kyi shAkya shrI b+ha dra'i zhal snga nas</title>
            </titleStmt>
            <editionStmt>
                <edition>v 0.1.5 <date>2023</date></edition>
            </editionStmt>
            <publicationStmt>
                <publisher><name>84000: Translating the Words of the Buddha</name></publisher>
                <availability status="2.a"/>
                <idno xml:id="EFT-KB-SAKYASRIBHADRA"/>
                <idno type="eft-kb-id">sakyasribhadra</idno>
                <date>2021-11-04</date>
            </publicationStmt>
            <sourceDesc>
                <p>Created by 84000: Translating the Words of the Buddha</p>
            </sourceDesc>
            <notesStmt/>    
            <revisionDesc>
            
                <change who="#admin" when="2023-07-30T22:39:48.323Z" type="text-version" status="0.1.1" xml:id="EFT-KB-SAKYASRIBHADRA-4">
                    <desc>TEI migrated to 2.19.0</desc>
                </change>
                <change who="#john" when="2023-10-24T20:58:44.567Z" type="text-version" status="0.1.2" xml:id="EFT-KB-SAKYASRIBHADRA-5">
                    <desc>0.1.2</desc>
                </change>
                <change who="#john" when="2023-10-24T20:58:44.567Z" type="publication-status" status="2.b" xml:id="EFT-KB-SAKYASRIBHADRA-6">
                    <desc>2.b</desc>
                </change>
                <change who="#john" when="2023-10-24T21:03:29.938Z" type="text-version" status="0.1.3" xml:id="EFT-KB-SAKYASRIBHADRA-7">
                    <desc>Titles updated</desc>
                </change>
                <change who="#john" when="2023-10-24T21:04:07.329Z" type="text-version" status="0.1.4" xml:id="EFT-KB-SAKYASRIBHADRA-8">
                    <desc>Titles updated</desc>
                </change>
                <change who="#john" when="2023-10-24T21:04:07.329Z" type="publication-status" status="2.a" xml:id="EFT-KB-SAKYASRIBHADRA-9">
                    <desc>2.a</desc>
                </change>
                <change who="#john" when="2023-10-24T21:33:32.304Z" type="text-version" status="0.1.5" xml:id="EFT-KB-SAKYASRIBHADRA-10">
                    <desc>0.1.5</desc>
                </change>
            </revisionDesc>
        </fileDesc>
    </teiHeader>
    <text>
        <front/>
            <body><div type="article">
                <div type="section" xml:id="EFT-KB-SAKYASRIBHADRA-article-1">
                    <head type="section" tid="1">Śākyaśrī, Śākyaśrībhadra (1127–1225)</head>
                    <milestone unit="chunk" xml:id="EFT-KB-SAKYASRIBHADRA-1"/>
                    <p tid="5">Śākyaśrībhadra, “the great Kashmiri paṇḍita” as he was later known in Tibetan, 
                         rose to high positions as a monk and scholar in India. After serving
                        as abbot of Nālandā, he also became the last abbot of Vikramaśīla, being forced to flee 
                        at the age of seventy-seven when the great monastic university was sacked
                        by Muslim soldiers at the very start of the thirteenth century. He arrived in Tibet
                        in 1204 along with other Indian paṇḍitas.</p>
                    <milestone unit="chunk" xml:id="EFT-KB-SAKYASRIBHADRA-2"/>
                    <p tid="8">In the ten years he spent in Tibet, Śākyaśrībhadra became one of the most influential Indian paṇḍitas
                        of the period. His “Kashmiri” monastic ordination lineage (<foreign xml:lang="Sa-Ltn">kha che lugs</foreign>) was adopted by the new schools
                    of Tibetan Buddhism. He oversaw the translation of important works on philosophy, epistemology, and tantra, taught widely
                    on all these topics, and 
                    established several new monasteries. Most significantly of all, perhaps, he was the teacher of 
                        Sakya Paṇḍita Kunga Gyaltsen (kun dga’ rgyal mtshan) and thus of huge importance not only to the Sakya lineage 
                        but also to the evolution of several major fields of scholarship and practice in Tibet.</p>
                    <milestone unit="chunk" xml:id="EFT-KB-SAKYASRIBHADRA-3"/>
                    <p tid="9">As well as his major translation and teaching work, for traditions other than that of Sakya it is noteworthy that in the context
                        of the polemics surrounding the authenticity of tantras brought to Tibet from India in the early translation period Śākyaśrībhadra
                        confirmed the existence in Samye of a Sanskrit manuscript of the <title xml:lang="Sa-Ltn">Guhyagarbhatantra</title>, the principal
                        tantra of Mahāyoga for the Nyingma tradition that had been strongly criticized by Gö Khugpa Lhetsé as not of Indian origin and
                        without any Indian lineage.<note place="end" xml:id="EFT-KB-SAKYASRIBHADRA-5">The Sakya patriarch Drakpa Gyaltsen 
                            (grags pa rgyal mtshan, 1147-1216) also recognized the authenticity of the <title xml:lang="Sa-Ltn">Guhyagarbhatantra</title>
                            in his inventory of tantras, perhaps even before Śākyaśrībhadra’s confirmation. Whether or not he had seen the Sanskrit manuscript is not recorded.</note> </p>
                    <milestone unit="chunk" xml:id="EFT-KB-SAKYASRIBHADRA-4"/>
                    <p tid="7">After a decade in Tibet, he returned to his native Kashmir where he spent the last ten years of his 
                    long and productive life.</p></div>
            </div>
            </body>
        <back>
            <div type="listBibl">
                <head type="listBibl" tid="3">Bibliography</head><div type="section" xml:id="EFT-KB-SAKYASRIBHADRA-listBibl-1"><head type="section" rend="default-text" tid="4">Bibliography Section Heading</head><bibl rend="default-text" xml:id="EFT-KB-SAKYASRIBHADRA-3">This is a sample bibliographic reference with a <ref target="https://read.84000.co/translation/toh46.html">link example</ref>.</bibl></div></div><div type="glossary"><list type="glossary"/></div></back></text></TEI>