<?xml-model href="../schema/current/knowledgebase.rng" schematypens="http://relaxng.org/ns/structure/1.0"?><TEI xmlns="http://www.tei-c.org/ns/1.0" xmlns:eft="http://read.84000.co/ns/1.0" xmlns:tei="http://www.tei-c.org/ns/1.0">
    <teiHeader>
        <fileDesc>
            <titleStmt>
                <title type="mainTitle" xml:lang="Sa-Ltn">Saraha (II)</title>
                <title type="otherTitle" xml:lang="bo">ས་ར་ཧ།</title>
                <title type="otherTitle" xml:lang="Bo-Ltn">sa ra ha</title>
                <title type="otherTitle" xml:lang="bo">ས་ར་ཧའི་ཞབས།</title>
                <title type="otherTitle" xml:lang="Bo-Ltn">sa ra ha'i zhabs</title>
                <title type="otherTitle" xml:lang="bo">ས་ར་ཧའི་ཞལ་ནས།</title>
                <title type="otherTitle" xml:lang="Bo-Ltn">sa ra ha'i zhal nas</title>
                <title type="otherTitle" xml:lang="bo">སློབ་དཔོན་ས་ར་ཧ།</title>
                <title type="otherTitle" xml:lang="Bo-Ltn">slob dpon sa ra ha</title>
                <title type="otherTitle" xml:lang="bo">ས་ར་ཧའི་ཞལ་སྔ་ནས།</title>
                <title type="otherTitle" xml:lang="Bo-Ltn">sa ra ha'i zhal snga nas</title>
                <title type="otherTitle" xml:lang="bo">སློབ་དཔོན་ས་ར་ཧ་པ།</title>
                <title type="otherTitle" xml:lang="Bo-Ltn">slob dpon sa ra ha pa</title>
                <title type="otherTitle" xml:lang="bo">དཔལ་ས་ར་ཧ་པའི་ཞལ་ནས།</title>
                <title type="otherTitle" xml:lang="Bo-Ltn">dpal sa ra ha pa'i zhal nas</title>
                <title type="otherTitle" xml:lang="bo">བྲམ་ཟེ་ཆེན་པོ་ས་ར་ཧའི་ཞལ་ནས།</title>
                <title type="otherTitle" xml:lang="Bo-Ltn">bram ze chen po sa ra ha'i zhal nas</title>
                <title type="otherTitle" xml:lang="bo">སློབ་དཔོན་ས་ར་ཧ་བའི་ཞལ་སྔ་ནས།</title>
                <title type="otherTitle" xml:lang="Bo-Ltn">slob dpon sa ra ha ba'i zhal snga nas</title>
                <title type="otherTitle" xml:lang="bo">སློབ་དཔོན་ཆེན་པོ་ས་ར་ཧའི་ཞལ་སྔ་ནས།</title>
                <title type="otherTitle" xml:lang="Bo-Ltn">slob dpon chen po sa ra ha'i zhal snga nas</title>
                <title type="otherTitle" xml:lang="bo">རྣལ་འབྱོར་གྱི་དབང་ཕྱུག་དཔལ་ས་ར་ཧ་པ།</title>
                <title type="otherTitle" xml:lang="Bo-Ltn">rnal 'byor gyi dbang phyug dpal sa ra ha pa</title>
                <title type="otherTitle" xml:lang="bo">དཔལ་རི་ཁྲོད་པ་ཆེན་པོ་ས་ར་ཧའི་ཞལ་སྔ་ནས།</title>
                <title type="otherTitle" xml:lang="Bo-Ltn">dpal ri khrod pa chen po sa ra ha'i zhal snga nas</title>
                <title type="otherTitle" xml:lang="bo">རྣལ་འབྱོར་གྱི་དབང་ཕྱུག་དཔལ་ས་ར་ཧ་ཆེན་པོ།</title>
                <title type="otherTitle" xml:lang="Bo-Ltn">rnal 'byor gyi dbang phyug dpal sa ra ha chen po</title>
                <title type="otherTitle" xml:lang="bo">རྣལ་འབྱོར་གྱི་དབང་ཕྱུག་དཔལ་ས་ར་ཧ་པའི་ཞལ་ནས།</title>
                <title type="otherTitle" xml:lang="Bo-Ltn">rnal 'byor gyi dbang phyug dpal sa ra ha pa'i zhal nas</title>
                <title type="otherTitle" xml:lang="bo">རྣལ་འབྱོར་གྱི་དབང་ཕྱུག་ཆེན་པོ་དཔལ་ས་ར་ཧའི་ཞལ་ནས།</title>
                <title type="otherTitle" xml:lang="Bo-Ltn">rnal 'byor gyi dbang phyug chen po dpal sa ra ha'i zhal nas</title>
                <title type="otherTitle" xml:lang="bo">རྣལ་འབྱོར་གྱི་དབང་ཕྱུག་ཆེན་པོ་དཔལ་ས་ར་ཧའི་ཞལ་སྔ་ནས།</title>
                <title type="otherTitle" xml:lang="Bo-Ltn">rnal 'byor gyi dbang phyug chen po dpal sa ra ha'i zhal snga nas</title>
                <title type="otherTitle" xml:lang="bo">རྣལ་འབྱོར་གྱི་དབང་ཕྱུག་ཆེན་པོ་དཔལ་ས་ར་ཧ་པའི་ཞལ་སྔ་ནས།</title>
                <title type="otherTitle" xml:lang="Bo-Ltn">rnal 'byor gyi dbang phyug chen po dpal sa ra ha pa'i zhal snga nas</title>
                <title type="otherTitle" xml:lang="bo">དངོས་གྲུབ་བརྙེས་པའི་སློབ་དཔོན་ཆེན་པོ་ས་ར་ཧའི་ཞལ་སྔ་ནས།</title>
                <title type="otherTitle" xml:lang="Bo-Ltn">dngos grub brnyes pa'i slob dpon chen po sa ra ha'i zhal snga nas</title>
                <title type="otherTitle" xml:lang="bo">དངོས་གྲུབ་ཀྱི་མཆོག་བརྙེས་པའི་སློབ་དཔོན་ས་ར་ཧའི་ཞལ་སྔ་ནས།</title>
                <title type="otherTitle" xml:lang="Bo-Ltn">dngos grub kyi mchog brnyes pa'i slob dpon sa ra ha'i zhal snga nas</title>
                <title type="otherTitle" xml:lang="bo">རྣལ་འབྱོར་གྱི་དབང་ཕྱུག་ཆེན་པོ་དཔལ་ས་ར་ཧ་ཆེན་པོའི་ཞལ་སྔ་ནས།</title>
                <title type="otherTitle" xml:lang="Bo-Ltn">rnal 'byor gyi dbang phyug chen po dpal sa ra ha chen po'i zhal snga nas</title>
                <title type="otherTitle" xml:lang="bo">རྣལ་འབྱོར་གྱི་དབང་ཕྱུག་ཆེན་པོ་དཔལ་བྲམ་ཟེ་ཆེན་པོ་ས་ར་ཧའི་ཞལ་སྔ་ནས།</title>
                <title type="otherTitle" xml:lang="Bo-Ltn">rnal 'byor gyi dbang phyug chen po dpal bram ze chen po sa ra ha'i zhal snga nas</title>
                <title type="otherTitle" xml:lang="bo">རྣལ་འབྱོར་གྱི་དབང་ཕྱུག་ཐམས་ཅད་ཀྱི་གཙུག་གི་ནོར་བུ་ལྟ་བུ་དཔལ་ས་ར་ཧ།</title>
                <title type="otherTitle" xml:lang="Bo-Ltn">rnal 'byor gyi dbang phyug thams cad kyi gtsug gi nor bu lta bu dpal sa ra ha</title>
            </titleStmt>
            <editionStmt>
                <edition>v 0.1.1 <date>2023</date></edition>
            </editionStmt>
            <publicationStmt>
                <publisher>
                    <name>84000: Translating the Words of the Buddha</name>
                </publisher>
                <availability status="3"/><idno xml:id="EFT-KB-SARAHA-II"/>
                <idno type="eft-kb-id">saraha-ii</idno>
                <date>2021-11-04</date>
            </publicationStmt>
            <sourceDesc>
                <p>Created by 84000: Translating the Words of the Buddha</p>
            </sourceDesc>
            <notesStmt/>
            <revisionDesc>
            
                <change who="#admin" when="2023-07-30T22:39:48.323Z" type="text-version" status="0.1.1" xml:id="EFT-KB-SARAHA-II-4">
                    <desc>TEI migrated to 2.19.0</desc>
                </change>
            </revisionDesc>
        </fileDesc>
    </teiHeader>
    <text>
        <front/>
        <body>
            <div type="article">
                <div type="section" xml:id="EFT-KB-SARAHA-II-article-1">
                    <head type="section" rend="default-text" tid="1">Article Section Heading</head>
                    <milestone unit="chunk" xml:id="EFT-KB-SARAHA-II-1"/>
                    <p rend="default-text" tid="2">Here's a paragraph to get you started. Replace this as you wish<note place="end" xml:id="EFT-KB-SARAHA-II-2">This is a ready-made
                        footnote.</note>.</p>
                </div>
            </div>
        </body>
        <back>
            <div type="listBibl">
                <head type="listBibl" tid="3">Bibliography</head>
                <div type="section" xml:id="EFT-KB-SARAHA-II-listBibl-1">
                    <head type="section" rend="default-text" tid="4">Bibliography Section Heading</head>
                    <bibl rend="default-text" xml:id="EFT-KB-SARAHA-II-3">This is a sample bibliographic reference with a <ref target="https://read.84000.co/translation/toh46.html">link
                        example</ref>.</bibl>
                </div>
            </div>
            <div type="glossary">
                <list type="glossary"/>
            </div>
        </back>
    </text>
</TEI>