<?xml-model href="../schema/current/knowledgebase.rng" schematypens="http://relaxng.org/ns/structure/1.0"?><TEI xmlns="http://www.tei-c.org/ns/1.0" xmlns:eft="http://read.84000.co/ns/1.0" xmlns:tei="http://www.tei-c.org/ns/1.0"><teiHeader><fileDesc><titleStmt>
                <title type="mainTitle" xml:lang="Sa-Ltn">Smṛtijñānakīrti</title>
                <title type="otherTitle" xml:lang="bo">སྨྲཱི་ཏི།</title>
                <title type="otherTitle" xml:lang="Bo-Ltn">smrI ti</title>
                <title type="otherTitle" xml:lang="bo">པཎྜ་ཏ་སྨྲྀ་ཏི།</title>
                <title type="otherTitle" xml:lang="Bo-Ltn">paN+Da ta smr-i ti</title>
                <title type="otherTitle" xml:lang="bo">ཇོ་བོ་སྨྲཱི་ཏི།</title>
                <title type="otherTitle" xml:lang="Bo-Ltn">jo bo smrI ti</title>
                <title type="otherTitle" xml:lang="bo">པནྡ་ཏ་སྨྲ྄་ཏི།</title>
                <title type="otherTitle" xml:lang="Bo-Ltn">pan+da ta smra? ti</title>
                <title type="otherTitle" xml:lang="bo">ཇོ་བོ་སྨྲི་ཏི།</title>
                <title type="otherTitle" xml:lang="Bo-Ltn">jo bo smri ti</title>
                <title type="otherTitle" xml:lang="bo">པཎྜི་ཏ་སྨྲཱི་ཏི།</title>
                <title type="otherTitle" xml:lang="Bo-Ltn">paN+Di ta smrI ti</title>
                <title type="otherTitle" xml:lang="bo">པནྡི་ཏ་སྨྲི་ཏི།</title>
                <title type="otherTitle" xml:lang="Bo-Ltn">pan+di ta smri ti</title>
                <title type="otherTitle" xml:lang="bo">སྨྲི་ཏི་ཛྙ་ན་ཀིརྟི།</title>
                <title type="otherTitle" xml:lang="Bo-Ltn">smri ti dz+nya na kirti</title>
                <title type="otherTitle" xml:lang="bo">སྨྲི་ཏི་ཛྙ་ན་ཀི་རྟི།</title>
                <title type="otherTitle" xml:lang="Bo-Ltn">smri ti dz+nya na ki rti</title>
                <title type="otherTitle" xml:lang="bo">སྨྲཱི་ཏི་ཛྙཱ་ན་ཀཱིརྟི།</title>
                <title type="otherTitle" xml:lang="Bo-Ltn">smrI ti dz+nyA na kIrti</title>
                <title type="otherTitle" xml:lang="bo">སྨྲཱི་ཏི་ཛྙཱ་ན་ཀཱི་རྟི།</title>
                <title type="otherTitle" xml:lang="Bo-Ltn">smrI ti dz+nyA na kI rti</title>
                <title type="otherTitle" xml:lang="bo">པནྡི་ཏ་སྨྲི་ཏི་ཛྙ་ན་ཀིརྟི།</title>
                <title type="otherTitle" xml:lang="Bo-Ltn">pan+di ta smri ti dz+nya na kirti</title>
                <title type="otherTitle" xml:lang="bo">པཎྜིཏ་སྨྲཱི་ཏི་ཛྙཱ་ན་ཀཱི་རྟི།</title>
                <title type="otherTitle" xml:lang="Bo-Ltn">paN+Dita smrI ti dz+nyA na kI rti</title>
                <title type="otherTitle" xml:lang="bo">པཎྜི་ཏ་སྨྲཱི་ཏི་ཛྙཱ་ན་ཀཱིརྟི།</title>
                <title type="otherTitle" xml:lang="Bo-Ltn">paN+Di ta smrI ti dz+nyA na kIrti</title>
                <title type="otherTitle" xml:lang="bo">པཎྜི་ཏ་དྲན་པ་ཡེ་ཤེས་གྲགས་པ།</title>
                <title type="otherTitle" xml:lang="Bo-Ltn">paN+Di ta dran pa ye shes grags pa</title>
                <title type="otherTitle" xml:lang="bo">པནྡི་ཏ་སྨྲི་ཏི་ཛྙ་ན་ཀི་རྟི།</title>
                <title type="otherTitle" xml:lang="Bo-Ltn">pan+di ta smri ti dz+nya na ki rti</title>
                <title type="otherTitle" xml:lang="bo">ལོ་ཙ་བ་སྨྲ྄་ཏི་ཛྙ་ན་ཀི་རྟི།</title>
                <title type="otherTitle" xml:lang="Bo-Ltn">lo tsa ba smra? ti dz+nya na ki rti</title>
                <title type="otherTitle" xml:lang="bo">པཎྜི་ཏ་སྨྲཱི་ཏི་ཛྙཱ་ན་ཀཱི་རྟི།</title>
                <title type="otherTitle" xml:lang="Bo-Ltn">paN+Di ta smrI ti dz+nyA na kI rti</title>
                <title type="otherTitle" xml:lang="bo">པཎྜི་ཏ་སྨྲཱི་ཏི་ཛཉཱ་ན་ཀཱི་རྟི།</title>
                <title type="otherTitle" xml:lang="Bo-Ltn">paN+Di ta smrI ti dzanyA na kI rti</title>
                <title type="otherTitle" xml:lang="bo">རྒྱ་གར་གྱི་མཁན་པོ་སྨྲི་ཏི་ཛྙ་ན།</title>
                <title type="otherTitle" xml:lang="Bo-Ltn">rgya gar gyi mkhan po smri ti dz+nya na</title>
                <title type="otherTitle" xml:lang="bo">པཎྜི་ཏ་ཆེན་པོ་སྨྲཱི་ཏི་ཛྙཱ་ན་ཀཱིརྟི།</title>
                <title type="otherTitle" xml:lang="Bo-Ltn">paN+Di ta chen po smrI ti dz+nyA na kIrti</title>
                <title type="otherTitle" xml:lang="bo">པནྡི་ཏ་ཆེན་པོ་སྨྲི་ཏི་ཛྙན྄་ཀི་རྟི།</title>
                <title type="otherTitle" xml:lang="Bo-Ltn">pan+di ta chen po smri ti dz+nyana? ki rti</title>
                <title type="otherTitle" xml:lang="bo">པཎྜི་ཏ་ཆེན་པོ་སྨྲི་ཏི་ཛྙཱན྄་ཀཱི་རྟི།</title>
                <title type="otherTitle" xml:lang="Bo-Ltn">paN+Di ta chen po smri ti dz+nyAna? kI rti</title>
                <title type="otherTitle" xml:lang="bo">རྒྱ་གར་གྱི་མཁན་པོ་སྨྲི་ཏི་ཛྙ་ན་ཀིརྟི།</title>
                <title type="otherTitle" xml:lang="Bo-Ltn">rgya gar gyi mkhan po smri ti dz+nya na kirti</title>
                <title type="otherTitle" xml:lang="bo">རྒྱ་གར་གྱི་མཁན་པོ་དྲན་པ་ཡེ་ཤེས་གྲགས་པ།</title>
                <title type="otherTitle" xml:lang="Bo-Ltn">rgya gar gyi mkhan po dran pa ye shes grags pa</title>
                <title type="otherTitle" xml:lang="bo">རྒྱ་གར་གྱི་མཁན་པོ་སྨྲི་ཏི་ཛྙ་ན་ཀི་རྟི།</title>
                <title type="otherTitle" xml:lang="Bo-Ltn">rgya gar gyi mkhan po smri ti dz+nya na ki rti</title>
                <title type="otherTitle" xml:lang="bo">རྒྱ་གར་གྱི་མཁན་པོ་སྨྲཱི་ཏི་ཛྙཱ་ན་ཀཱིརྟི།</title>
                <title type="otherTitle" xml:lang="Bo-Ltn">rgya gar gyi mkhan po smrI ti dz+nyA na kIrti</title>
                <title type="otherTitle" xml:lang="bo">རྒྱ་གར་གྱི་མཁན་པོ་སྨྲཱི་ཏི་ཛྙཱ་ན་ཀཱི་རྟི།</title>
                <title type="otherTitle" xml:lang="Bo-Ltn">rgya gar gyi mkhan po smrI ti dz+nyA na kI rti</title>
                <title type="otherTitle" xml:lang="bo">རྒྱ་གར་གྱི་མཁན་པོ་དྲན་པའི་ཡེ་ཤེས་གྲགས་པ།</title>
                <title type="otherTitle" xml:lang="Bo-Ltn">rgya gar gyi mkhan po dran pa'i ye shes grags pa</title>
                <title type="otherTitle" xml:lang="bo">རྒྱ་གར་གྱི་མཁན་པོ་རྡོ་རྗེ་སྨྲི་ཏི་ཛཉ་ན་ཀི་རྟི།</title>
                <title type="otherTitle" xml:lang="Bo-Ltn">rgya gar gyi mkhan po rdo rje smri ti dzanya na ki rti</title>
                <title type="otherTitle" xml:lang="bo">རྒྱ་གར་གྱི་མཁན་པོ་རྡོ་རྗེ་སློབ་དཔོན་སྨྲཱི་ཏི་ཛྙཱ་ན་ཀཱི་རྟི།</title>
                <title type="otherTitle" xml:lang="Bo-Ltn">rgya gar gyi mkhan po rdo rje slob dpon smrI ti dz+nyA na kI rti</title></titleStmt><editionStmt>
                <edition>v 0.1.2 <date>2024</date></edition>
            </editionStmt><publicationStmt><publisher><name>84000: Translating the Words of the Buddha</name></publisher><availability status="1.b"/><idno xml:id="EFT-KB-SMRTIJNANAKIRTI"/><idno type="eft-kb-id">smrtijnanakirti</idno><date>2021-11-04</date></publicationStmt><sourceDesc><p>Created by 84000: Translating the Words of the Buddha</p></sourceDesc><notesStmt/>    <revisionDesc>
            
                <change who="#admin" when="2023-07-30T22:39:48.323Z" type="text-version" status="0.1.1" xml:id="EFT-KB-SMRTIJNANAKIRTI-4">
                    <desc>TEI migrated to 2.19.0</desc>
                </change>
                <change who="#admin" when="2024-01-29T08:46:15.224Z" type="text-version" status="0.1.2" xml:id="EFT-KB-SMRTIJNANAKIRTI-5">
                    <desc>TEI migrated to 2.21.0 - author stub published</desc>
                </change>
                <change who="#admin" when="2024-01-29T08:46:15.224Z" type="publication-status" status="1.b" xml:id="EFT-KB-SMRTIJNANAKIRTI-6">
                    <desc>Author stubs set to 1.b</desc>
                </change>
            </revisionDesc>
        </fileDesc></teiHeader><text><front/><body><div type="article"><div type="section" xml:id="EFT-KB-SMRTIJNANAKIRTI-article-1"><head type="section" rend="default-text" tid="1">Article Section Heading</head><milestone unit="chunk" xml:id="EFT-KB-SMRTIJNANAKIRTI-1"/><p rend="default-text" tid="2">Here's a paragraph to get you started. Replace this as you wish<note place="end" xml:id="EFT-KB-SMRTIJNANAKIRTI-2">This is a ready-made footnote.</note>.</p></div></div></body><back><div type="listBibl"><head type="listBibl" tid="3">Bibliography</head><div type="section" xml:id="EFT-KB-SMRTIJNANAKIRTI-listBibl-1"><head type="section" rend="default-text" tid="4">Bibliography Section Heading</head><bibl rend="default-text" xml:id="EFT-KB-SMRTIJNANAKIRTI-3">This is a sample bibliographic reference with a <ref target="https://read.84000.co/translation/toh46.html">link example</ref>.</bibl></div></div><div type="glossary"><list type="glossary"/></div></back></text></TEI>