<?xml-model href="../schema/current/knowledgebase.rng" schematypens="http://relaxng.org/ns/structure/1.0"?><TEI xmlns="http://www.tei-c.org/ns/1.0" xmlns:eft="http://read.84000.co/ns/1.0" xmlns:tei="http://www.tei-c.org/ns/1.0"><teiHeader><fileDesc><titleStmt>
                <title type="mainTitle" xml:lang="Sa-Ltn">Śraddhākaravarman</title>
                <title type="otherTitle" xml:lang="bo">པནྡི་ཏ་ཤྲདྡྷ་ཀར་ཝ་རྨ།</title>
                <title type="otherTitle" xml:lang="Bo-Ltn">pan+di ta shrad+d+ha kar wa rma</title>
                <title type="otherTitle" xml:lang="bo">པཎྜི་ཏ་ཤྲདྡྷ་ཀ་ར་ཝརྨ།</title>
                <title type="otherTitle" xml:lang="Bo-Ltn">paN+Di ta shrad+d+ha ka ra warma</title>
                <title type="otherTitle" xml:lang="bo">ཨ་ཙ་རྱ་ཤྲདྡྷ་ག་ར་ཝ་རྨ།</title>
                <title type="otherTitle" xml:lang="Bo-Ltn">a tsa r+ya shrad+d+ha ga ra wa rma</title>
                <title type="otherTitle" xml:lang="bo">སློབ་དཔོན་དད་བྱེད་གོ་ཆ།</title>
                <title type="otherTitle" xml:lang="Bo-Ltn">slob dpon dad byed go cha</title>
                <title type="otherTitle" xml:lang="bo">ཨ་ཙཱ་རྱ་ཤྲདྡྷཱ་ག་ར་ཝ་རྨ།</title>
                <title type="otherTitle" xml:lang="Bo-Ltn">a tsA r+ya shrad+d+hA ga ra wa rma</title>
                <title type="otherTitle" xml:lang="bo">སློབ་དཔོན་ཤྲདྡ་ཀ་ར་ཝ་རྨ།</title>
                <title type="otherTitle" xml:lang="Bo-Ltn">slob dpon shrad+da ka ra wa rma</title>
                <title type="otherTitle" xml:lang="bo">ཨཱ་ཙཱ་རྱ་ཤྲདྡྷ་ཀ་ར་ཝར་མ།</title>
                <title type="otherTitle" xml:lang="Bo-Ltn">A tsA r+ya shrad+d+ha ka ra war ma</title>
                <title type="otherTitle" xml:lang="bo">སློབ་དཔོན་ཤྲདྡྷ་ཀ་ར་ཝརྨྨ།</title>
                <title type="otherTitle" xml:lang="Bo-Ltn">slob dpon shrad+d+ha ka ra war+m+ma</title>
                <title type="otherTitle" xml:lang="bo">སློབ་དཔོན་ཤདྡྷཱ་ཀ་ར་ཝརྨྨ།</title>
                <title type="otherTitle" xml:lang="Bo-Ltn">slob dpon shad+d+hA ka ra war+m+ma</title>
                <title type="otherTitle" xml:lang="bo">སློབ་དཔོན་ཤྲདྡྷ་ཀ་ར་བར་མ།</title>
                <title type="otherTitle" xml:lang="Bo-Ltn">slob dpon shrad+d+ha ka ra bar ma</title>
                <title type="otherTitle" xml:lang="bo">སློབ་དཔོན་ཤྲདྡྷཱ་ཀ་ར་ཝྼྨ།</title>
                <title type="otherTitle" xml:lang="Bo-Ltn">slob dpon shrad+d+hA ka ra w+R+ma</title>
                <title type="otherTitle" xml:lang="bo">སློབ་དཔོན་ཤྲདྡྷཱ་ཀ་ར་ཝརྨྨ།</title>
                <title type="otherTitle" xml:lang="Bo-Ltn">slob dpon shrad+d+hA ka ra war+m+ma</title>
                <title type="otherTitle" xml:lang="bo">ཁ་ཆེའི་མཁས་པ་ཤྲད྄་དྷ་ཀ་ར་བརྨ།</title>
                <title type="otherTitle" xml:lang="Bo-Ltn">kha che'i mkhas pa shrada? d+ha ka ra barma</title>
                <title type="otherTitle" xml:lang="bo">སློབ་དཔོན་ཆེན་པོ་ཤྲདྡྷ་ཀར་ཝརྨ།</title>
                <title type="otherTitle" xml:lang="Bo-Ltn">slob dpon chen po shrad+d+ha kar warma</title>
                <title type="otherTitle" xml:lang="bo">རྒྱ་གར་གྱི་མཁན་པོ་ཤྲདྡྷ་ཀར་ཝརྨ།</title>
                <title type="otherTitle" xml:lang="Bo-Ltn">rgya gar gyi mkhan po shrad+d+ha kar warma</title>
                <title type="otherTitle" xml:lang="bo">རྒྱ་གར་གྱི་མཁན་པོ་ཤྲདྷ་ཀ་ར་ཝརྨ།</title>
                <title type="otherTitle" xml:lang="Bo-Ltn">rgya gar gyi mkhan po shrad+ha ka ra warma</title>
                <title type="otherTitle" xml:lang="bo">རྒྱ་གར་གྱི་མཁན་པོ་ཤྲདྡྷཀ་ར་བརྨ།</title>
                <title type="otherTitle" xml:lang="Bo-Ltn">rgya gar gyi mkhan po shrad+d+haka ra barma</title>
                <title type="otherTitle" xml:lang="bo">རྒྱ་གར་གྱི་མཁན་པོ་ཤྲདྡྷ་ཀར་ཝ་རྨ།</title>
                <title type="otherTitle" xml:lang="Bo-Ltn">rgya gar gyi mkhan po shrad+d+ha kar wa rma</title>
                <title type="otherTitle" xml:lang="bo">སློབ་དཔོན་དད་པའི་འབྱུང་གནས་གོ་ཆ།</title>
                <title type="otherTitle" xml:lang="Bo-Ltn">slob dpon dad pa'i 'byung gnas go cha</title>
                <title type="otherTitle" xml:lang="bo">རྒྱ་གར་གྱི་མཁན་པོ་ཤྲདྡྷ་ཀ་ར་ཝརྨ།</title>
                <title type="otherTitle" xml:lang="Bo-Ltn">rgya gar gyi mkhan po shrad+d+ha ka ra warma</title>
                <title type="otherTitle" xml:lang="bo">རྒྱ་གར་གྱི་མཁན་པོ་ཤྲདྡྷ་ཀ་ར་བརྨ།</title>
                <title type="otherTitle" xml:lang="Bo-Ltn">rgya gar gyi mkhan po shrad+d+ha ka ra barma</title>
                <title type="otherTitle" xml:lang="bo">རྒྱ་གར་གྱི་མཁན་པོ་ཤྲདྡྷ་ཀ་ར་ཝ་རྨ།</title>
                <title type="otherTitle" xml:lang="Bo-Ltn">rgya gar gyi mkhan po shrad+d+ha ka ra wa rma</title>
                <title type="otherTitle" xml:lang="bo">རྒྱ་གར་གྱི་མཁན་པོ་ཨ་རྱ་ཤྲདྷ་ཀ་ར་ཝརྨྨ།</title>
                <title type="otherTitle" xml:lang="Bo-Ltn">rgya gar gyi mkhan po a r+ya shrad+ha ka ra war+m+ma</title>
                <title type="otherTitle" xml:lang="bo">རྒྱ་གར་གྱི་མཁན་པོ་ཨ་ཙརྱ་ཤྲདྡ་ཀ་ར་ཝརྨ།</title>
                <title type="otherTitle" xml:lang="Bo-Ltn">rgya gar gyi mkhan po a tsar+ya shrad+da ka ra warma</title>
                <title type="otherTitle" xml:lang="bo">ངག་གི་དབང་ཕྱུག་གྲགས་པའི་སློབ་མ་ཐུ་བོ།</title>
                <title type="otherTitle" xml:lang="Bo-Ltn">ngag gi dbang phyug grags pa'i slob ma thu bo</title>
                <title type="otherTitle" xml:lang="bo">རྒྱ་གར་གྱི་མཁན་པོ་ཨ་ཙརྱ་ཤྲདྡྷ་ཀ་ར་ཝརྨ།</title>
                <title type="otherTitle" xml:lang="Bo-Ltn">rgya gar gyi mkhan po a tsar+ya shrad+d+ha ka ra warma</title>
                <title type="otherTitle" xml:lang="bo">རྒྱ་གར་གྱི་མཁན་པོ་ཤྲི་ཤྲདྡྷ་ཀ་ར་ཝ་རྨྨ།</title>
                <title type="otherTitle" xml:lang="Bo-Ltn">rgya gar gyi mkhan po shri shrad+d+ha ka ra wa r+m+ma</title>
                <title type="otherTitle" xml:lang="bo">རྒྱ་གར་གྱི་མཁན་པོ་ཨ་ཙརྱ་ཤྲདྡྷ་ཀ་ར་ཝ་རྨ།</title>
                <title type="otherTitle" xml:lang="Bo-Ltn">rgya gar gyi mkhan po a tsar+ya shrad+d+ha ka ra wa rma</title>
                <title type="otherTitle" xml:lang="bo">རྒྱ་གར་གྱི་མཁན་པོ་ཨ་ཙ་རྱ་ཤྲདྡྷ་ཀ་ར་བརྨ།</title>
                <title type="otherTitle" xml:lang="Bo-Ltn">rgya gar gyi mkhan po a tsa r+ya shrad+d+ha ka ra barma</title>
                <title type="otherTitle" xml:lang="bo">རྒྱ་གར་གྱི་མཁན་པོ་ཤྲི་ཤྲ་དྡྷ་ཀ་ར་ཝ་རྨྨ།</title>
                <title type="otherTitle" xml:lang="Bo-Ltn">rgya gar gyi mkhan po shri shra d+d+ha ka ra wa r+m+ma</title>
                <title type="otherTitle" xml:lang="bo">རྒྱ་གར་གྱི་མཁན་པོ་ཨ་ཙརྱ་ཤྲདྡྷ་ཀ་ར་ཝརྨྨ།</title>
                <title type="otherTitle" xml:lang="Bo-Ltn">rgya gar gyi mkhan po a tsar+ya shrad+d+ha ka ra war+m+ma</title>
                <title type="otherTitle" xml:lang="bo">རྒྱ་གར་གྱི་མཁན་པོ་ཨཱ་ཙཱརྱ་ཤྲདྡྷ་ཀ་ར་ཝརྨ།</title>
                <title type="otherTitle" xml:lang="Bo-Ltn">rgya gar gyi mkhan po A tsAr+ya shrad+d+ha ka ra warma</title>
                <title type="otherTitle" xml:lang="bo">རྒྱ་གར་གྱི་མཁན་པོ་ཨ་ཙརྱ་ཤྲདྡྷྲ་ཀ་ར་བརྨྨ།</title>
                <title type="otherTitle" xml:lang="Bo-Ltn">rgya gar gyi mkhan po a tsar+ya shrad+d+h+ra ka ra bar+m+ma</title>
                <title type="otherTitle" xml:lang="bo">རྒྱ་གར་གྱི་མཁན་པོ་ཆེན་པོ་ཤྲདྡྷཱ་ཀ་ར་ཝརྨ།</title>
                <title type="otherTitle" xml:lang="Bo-Ltn">rgya gar gyi mkhan po chen po shrad+d+hA ka ra warma</title>
                <title type="otherTitle" xml:lang="bo">སློབ་དཔོན་ངག་གི་དབང་ཕྱུག་གྲགས་པའི་སློབ་མ་ཐུ་བོ།</title>
                <title type="otherTitle" xml:lang="Bo-Ltn">slob dpon ngag gi dbang phyug grags pa'i slob ma thu bo</title>
                <title type="otherTitle" xml:lang="bo">རྡོ་རྗེ་སློབ་དཔོན་ཤྲཱི་ཤྲདྡྷཱ་ཀ་ར་ཝརྨའི་ཞལ་སྔ་ནས།</title>
                <title type="otherTitle" xml:lang="Bo-Ltn">rdo rje slob dpon shrI shrad+d+hA ka ra warma'i zhal snga nas</title>
                <title type="otherTitle" xml:lang="bo">ཡུལ་ཁ་ཆེར་སྐྱེས་པའི་རྡོ་རྗེ་སློབ་དཔོན་ཤྲདྡྷ་ཀ་ར་བརྨ།</title>
                <title type="otherTitle" xml:lang="Bo-Ltn">yul kha cher skyes pa'i rdo rje slob dpon shrad+d+ha ka ra barma</title></titleStmt><editionStmt>
                <edition>v 0.1.2 <date>2024</date></edition>
            </editionStmt><publicationStmt><publisher><name>84000: Translating the Words of the Buddha</name></publisher><availability status="1.b"/><idno xml:id="EFT-KB-SRADDHAKARAVARMAN"/><idno type="eft-kb-id">sraddhakaravarman</idno><date>2021-11-04</date></publicationStmt><sourceDesc><p>Created by 84000: Translating the Words of the Buddha</p></sourceDesc><notesStmt/>    <revisionDesc>
            
                <change who="#admin" when="2023-07-30T22:39:48.323Z" type="text-version" status="0.1.1" xml:id="EFT-KB-SRADDHAKARAVARMAN-4">
                    <desc>TEI migrated to 2.19.0</desc>
                </change>
                <change who="#admin" when="2024-01-29T08:46:15.224Z" type="text-version" status="0.1.2" xml:id="EFT-KB-SRADDHAKARAVARMAN-5">
                    <desc>TEI migrated to 2.21.0 - author stub published</desc>
                </change>
                <change who="#admin" when="2024-01-29T08:46:15.224Z" type="publication-status" status="1.b" xml:id="EFT-KB-SRADDHAKARAVARMAN-6">
                    <desc>Author stubs set to 1.b</desc>
                </change>
            </revisionDesc>
        </fileDesc></teiHeader><text><front/><body><div type="article"><div type="section" xml:id="EFT-KB-SRADDHAKARAVARMAN-article-1"><head type="section" rend="default-text" tid="1">Article Section Heading</head><milestone unit="chunk" xml:id="EFT-KB-SRADDHAKARAVARMAN-1"/><p rend="default-text" tid="2">Here's a paragraph to get you started. Replace this as you wish<note place="end" xml:id="EFT-KB-SRADDHAKARAVARMAN-2">This is a ready-made footnote.</note>.</p></div></div></body><back><div type="listBibl"><head type="listBibl" tid="3">Bibliography</head><div type="section" xml:id="EFT-KB-SRADDHAKARAVARMAN-listBibl-1"><head type="section" rend="default-text" tid="4">Bibliography Section Heading</head><bibl rend="default-text" xml:id="EFT-KB-SRADDHAKARAVARMAN-3">This is a sample bibliographic reference with a <ref target="https://read.84000.co/translation/toh46.html">link example</ref>.</bibl></div></div><div type="glossary"><list type="glossary"/></div></back></text></TEI>