<?xml-model href="../schema/current/knowledgebase.rng" schematypens="http://relaxng.org/ns/structure/1.0"?><TEI xmlns="http://www.tei-c.org/ns/1.0" xmlns:eft="http://read.84000.co/ns/1.0" xmlns:tei="http://www.tei-c.org/ns/1.0"><teiHeader><fileDesc><titleStmt>
                <title type="mainTitle" xml:lang="Sa-Ltn">Sunāyaśrīmitra</title>
                <title type="otherTitle" xml:lang="bo">པནྡི་ཏ་སུ་ན་ཡ་ཤྲི།</title>
                <title type="otherTitle" xml:lang="Bo-Ltn">pan+di ta su na ya shri</title>
                <title type="otherTitle" xml:lang="bo">པནྡི་ཏ་སུ་ན་པ་ཤྲི་མི་ཏྲ།</title>
                <title type="otherTitle" xml:lang="Bo-Ltn">pan+di ta su na pa shri mi tra</title>
                <title type="otherTitle" xml:lang="bo">སློབ་དཔོན་ཆེན་པོ་སུན་ཡ་ཤྲཱི།</title>
                <title type="otherTitle" xml:lang="Bo-Ltn">slob dpon chen po sun ya shrI</title>
                <title type="otherTitle" xml:lang="bo">སློབ་དཔོན་ཆེན་པོ་སུ་ན་ཡ་ཤྲི།</title>
                <title type="otherTitle" xml:lang="Bo-Ltn">slob dpon chen po su na ya shri</title>
                <title type="otherTitle" xml:lang="bo">སློབ་དཔོན་ཆེན་པོ་སུ་ན་ཡ་ཤྲཱི།</title>
                <title type="otherTitle" xml:lang="Bo-Ltn">slob dpon chen po su na ya shrI</title>
                <title type="otherTitle" xml:lang="bo">པཎྜི་ཏ་ཆེན་པོ་ཤྲི་སུ་ན་ཡ་མི་ཏྲ།</title>
                <title type="otherTitle" xml:lang="Bo-Ltn">paN+Di ta chen po shri su na ya mi tra</title>
                <title type="otherTitle" xml:lang="bo">དཔལ་མཁས་པ་ཆེན་པོ་སུ་ན་ཡ་ཤྲཱི་མི་ཏྲ་པཎྜི་ཏ།</title>
                <title type="otherTitle" xml:lang="Bo-Ltn">dpal mkhas pa chen po su na ya shrI mi tra paN+Di ta</title>
                <title type="otherTitle" xml:lang="bo">རྒྱ་གར་གྱི་མཁན་པོ་ཆེན་པོ་སུན་ཡ་ཤྲཱི་མི་ཏྲ།</title>
                <title type="otherTitle" xml:lang="Bo-Ltn">rgya gar gyi mkhan po chen po sun ya shrI mi tra</title>
                <title type="otherTitle" xml:lang="bo">དཔལ་མཁས་པ་ཆེན་པོ་སུ་ན་ཡ་ཤྲི་མི་ཏྲ་པནྡི་ཏ།</title>
                <title type="otherTitle" xml:lang="Bo-Ltn">dpal mkhas pa chen po su na ya shri mi tra pan+di ta</title>
                <title type="otherTitle" xml:lang="bo">རྒྱ་གར་གྱི་མཁན་པོ་པནྡི་ཏ་ཆེན་པོ་སུ་ན་ཡ་ཤྲི།</title>
                <title type="otherTitle" xml:lang="Bo-Ltn">rgya gar gyi mkhan po pan+di ta chen po su na ya shri</title>
                <title type="otherTitle" xml:lang="bo">རྒྱ་གར་གྱི་མཁན་པོ་ཆེན་པོ་བླ་མ་སུ་ན་ཡ་ཤྲི་མི་ཏྲ།</title>
                <title type="otherTitle" xml:lang="Bo-Ltn">rgya gar gyi mkhan po chen po bla ma su na ya shri mi tra</title>
                <title type="otherTitle" xml:lang="en">The Tohoku catalogue gives the translator's name as Puṇyaśrīmitra.</title></titleStmt><editionStmt>
                <edition>v 0.1.2 <date>2024</date></edition>
            </editionStmt><publicationStmt><publisher><name>84000: Translating the Words of the Buddha</name></publisher><availability status="1.b"/><idno xml:id="EFT-KB-SUNAYASRIMITRA"/><idno type="eft-kb-id">sunayasrimitra</idno><date>2021-11-04</date></publicationStmt><sourceDesc><p>Created by 84000: Translating the Words of the Buddha</p></sourceDesc><notesStmt/>    <revisionDesc>
            
                <change who="#admin" when="2023-07-30T22:39:48.323Z" type="text-version" status="0.1.1" xml:id="EFT-KB-SUNAYASRIMITRA-4">
                    <desc>TEI migrated to 2.19.0</desc>
                </change>
                <change who="#admin" when="2024-01-29T08:46:15.224Z" type="text-version" status="0.1.2" xml:id="EFT-KB-SUNAYASRIMITRA-5">
                    <desc>TEI migrated to 2.21.0 - author stub published</desc>
                </change>
                <change who="#admin" when="2024-01-29T08:46:15.224Z" type="publication-status" status="1.b" xml:id="EFT-KB-SUNAYASRIMITRA-6">
                    <desc>Author stubs set to 1.b</desc>
                </change>
            </revisionDesc>
        </fileDesc></teiHeader><text><front/><body><div type="article"><div type="section" xml:id="EFT-KB-SUNAYASRIMITRA-article-1"><head type="section" rend="default-text" tid="1">Article Section Heading</head><milestone unit="chunk" xml:id="EFT-KB-SUNAYASRIMITRA-1"/><p rend="default-text" tid="2">Here's a paragraph to get you started. Replace this as you wish<note place="end" xml:id="EFT-KB-SUNAYASRIMITRA-2">This is a ready-made footnote.</note>.</p></div></div></body><back><div type="listBibl"><head type="listBibl" tid="3">Bibliography</head><div type="section" xml:id="EFT-KB-SUNAYASRIMITRA-listBibl-1"><head type="section" rend="default-text" tid="4">Bibliography Section Heading</head><bibl rend="default-text" xml:id="EFT-KB-SUNAYASRIMITRA-3">This is a sample bibliographic reference with a <ref target="https://read.84000.co/translation/toh46.html">link example</ref>.</bibl></div></div><div type="glossary"><list type="glossary"/></div></back></text></TEI>