<?xml-model href="../schema/current/knowledgebase.rng" schematypens="http://relaxng.org/ns/structure/1.0"?><TEI xmlns="http://www.tei-c.org/ns/1.0" xmlns:eft="http://read.84000.co/ns/1.0" xmlns:tei="http://www.tei-c.org/ns/1.0"><teiHeader><fileDesc><titleStmt>
                <title type="mainTitle" xml:lang="Sa-Ltn">Śūnyatāsamādhivajra</title>
                <title type="otherTitle" xml:lang="bo">དཔལ་སྟོང་ཉིད་ཏིང་འཛིན།</title>
                <title type="otherTitle" xml:lang="Bo-Ltn">dpal stong nyid ting 'dzin</title>
                <title type="otherTitle" xml:lang="bo">དཔལ་ཏིང་ངེ་འཛིན་རྡོ་རྗེ།</title>
                <title type="otherTitle" xml:lang="Bo-Ltn">dpal ting nge 'dzin rdo rje</title>
                <title type="otherTitle" xml:lang="bo">པཎྜི་ཏ་སྟོང་ཉིད་ཏིང་ངེ་འཛིན།</title>
                <title type="otherTitle" xml:lang="Bo-Ltn">paN+Di ta stong nyid ting nge 'dzin</title>
                <title type="otherTitle" xml:lang="bo">པཎྜི་ཏ་དཔལ་ཏིང་ངེ་འཛིན་རྡོ་རྗེ།</title>
                <title type="otherTitle" xml:lang="Bo-Ltn">paN+Di ta dpal ting nge 'dzin rdo rje</title>
                <title type="otherTitle" xml:lang="bo">རྒྱ་གར་གྱི་པནྡི་ཏ་ཤུ་ནྱ་ཏ་ས་མ་དྷི།</title>
                <title type="otherTitle" xml:lang="Bo-Ltn">rgya gar gyi pan+di ta shu n+ya ta sa ma d+hi</title>
                <title type="otherTitle" xml:lang="bo">སློབ་དཔོན་ཆེན་པོ་སྟོང་ཉིད་རྡོ་རྗེ།</title>
                <title type="otherTitle" xml:lang="Bo-Ltn">slob dpon chen po stong nyid rdo rje</title>
                <title type="otherTitle" xml:lang="bo">དཔལ་སྟོང་ཉིད་ཏིང་ངེ་འཛིན་རྡོ་རྗེའི་ཞབས།</title>
                <title type="otherTitle" xml:lang="Bo-Ltn">dpal stong nyid ting nge 'dzin rdo rje'i zhabs</title>
                <title type="otherTitle" xml:lang="bo">སློབ་དཔོན་དཔལ་ལྡན་ཤཱུ་ནྱ་ཏཱ་ས་མཱ་དྷི་བཛྲ་པཱ་ད།</title>
                <title type="otherTitle" xml:lang="Bo-Ltn">slob dpon dpal ldan shU n+ya tA sa mA d+hi badzra pA da</title>
                <title type="otherTitle" xml:lang="bo">སློབ་དཔོན་ཆེན་པོ་སྟོང་པ་ཉིད་ཀྱི་ཏིང་ངེ་འཛིན་སྙིང་རྗེའི་ཞལ་སྔ་ནས།</title>
                <title type="otherTitle" xml:lang="Bo-Ltn">slob dpon chen po stong pa nyid kyi ting nge 'dzin snying rje'i zhal snga nas</title>
                <title type="otherTitle" xml:lang="bo">བལ་པོའི་ཡུལ་གྱི་པནྡི་ཏ་ཆེན་པོ་སྟོང་པ་ཉིད་ཏིང་ངེ་འཛིན་གྱི་རྡོ་རྗེ།</title>
                <title type="otherTitle" xml:lang="Bo-Ltn">bal po'i yul gyi pan+di ta chen po stong pa nyid ting nge 'dzin gyi rdo rje</title>
                <title type="otherTitle" xml:lang="bo">སློབ་དཔོན་མཁས་པ་ཆེན་པོ་དཔལ་སྟོང་ཉིད་ཏིང་ངེ་འཛིན་རྡོ་རྗེའི་ཞལ་སྔ་ནས།</title>
                <title type="otherTitle" xml:lang="Bo-Ltn">slob dpon mkhas pa chen po dpal stong nyid ting nge 'dzin rdo rje'i zhal snga nas</title></titleStmt><editionStmt>
                <edition>v 0.1.2 <date>2024</date></edition>
            </editionStmt><publicationStmt><publisher><name>84000: Translating the Words of the Buddha</name></publisher><availability status="1.b"/><idno xml:id="EFT-KB-SUNYATASAMADHIVAJRA"/><idno type="eft-kb-id">sunyatasamadhivajra</idno><date>2021-11-04</date></publicationStmt><sourceDesc><p>Created by 84000: Translating the Words of the Buddha</p></sourceDesc><notesStmt/>    <revisionDesc>
            
                <change who="#admin" when="2023-07-30T22:39:48.323Z" type="text-version" status="0.1.1" xml:id="EFT-KB-SUNYATASAMADHIVAJRA-4">
                    <desc>TEI migrated to 2.19.0</desc>
                </change>
                <change who="#admin" when="2024-01-29T08:46:15.224Z" type="text-version" status="0.1.2" xml:id="EFT-KB-SUNYATASAMADHIVAJRA-5">
                    <desc>TEI migrated to 2.21.0 - author stub published</desc>
                </change>
                <change who="#admin" when="2024-01-29T08:46:15.224Z" type="publication-status" status="1.b" xml:id="EFT-KB-SUNYATASAMADHIVAJRA-6">
                    <desc>Author stubs set to 1.b</desc>
                </change>
            </revisionDesc>
        </fileDesc></teiHeader><text><front/><body><div type="article"><div type="section" xml:id="EFT-KB-SUNYATASAMADHIVAJRA-article-1"><head type="section" rend="default-text" tid="1">Article Section Heading</head><milestone unit="chunk" xml:id="EFT-KB-SUNYATASAMADHIVAJRA-1"/><p rend="default-text" tid="2">Here's a paragraph to get you started. Replace this as you wish<note place="end" xml:id="EFT-KB-SUNYATASAMADHIVAJRA-2">This is a ready-made footnote.</note>.</p></div></div></body><back><div type="listBibl"><head type="listBibl" tid="3">Bibliography</head><div type="section" xml:id="EFT-KB-SUNYATASAMADHIVAJRA-listBibl-1"><head type="section" rend="default-text" tid="4">Bibliography Section Heading</head><bibl rend="default-text" xml:id="EFT-KB-SUNYATASAMADHIVAJRA-3">This is a sample bibliographic reference with a <ref target="https://read.84000.co/translation/toh46.html">link example</ref>.</bibl></div></div><div type="glossary"><list type="glossary"/></div></back></text></TEI>