<?xml-model href="../schema/current/knowledgebase.rng" schematypens="http://relaxng.org/ns/structure/1.0"?><TEI xmlns="http://www.tei-c.org/ns/1.0" xmlns:eft="http://read.84000.co/ns/1.0" xmlns:tei="http://www.tei-c.org/ns/1.0"><teiHeader><fileDesc><titleStmt>
                <title type="mainTitle" xml:lang="Sa-Ltn">Sūryagupta</title>
                <title type="otherTitle" xml:lang="bo">ཉི་མ་སྦས་པ།</title>
                <title type="otherTitle" xml:lang="Bo-Ltn">nyi ma sbas pa</title>
                <title type="otherTitle" xml:lang="bo">སློབ་དཔོན་ཉི་མ་སྦས་པ།</title>
                <title type="otherTitle" xml:lang="Bo-Ltn">slob dpon nyi ma sbas pa</title>
                <title type="otherTitle" xml:lang="bo">ཁ་ཆེའི་སློབ་དཔོན་ཉི་མ་སྦས་པ།</title>
                <title type="otherTitle" xml:lang="Bo-Ltn">kha che'i slob dpon nyi ma sbas pa</title>
                <title type="otherTitle" xml:lang="bo">སློབ་དཔོན་ཆེན་པོ་ཉི་མ་སྦས་པ།</title>
                <title type="otherTitle" xml:lang="Bo-Ltn">slob dpon chen po nyi ma sbas pa</title>
                <title type="otherTitle" xml:lang="bo">རྒྱ་གར་གྱི་མཁན་པོ་སུ་རྱ་གུཔྟ།</title>
                <title type="otherTitle" xml:lang="Bo-Ltn">rgya gar gyi mkhan po su r+ya gup+ta</title>
                <title type="otherTitle" xml:lang="bo">སློབ་དཔོན་ཉི་མ་སྦས་པའི་ཞལ་སྔ་ནས།</title>
                <title type="otherTitle" xml:lang="Bo-Ltn">slob dpon nyi ma sbas pa'i zhal snga nas</title>
                <title type="otherTitle" xml:lang="bo">སློབ་དཔོན་ཆེན་པོ་སཱུརྱ་གུཔྟའི་ཞབས།</title>
                <title type="otherTitle" xml:lang="Bo-Ltn">slob dpon chen po sUr+ya gup+ta'i zhabs</title>
                <title type="otherTitle" xml:lang="bo">སློབ་དཔོན་ཆེན་པོ་ཉི་མ་སྦས་པའི་ཞབས།</title>
                <title type="otherTitle" xml:lang="Bo-Ltn">slob dpon chen po nyi ma sbas pa'i zhabs</title>
                <title type="otherTitle" xml:lang="bo">ཁ་ཆེའི་པཎྜི་ཏ་སློབ་དཔོན་ཉི་མ་སྦས་པ།</title>
                <title type="otherTitle" xml:lang="Bo-Ltn">kha che'i paN+Di ta slob dpon nyi ma sbas pa</title>
                <title type="otherTitle" xml:lang="bo">རྒྱ་གར་གྱི་མཁན་པོ་ཨ་བདྷུ་ཏི་བའི་ཞལ་སྔ་ནས།</title>
                <title type="otherTitle" xml:lang="Bo-Ltn">rgya gar gyi mkhan po a bad+hu ti ba'i zhal snga nas</title>
                <title type="otherTitle" xml:lang="bo">རྒྱ་གར་གྱི་མཁན་པོ་ཨ་ཝ་དྷུམ྄་ཏི་པའི་ཞལ་སྔ་ནས།</title>
                <title type="otherTitle" xml:lang="Bo-Ltn">rgya gar gyi mkhan po a wa d+huma? ti pa'i zhal snga nas</title>
                <title type="otherTitle" xml:lang="bo">རྒྱ་གར་གྱི་མཁན་པོ་ཆེན་པོ་ཉི་མ་སྦས་པ་ཞེས་བྱ་བ་ཨ་ཝ་དྷུ་ཏི་པའི་ཞལ་སྔ།</title>
                <title type="otherTitle" xml:lang="Bo-Ltn">rgya gar gyi mkhan po chen po nyi ma sbas pa zhes bya ba a wa d+hu ti pa'i zhal snga</title></titleStmt><editionStmt>
                <edition>v 0.1.2 <date>2024</date></edition>
            </editionStmt><publicationStmt><publisher><name>84000: Translating the Words of the Buddha</name></publisher><availability status="1.b"/><idno xml:id="EFT-KB-SURYAGUPTA"/><idno type="eft-kb-id">suryagupta</idno><date>2021-11-04</date></publicationStmt><sourceDesc><p>Created by 84000: Translating the Words of the Buddha</p></sourceDesc><notesStmt/>    <revisionDesc>
            
                <change who="#admin" when="2023-07-30T22:39:48.323Z" type="text-version" status="0.1.1" xml:id="EFT-KB-SURYAGUPTA-4">
                    <desc>TEI migrated to 2.19.0</desc>
                </change>
                <change who="#admin" when="2024-01-29T08:46:15.224Z" type="text-version" status="0.1.2" xml:id="EFT-KB-SURYAGUPTA-5">
                    <desc>TEI migrated to 2.21.0 - author stub published</desc>
                </change>
                <change who="#admin" when="2024-01-29T08:46:15.224Z" type="publication-status" status="1.b" xml:id="EFT-KB-SURYAGUPTA-6">
                    <desc>Author stubs set to 1.b</desc>
                </change>
            </revisionDesc>
        </fileDesc></teiHeader><text><front/><body><div type="article"><div type="section" xml:id="EFT-KB-SURYAGUPTA-article-1"><head type="section" rend="default-text" tid="1">Article Section Heading</head><milestone unit="chunk" xml:id="EFT-KB-SURYAGUPTA-1"/><p rend="default-text" tid="2">Here's a paragraph to get you started. Replace this as you wish<note place="end" xml:id="EFT-KB-SURYAGUPTA-2">This is a ready-made footnote.</note>.</p></div></div></body><back><div type="listBibl"><head type="listBibl" tid="3">Bibliography</head><div type="section" xml:id="EFT-KB-SURYAGUPTA-listBibl-1"><head type="section" rend="default-text" tid="4">Bibliography Section Heading</head><bibl rend="default-text" xml:id="EFT-KB-SURYAGUPTA-3">This is a sample bibliographic reference with a <ref target="https://read.84000.co/translation/toh46.html">link example</ref>.</bibl></div></div><div type="glossary"><list type="glossary"/></div></back></text></TEI>