<?xml-model href="../schema/current/knowledgebase.rng" schematypens="http://relaxng.org/ns/structure/1.0"?><TEI xmlns="http://www.tei-c.org/ns/1.0" xmlns:eft="http://read.84000.co/ns/1.0" xmlns:tei="http://www.tei-c.org/ns/1.0"><teiHeader><fileDesc><titleStmt>
                <title type="mainTitle" xml:lang="Sa-Ltn">Tilopa</title>
                <title type="otherTitle" xml:lang="bo">ཏི་ལོ་པ།</title>
                <title type="otherTitle" xml:lang="Bo-Ltn">ti lo pa</title>
                <title type="otherTitle" xml:lang="bo">ཏིལླི་པ།</title>
                <title type="otherTitle" xml:lang="Bo-Ltn">til+li pa</title>
                <title type="otherTitle" xml:lang="bo">རྗེ་ཏེ་ལོ་པ།</title>
                <title type="otherTitle" xml:lang="Bo-Ltn">rje te lo pa</title>
                <title type="otherTitle" xml:lang="bo">དཔལ་ཏི་ལླི་པ།</title>
                <title type="otherTitle" xml:lang="Bo-Ltn">dpal ti l+li pa</title>
                <title type="otherTitle" xml:lang="bo">སློབ་དཔོན་ཏི་ལོ།</title>
                <title type="otherTitle" xml:lang="Bo-Ltn">slob dpon ti lo</title>
                <title type="otherTitle" xml:lang="bo">སློབ་དཔོན་ཏེ་ལོ་པ།</title>
                <title type="otherTitle" xml:lang="Bo-Ltn">slob dpon te lo pa</title>
                <title type="otherTitle" xml:lang="bo">སློབ་དཔོན་ཆེན་པོ་ཏེ་ལོ་པ།</title>
                <title type="otherTitle" xml:lang="Bo-Ltn">slob dpon chen po te lo pa</title>
                <title type="otherTitle" xml:lang="bo">སློབ་དཔོན་ཆེན་པོ་ཏི་ལཱི་པ།</title>
                <title type="otherTitle" xml:lang="Bo-Ltn">slob dpon chen po ti lI pa</title>
                <title type="otherTitle" xml:lang="bo">ཏིལ་ལི་པའི་ཞབས་ཀྱི་ཞལ་སྔ་ནས།</title>
                <title type="otherTitle" xml:lang="Bo-Ltn">til li pa'i zhabs kyi zhal snga nas</title>
                <title type="otherTitle" xml:lang="bo">རྣལ་འབྱོར་གྱི་དབང་ཕྱུག་ཏིལླི་པ།</title>
                <title type="otherTitle" xml:lang="Bo-Ltn">rnal 'byor gyi dbang phyug til+li pa</title>
                <title type="otherTitle" xml:lang="bo">རྣལ་འབྱོར་གྱི་དབང་ཕྱུག་ཏི་ལླི་པ།</title>
                <title type="otherTitle" xml:lang="Bo-Ltn">rnal 'byor gyi dbang phyug ti l+li pa</title>
                <title type="otherTitle" xml:lang="bo">སློབ་དཔོན་ཆེན་པོ་ཏིལླི་པའི་ཞལ་སྔ་ནས།</title>
                <title type="otherTitle" xml:lang="Bo-Ltn">slob dpon chen po til+li pa'i zhal snga nas</title>
                <title type="otherTitle" xml:lang="en">Ascribed to Tilopā in the Bde-mchog-snyan-brgyud and the Gdams-ngag-mdzod.</title></titleStmt><editionStmt>
                <edition>v 0.1.2 <date>2024</date></edition>
            </editionStmt><publicationStmt><publisher><name>84000: Translating the Words of the Buddha</name></publisher><availability status="1.b"/><idno xml:id="EFT-KB-TILOPA"/><idno type="eft-kb-id">tilopa</idno><date>2021-11-04</date></publicationStmt><sourceDesc><p>Created by 84000: Translating the Words of the Buddha</p></sourceDesc><notesStmt/>    <revisionDesc>
            
                <change who="#admin" when="2023-07-30T22:39:48.323Z" type="text-version" status="0.1.1" xml:id="EFT-KB-TILOPA-4">
                    <desc>TEI migrated to 2.19.0</desc>
                </change>
                <change who="#admin" when="2024-01-29T08:46:15.224Z" type="text-version" status="0.1.2" xml:id="EFT-KB-TILOPA-5">
                    <desc>TEI migrated to 2.21.0 - author stub published</desc>
                </change>
                <change who="#admin" when="2024-01-29T08:46:15.224Z" type="publication-status" status="1.b" xml:id="EFT-KB-TILOPA-6">
                    <desc>Author stubs set to 1.b</desc>
                </change>
            </revisionDesc>
        </fileDesc></teiHeader><text><front/><body><div type="article"><div type="section" xml:id="EFT-KB-TILOPA-article-1"><head type="section" rend="default-text" tid="1">Article Section Heading</head><milestone unit="chunk" xml:id="EFT-KB-TILOPA-1"/><p rend="default-text" tid="2">Here's a paragraph to get you started. Replace this as you wish<note place="end" xml:id="EFT-KB-TILOPA-2">This is a ready-made footnote.</note>.</p></div></div></body><back><div type="listBibl"><head type="listBibl" tid="3">Bibliography</head><div type="section" xml:id="EFT-KB-TILOPA-listBibl-1"><head type="section" rend="default-text" tid="4">Bibliography Section Heading</head><bibl rend="default-text" xml:id="EFT-KB-TILOPA-3">This is a sample bibliographic reference with a <ref target="https://read.84000.co/translation/toh46.html">link example</ref>.</bibl></div></div><div type="glossary"><list type="glossary"/></div></back></text></TEI>