<?xml-model href="../schema/current/knowledgebase.rng" schematypens="http://relaxng.org/ns/structure/1.0"?><TEI xmlns="http://www.tei-c.org/ns/1.0" xmlns:eft="http://read.84000.co/ns/1.0" xmlns:tei="http://www.tei-c.org/ns/1.0"><teiHeader><fileDesc><titleStmt>
                <title type="mainTitle" xml:lang="Sa-Ltn">Vairocanarakṣita</title>
                <title type="otherTitle" xml:lang="bo">པནྡི་ཏ་བཻ་རོ་ཙ་ན།</title>
                <title type="otherTitle" xml:lang="Bo-Ltn">pan+di ta bai ro tsa na</title>
                <title type="otherTitle" xml:lang="bo">པནྡི་ཏ་བཻ་རོ་ཙ་ན་རཀྶི་ཏ།</title>
                <title type="otherTitle" xml:lang="Bo-Ltn">pan+di ta bai ro tsa na rak+si ta</title>
                <title type="otherTitle" xml:lang="bo">དཔལ་རྣམ་པར་སྣང་མཛད་སྲུང་བ།</title>
                <title type="otherTitle" xml:lang="Bo-Ltn">dpal rnam par snang mdzad srung ba</title>
                <title type="otherTitle" xml:lang="bo">སློབ་དཔོན་བཻ་རོ་ཙ་ན་རཀྵི་ཏ།</title>
                <title type="otherTitle" xml:lang="Bo-Ltn">slob dpon bai ro tsa na rak+Shi ta</title>
                <title type="otherTitle" xml:lang="bo">མཁས་པ་ཆེན་པོ་བཻ་རོ་ཙ་ན་རཀྶི་ཏ།</title>
                <title type="otherTitle" xml:lang="Bo-Ltn">mkhas pa chen po bai ro tsa na rak+si ta</title>
                <title type="otherTitle" xml:lang="bo">ལོ་ཙ་བ་ཨ་ཙ་རྱ་བཻ་རོ་ཙ་ན་ར་ཀྶི་ཏ།</title>
                <title type="otherTitle" xml:lang="Bo-Ltn">lo tsa ba a tsa r+ya bai ro tsa na ra k+si ta</title>
                <title type="otherTitle" xml:lang="bo">སློབ་དཔོན་ཆེན་པོ་བཻ་རོ་ཙ་ན་རཀྵི་ཏ།</title>
                <title type="otherTitle" xml:lang="Bo-Ltn">slob dpon chen po bai ro tsa na rak+Shi ta</title>
                <title type="otherTitle" xml:lang="bo">རྒྱ་གར་གྱི་མཁན་པོ་བཻ་རོ་ཙ་ན་རཀྶི་ཏ།</title>
                <title type="otherTitle" xml:lang="Bo-Ltn">rgya gar gyi mkhan po bai ro tsa na rak+si ta</title>
                <title type="otherTitle" xml:lang="bo">རྒྱ་གར་གྱི་མཁན་པོ་ཤྲི་བཻ་རོ་ཙ་ན་རཀྶི་ཏ།</title>
                <title type="otherTitle" xml:lang="Bo-Ltn">rgya gar gyi mkhan po shri bai ro tsa na rak+si ta</title>
                <title type="otherTitle" xml:lang="bo">མཁས་པ་ཆེན་པོ་དགེ་སློང་བཻ་རོ་ཙ་ན་རཀྵི་ཏ།</title>
                <title type="otherTitle" xml:lang="Bo-Ltn">mkhas pa chen po dge slong bai ro tsa na rak+Shi ta</title>
                <title type="otherTitle" xml:lang="bo">རྒྱ་གར་གྱི་མཁན་པོ་བཻ་རོ་ཙ་ནའི་ཞལ་སྔ་ནས།</title>
                <title type="otherTitle" xml:lang="Bo-Ltn">rgya gar gyi mkhan po bai ro tsa na'i zhal snga nas</title>
                <title type="otherTitle" xml:lang="bo">རྒྱ་གར་གྱི་མཁན་པོ་པཎྜི་ཏ་བཻ་རོ་ཙ་ན་རཀྵི་ཏ།</title>
                <title type="otherTitle" xml:lang="Bo-Ltn">rgya gar gyi mkhan po paN+Di ta bai ro tsa na rak+Shi ta</title>
                <title type="otherTitle" xml:lang="bo">རྒྱ་གར་གྱི་མཁན་པོ་རྣམ་པར་སྣང་མཛད་སྲུང་བའི་ཞབས།</title>
                <title type="otherTitle" xml:lang="Bo-Ltn">rgya gar gyi mkhan po rnam par snang mdzad srung ba'i zhabs</title>
                <title type="otherTitle" xml:lang="bo">རྒྱ་གར་གྱི་མཁན་པོ་ཆེན་པོ་པནྡི་ཏ་དཔལ་བཻ་རོ་ཙ་ན་རཀྶི་ཏ།</title>
                <title type="otherTitle" xml:lang="Bo-Ltn">rgya gar gyi mkhan po chen po pan+di ta dpal bai ro tsa na rak+si ta</title>
                <title type="otherTitle" xml:lang="bo">བི་ཀྲ་མ་ལ་ཤཱི་ལའི་པཎྜི་ཏ་ཆེན་པོ་བཻ་རོ་ཙ་ན་རཀྵི་ཏའི་ཞལ་སྔ་ནས།</title>
                <title type="otherTitle" xml:lang="Bo-Ltn">bi kra ma la shI la'i paN+Di ta chen po bai ro tsa na rak+Shi ta'i zhal snga nas</title></titleStmt><editionStmt>
                <edition>v 0.1.2 <date>2024</date></edition>
            </editionStmt><publicationStmt><publisher><name>84000: Translating the Words of the Buddha</name></publisher><availability status="1.b"/><idno xml:id="EFT-KB-VAIROCANARAKSITA"/><idno type="eft-kb-id">vairocanaraksita</idno><date>2021-11-04</date></publicationStmt><sourceDesc><p>Created by 84000: Translating the Words of the Buddha</p></sourceDesc><notesStmt/>    <revisionDesc>
            
                <change who="#admin" when="2023-07-30T22:39:48.323Z" type="text-version" status="0.1.1" xml:id="EFT-KB-VAIROCANARAKSITA-4">
                    <desc>TEI migrated to 2.19.0</desc>
                </change>
                <change who="#admin" when="2024-01-29T08:46:15.224Z" type="text-version" status="0.1.2" xml:id="EFT-KB-VAIROCANARAKSITA-5">
                    <desc>TEI migrated to 2.21.0 - author stub published</desc>
                </change>
                <change who="#admin" when="2024-01-29T08:46:15.224Z" type="publication-status" status="1.b" xml:id="EFT-KB-VAIROCANARAKSITA-6">
                    <desc>Author stubs set to 1.b</desc>
                </change>
            </revisionDesc>
        </fileDesc></teiHeader><text><front/><body><div type="article"><div type="section" xml:id="EFT-KB-VAIROCANARAKSITA-article-1"><head type="section" rend="default-text" tid="1">Article Section Heading</head><milestone unit="chunk" xml:id="EFT-KB-VAIROCANARAKSITA-1"/><p rend="default-text" tid="2">Here's a paragraph to get you started. Replace this as you wish<note place="end" xml:id="EFT-KB-VAIROCANARAKSITA-2">This is a ready-made footnote.</note>.</p></div></div></body><back><div type="listBibl"><head type="listBibl" tid="3">Bibliography</head><div type="section" xml:id="EFT-KB-VAIROCANARAKSITA-listBibl-1"><head type="section" rend="default-text" tid="4">Bibliography Section Heading</head><bibl rend="default-text" xml:id="EFT-KB-VAIROCANARAKSITA-3">This is a sample bibliographic reference with a <ref target="https://read.84000.co/translation/toh46.html">link example</ref>.</bibl></div></div><div type="glossary"><list type="glossary"/></div></back></text></TEI>