<?xml-model href="../schema/current/knowledgebase.rng" schematypens="http://relaxng.org/ns/structure/1.0"?><TEI xmlns="http://www.tei-c.org/ns/1.0" xmlns:eft="http://read.84000.co/ns/1.0" xmlns:tei="http://www.tei-c.org/ns/1.0"><teiHeader><fileDesc><titleStmt>
                <title type="mainTitle" xml:lang="Sa-Ltn">Vairocanavajra</title>
                <title type="otherTitle" xml:lang="bo">ཤྲི་བཻ་རོ་ཙ་ན་བཛྲ།</title>
                <title type="otherTitle" xml:lang="Bo-Ltn">shri bai ro tsa na badzra</title>
                <title type="otherTitle" xml:lang="bo">དཔལ་རྣམ་པར་སྣང་མཛད་རྡོ་རྗེ།</title>
                <title type="otherTitle" xml:lang="Bo-Ltn">dpal rnam par snang mdzad rdo rje</title>
                <title type="otherTitle" xml:lang="bo">རྒྱ་གར་གྱི་མཁན་པོ་ཤྲི་བཻ་རོ་ཙ་ན།</title>
                <title type="otherTitle" xml:lang="Bo-Ltn">rgya gar gyi mkhan po shri bai ro tsa na</title>
                <title type="otherTitle" xml:lang="bo">རྒྱ་གར་གྱི་མཁན་པོ་ཤྲི་བཻ་རོ་ཙ་ན་བཛྲ།</title>
                <title type="otherTitle" xml:lang="Bo-Ltn">rgya gar gyi mkhan po shri bai ro tsa na badzra</title>
                <title type="otherTitle" xml:lang="bo">རྣལ་འབྱོར་གྱི་དབང་ཕྱུག་ཤྲི་བཻ་རོ་ཙ་ན་བཛྲ།</title>
                <title type="otherTitle" xml:lang="Bo-Ltn">rnal 'byor gyi dbang phyug shri bai ro tsa na badzra</title>
                <title type="otherTitle" xml:lang="bo">རྒྱ་གར་གྱི་མཁན་པོ་དཔལ་རྣམ་པར་སྣང་མཛད་རྡོ་རྗེ།</title>
                <title type="otherTitle" xml:lang="Bo-Ltn">rgya gar gyi mkhan po dpal rnam par snang mdzad rdo rje</title>
                <title type="otherTitle" xml:lang="bo">རྒྱ་གར་གྱི་མཁན་པོ་ཨ་བ་དྷུ་ཏི་བཻ་རོ་ཙ་ན་བཛྲའི་ཞལ་སྔ་ནས།</title>
                <title type="otherTitle" xml:lang="Bo-Ltn">rgya gar gyi mkhan po a ba d+hu ti bai ro tsa na badzra'i zhal snga nas</title>
                <title type="otherTitle" xml:lang="bo">ཡུལ་ཀོ་ས་ལར་སྐུ་འཁྲུངས་པའི་བླ་མ་རྣལ་འབྱོར་པ་ཆེན་པོ་བཻ་རོ་ཙ་ན་བཛྲའི་ཞལ་སྔ་ནས།</title>
                <title type="otherTitle" xml:lang="Bo-Ltn">yul ko sa lar sku 'khrungs pa'i bla ma rnal 'byor pa chen po bai ro tsa na badzra'i zhal snga nas</title>
                <title type="otherTitle" xml:lang="bo">རྒྱ་གར་ལྷོ་ཕྱོགས་ཡུལ་ཀོ་ས་ལར་སྐུ་འཁྲུངས་པའི་རྣལ་འབྱོར་པ་ཆེན་པོ་ཤྲི་བཻ་རོ་ཙ་ན་བཛྲ།</title>
                <title type="otherTitle" xml:lang="Bo-Ltn">rgya gar lho phyogs yul ko sa lar sku 'khrungs pa'i rnal 'byor pa chen po shri bai ro tsa na badzra</title>
                <title type="otherTitle" xml:lang="bo">ལྷོ་ཕྱོགས་ཀོ་ས་ལར་སྐུ་འཁྲུངས་པའི་རྣལ་འབྱོར་གྱི་དབང་ཕྱུག་ཤྲི་བཻ་རོ་ཙ་ན་བཛྲའི་ཞལ་སྔ་ནས།</title>
                <title type="otherTitle" xml:lang="Bo-Ltn">lho phyogs ko sa lar sku 'khrungs pa'i rnal 'byor gyi dbang phyug shri bai ro tsa na badzra'i zhal snga nas</title>
                <title type="otherTitle" xml:lang="bo">ཡུལ་ལྷོ་ཕྱོགས་ཀོ་ས་ལར་སྐུ་འཁྲུངས་པའི་རྣལ་འབྱོར་གྱི་དབང་ཕྱུག་ཆེན་པོ་ཤྲི་བཻ་རོ་ཙ་ན་བཛྲའི་ཞལ་སྔ་ནས།</title>
                <title type="otherTitle" xml:lang="Bo-Ltn">yul lho phyogs ko sa lar sku 'khrungs pa'i rnal 'byor gyi dbang phyug chen po shri bai ro tsa na badzra'i zhal snga nas</title>
                <title type="otherTitle" xml:lang="bo">རྒྱ་གར་ལྷོ་ཕྱོགས་གོ་ས་ལར་སྐུ་འཁྲུངས་པའི་རྣལ་འབྱོར་པ་ཆེན་པོ་མཁས་པ་དཔལ་རྣམ་པར་སྣང་མཛད་རྡོ་རྗེའི་ཞལ་སྔ་ནས།</title>
                <title type="otherTitle" xml:lang="Bo-Ltn">rgya gar lho phyogs go sa lar sku 'khrungs pa'i rnal 'byor pa chen po mkhas pa dpal rnam par snang mdzad rdo rje'i zhal snga nas</title>
                <title type="otherTitle" xml:lang="bo">རྒྱ་གར་ལྷོ་ཕྱོགས་ཡུལ་ཀོ་ས་ལར་སྐུ་འཁྲུངས་པའི་རྣལ་འབྱོར་གྱི་དབང་ཕྱུག་ཆེན་པོ་ཤྲི་བཻ་རོ་ཙ་ན་བཛྲའི་ཞལ་སྔ་ནས།</title>
                <title type="otherTitle" xml:lang="Bo-Ltn">rgya gar lho phyogs yul ko sa lar sku 'khrungs pa'i rnal 'byor gyi dbang phyug chen po shri bai ro tsa na badzra'i zhal snga nas</title></titleStmt><editionStmt>
                <edition>v 0.1.2 <date>2024</date></edition>
            </editionStmt><publicationStmt><publisher><name>84000: Translating the Words of the Buddha</name></publisher><availability status="1.b"/><idno xml:id="EFT-KB-VAIROCANAVAJRA"/><idno type="eft-kb-id">vairocanavajra</idno><date>2021-11-04</date></publicationStmt><sourceDesc><p>Created by 84000: Translating the Words of the Buddha</p></sourceDesc><notesStmt/>    <revisionDesc>
            
                <change who="#admin" when="2023-07-30T22:39:48.323Z" type="text-version" status="0.1.1" xml:id="EFT-KB-VAIROCANAVAJRA-4">
                    <desc>TEI migrated to 2.19.0</desc>
                </change>
                <change who="#admin" when="2024-01-29T08:46:15.224Z" type="text-version" status="0.1.2" xml:id="EFT-KB-VAIROCANAVAJRA-5">
                    <desc>TEI migrated to 2.21.0 - author stub published</desc>
                </change>
                <change who="#admin" when="2024-01-29T08:46:15.224Z" type="publication-status" status="1.b" xml:id="EFT-KB-VAIROCANAVAJRA-6">
                    <desc>Author stubs set to 1.b</desc>
                </change>
            </revisionDesc>
        </fileDesc></teiHeader><text><front/><body><div type="article"><div type="section" xml:id="EFT-KB-VAIROCANAVAJRA-article-1"><head type="section" rend="default-text" tid="1">Article Section Heading</head><milestone unit="chunk" xml:id="EFT-KB-VAIROCANAVAJRA-1"/><p rend="default-text" tid="2">Here's a paragraph to get you started. Replace this as you wish<note place="end" xml:id="EFT-KB-VAIROCANAVAJRA-2">This is a ready-made footnote.</note>.</p></div></div></body><back><div type="listBibl"><head type="listBibl" tid="3">Bibliography</head><div type="section" xml:id="EFT-KB-VAIROCANAVAJRA-listBibl-1"><head type="section" rend="default-text" tid="4">Bibliography Section Heading</head><bibl rend="default-text" xml:id="EFT-KB-VAIROCANAVAJRA-3">This is a sample bibliographic reference with a <ref target="https://read.84000.co/translation/toh46.html">link example</ref>.</bibl></div></div><div type="glossary"><list type="glossary"/></div></back></text></TEI>