<?xml-model href="../schema/current/knowledgebase.rng" schematypens="http://relaxng.org/ns/structure/1.0"?><TEI xmlns="http://www.tei-c.org/ns/1.0" xmlns:eft="http://read.84000.co/ns/1.0" xmlns:tei="http://www.tei-c.org/ns/1.0"><teiHeader><fileDesc><titleStmt>
                <title type="mainTitle" xml:lang="Sa-Ltn">Vajraghaṇṭa</title>
                <title type="otherTitle" xml:lang="bo">སློབ་དཔོན་གནྡྷ།</title>
                <title type="otherTitle" xml:lang="Bo-Ltn">slob dpon gan+d+ha</title>
                <title type="otherTitle" xml:lang="bo">མཁས་པ་ཆེན་པོ་དྲིལ་བུ་པ།</title>
                <title type="otherTitle" xml:lang="Bo-Ltn">mkhas pa chen po dril bu pa</title>
                <title type="otherTitle" xml:lang="bo">སློབ་དཔོན་རྡོ་རྗེ་དྲིལ་བུ།</title>
                <title type="otherTitle" xml:lang="Bo-Ltn">slob dpon rdo rje dril bu</title>
                <title type="otherTitle" xml:lang="bo">གྲུབ་ཐོབ་རྡོ་རྗེ་དྲིལ་བུ་པ།</title>
                <title type="otherTitle" xml:lang="Bo-Ltn">grub thob rdo rje dril bu pa</title>
                <title type="otherTitle" xml:lang="bo">སློབ་དཔོན་རྡོ་རྗེ་དྲིལ་བུ་པ།</title>
                <title type="otherTitle" xml:lang="Bo-Ltn">slob dpon rdo rje dril bu pa</title>
                <title type="otherTitle" xml:lang="bo">སློབ་དཔོན་རྡོ་རྗེ་དྲིལ་བུ་པའི་ཞབས།</title>
                <title type="otherTitle" xml:lang="Bo-Ltn">slob dpon rdo rje dril bu pa'i zhabs</title>
                <title type="otherTitle" xml:lang="bo">སློབ་དཔོན་ཆེན་པོ་རྡོ་རྗེ་དྲིལ་བུ་པ།</title>
                <title type="otherTitle" xml:lang="Bo-Ltn">slob dpon chen po rdo rje dril bu pa</title>
                <title type="otherTitle" xml:lang="bo">ཕྱག་རྒྱ་ཆེན་པོ་གྲུབ་པ་དཔལ་དྲིལ་བུ་ཞབས།</title>
                <title type="otherTitle" xml:lang="Bo-Ltn">phyag rgya chen po grub pa dpal dril bu zhabs</title>
                <title type="otherTitle" xml:lang="bo">སློབ་དཔོན་མཁས་པ་ཆེན་པོ་རྡོ་རྗེ་དྲིལ་བུ་པ།</title>
                <title type="otherTitle" xml:lang="Bo-Ltn">slob dpon mkhas pa chen po rdo rje dril bu pa</title>
                <title type="otherTitle" xml:lang="bo">སློབ་དཔོན་ཆེན་པོ་མཁས་པ་རྡོ་རྗེ་དྲིལ་བུ་པ།</title>
                <title type="otherTitle" xml:lang="Bo-Ltn">slob dpon chen po mkhas pa rdo rje dril bu pa</title>
                <title type="otherTitle" xml:lang="bo">དངོས་གྲུབ་བརྙེས་པའི་པཎྜི་ཏ་ཆེན་པོ་དཔལ་རྡོ་རྗེ་དྲིལ་བུ་པའི་ཞལ་སྔ་ནས།</title>
                <title type="otherTitle" xml:lang="Bo-Ltn">dngos grub brnyes pa'i paN+Di ta chen po dpal rdo rje dril bu pa'i zhal snga nas</title></titleStmt><editionStmt>
                <edition>v 0.1.2 <date>2024</date></edition>
            </editionStmt><publicationStmt><publisher><name>84000: Translating the Words of the Buddha</name></publisher><availability status="1.b"/><idno xml:id="EFT-KB-VAJRAGHANTA"/><idno type="eft-kb-id">vajraghanta</idno><date>2021-11-04</date></publicationStmt><sourceDesc><p>Created by 84000: Translating the Words of the Buddha</p></sourceDesc><notesStmt/>    <revisionDesc>
            
                <change who="#admin" when="2023-07-30T22:39:48.323Z" type="text-version" status="0.1.1" xml:id="EFT-KB-VAJRAGHANTA-4">
                    <desc>TEI migrated to 2.19.0</desc>
                </change>
                <change who="#admin" when="2024-01-29T08:46:15.224Z" type="text-version" status="0.1.2" xml:id="EFT-KB-VAJRAGHANTA-5">
                    <desc>TEI migrated to 2.21.0 - author stub published</desc>
                </change>
                <change who="#admin" when="2024-01-29T08:46:15.224Z" type="publication-status" status="1.b" xml:id="EFT-KB-VAJRAGHANTA-6">
                    <desc>Author stubs set to 1.b</desc>
                </change>
            </revisionDesc>
        </fileDesc></teiHeader><text><front/><body><div type="article"><div type="section" xml:id="EFT-KB-VAJRAGHANTA-article-1"><head type="section" rend="default-text" tid="1">Article Section Heading</head><milestone unit="chunk" xml:id="EFT-KB-VAJRAGHANTA-1"/><p rend="default-text" tid="2">Here's a paragraph to get you started. Replace this as you wish<note place="end" xml:id="EFT-KB-VAJRAGHANTA-2">This is a ready-made footnote.</note>.</p></div></div></body><back><div type="listBibl"><head type="listBibl" tid="3">Bibliography</head><div type="section" xml:id="EFT-KB-VAJRAGHANTA-listBibl-1"><head type="section" rend="default-text" tid="4">Bibliography Section Heading</head><bibl rend="default-text" xml:id="EFT-KB-VAJRAGHANTA-3">This is a sample bibliographic reference with a <ref target="https://read.84000.co/translation/toh46.html">link example</ref>.</bibl></div></div><div type="glossary"><list type="glossary"/></div></back></text></TEI>