<?xml-model href="../schema/current/knowledgebase.rng" schematypens="http://relaxng.org/ns/structure/1.0"?><TEI xmlns="http://www.tei-c.org/ns/1.0" xmlns:eft="http://read.84000.co/ns/1.0" xmlns:tei="http://www.tei-c.org/ns/1.0"><teiHeader><fileDesc><titleStmt>
                <title type="mainTitle" xml:lang="Sa-Ltn">Vajrapāṇi</title>
                <title type="otherTitle" xml:lang="bo">བཛྲ་པ་ནི།</title>
                <title type="otherTitle" xml:lang="Bo-Ltn">badzra pa ni</title>
                <title type="otherTitle" xml:lang="bo">བཛྲ་པཱ་ཎི།</title>
                <title type="otherTitle" xml:lang="Bo-Ltn">badzra pA Ni</title>
                <title type="otherTitle" xml:lang="bo">བླ་མ་ཕྱག་ན།</title>
                <title type="otherTitle" xml:lang="Bo-Ltn">bla ma phyag na</title>
                <title type="otherTitle" xml:lang="bo">ཕྱག་ན་རྡོ་རྗེ།</title>
                <title type="otherTitle" xml:lang="Bo-Ltn">phyag na rdo rje</title>
                <title type="otherTitle" xml:lang="bo">བླ་མ་རྒྱ་གར་བ།</title>
                <title type="otherTitle" xml:lang="Bo-Ltn">bla ma rgya gar ba</title>
                <title type="otherTitle" xml:lang="bo">བླ་མ་བཛྲ་པ་ནི།</title>
                <title type="otherTitle" xml:lang="Bo-Ltn">bla ma badzra pa ni</title>
                <title type="otherTitle" xml:lang="bo">བླ་མ་བཛྲ་པཱ་ཎི།</title>
                <title type="otherTitle" xml:lang="Bo-Ltn">bla ma badzra pA Ni</title>
                <title type="otherTitle" xml:lang="bo">ཨ་ཙརྱ་བཛྲ་པ་ནི།</title>
                <title type="otherTitle" xml:lang="Bo-Ltn">a tsar+ya badzra pa ni</title>
                <title type="otherTitle" xml:lang="bo">པནྡི་ཏ་བཛྲ་པ་ནི།</title>
                <title type="otherTitle" xml:lang="Bo-Ltn">pan+di ta badzra pa ni</title>
                <title type="otherTitle" xml:lang="bo">པཎྜི་ཏ་ཕྱག་ན་རྡོ་རྗེ།</title>
                <title type="otherTitle" xml:lang="Bo-Ltn">paN+Di ta phyag na rdo rje</title>
                <title type="otherTitle" xml:lang="bo">པནྡི་ཏ་ཕྱག་ན་རྡོ་རྗེ།</title>
                <title type="otherTitle" xml:lang="Bo-Ltn">pan+di ta phyag na rdo rje</title>
                <title type="otherTitle" xml:lang="bo">བླ་མ་ཕྱག་ནའི་ཞལ་སྔ་ནས།</title>
                <title type="otherTitle" xml:lang="Bo-Ltn">bla ma phyag na'i zhal snga nas</title>
                <title type="otherTitle" xml:lang="bo">རྒྱ་གར་གྱི་མཁན་པོ་བཛྲ་པནི།</title>
                <title type="otherTitle" xml:lang="Bo-Ltn">rgya gar gyi mkhan po badzra pani</title>
                <title type="otherTitle" xml:lang="bo">རྒྱ་གར་གྱི་མཁན་བོ་བཛྲ་པ་ནི།</title>
                <title type="otherTitle" xml:lang="Bo-Ltn">rgya gar gyi mkhan bo badzra pa ni</title>
                <title type="otherTitle" xml:lang="bo">རྒྱ་གར་གྱི་མཁན་པོ་བཛྲ་པ་ནི།</title>
                <title type="otherTitle" xml:lang="Bo-Ltn">rgya gar gyi mkhan po badzra pa ni</title>
                <title type="otherTitle" xml:lang="bo">རྒྱ་གར་གྱི་མཁན་པོ་བཛྲ་པཱ་ཎི།</title>
                <title type="otherTitle" xml:lang="Bo-Ltn">rgya gar gyi mkhan po badzra pA Ni</title>
                <title type="otherTitle" xml:lang="bo">རྒྱ་གར་གྱི་མཁན་པོ་བཛྲ་པཱ་ཎཱི།</title>
                <title type="otherTitle" xml:lang="Bo-Ltn">rgya gar gyi mkhan po badzra pA NI</title>
                <title type="otherTitle" xml:lang="bo">རྒྱ་གར་གྱི་མཁན་པོ་ཕྱག་ན་རྡོ་རྗེ།</title>
                <title type="otherTitle" xml:lang="Bo-Ltn">rgya gar gyi mkhan po phyag na rdo rje</title>
                <title type="otherTitle" xml:lang="bo">རྒྱ་གར་མཁན་པོ་བཛྲ་པཱ་ཎའི་ཞལ་སྔ་ནས།</title>
                <title type="otherTitle" xml:lang="Bo-Ltn">rgya gar mkhan po badzra pA Na'i zhal snga nas</title>
                <title type="otherTitle" xml:lang="bo">རྒྱ་གར་གྱི་མཁན་པོ་བཛྲ་པནིའི་ཞལ་སྔ་ནས།</title>
                <title type="otherTitle" xml:lang="Bo-Ltn">rgya gar gyi mkhan po badzra pani'i zhal snga nas</title>
                <title type="otherTitle" xml:lang="bo">བྱང་ཆུབ་སེམས་དཔའ་ཆེན་པོ་ཕྱག་ན་རྡོ་རྗེ།</title>
                <title type="otherTitle" xml:lang="Bo-Ltn">byang chub sems dpa' chen po phyag na rdo rje</title>
                <title type="otherTitle" xml:lang="bo">སློབ་དཔོན་ཆེན་པོ་བཛྲ་པཱ་ཎིའི་ཞལ་སྔ་ནས།</title>
                <title type="otherTitle" xml:lang="Bo-Ltn">slob dpon chen po badzra pA Ni'i zhal snga nas</title>
                <title type="otherTitle" xml:lang="bo">སངས་རྒྱས་གཉིས་པ་ལྟར་གྲགས་པའི་བཛྲ་པ་ནི།</title>
                <title type="otherTitle" xml:lang="Bo-Ltn">sangs rgyas gnyis pa ltar grags pa'i badzra pa ni</title>
                <title type="otherTitle" xml:lang="bo">རྡོ་རྗེ་སློབ་དཔོན་བཛྲ་པ་ནིའི་ཞལ་སྔ་ནས།</title>
                <title type="otherTitle" xml:lang="Bo-Ltn">rdo rje slob dpon badzra pa ni'i zhal snga nas</title>
                <title type="otherTitle" xml:lang="bo">རྒྱ་གར་གྱི་མཁན་པོ་བཛྲ་པཱ་ཎིའི་ཞལ་སྔ་ནས།</title>
                <title type="otherTitle" xml:lang="Bo-Ltn">rgya gar gyi mkhan po badzra pA Ni'i zhal snga nas</title>
                <title type="otherTitle" xml:lang="bo">སངས་རྒྱས་གཉིས་པ་ལྟར་གྲགས་པའི་བཛྲ་པཱ་ཎི།</title>
                <title type="otherTitle" xml:lang="Bo-Ltn">sangs rgyas gnyis pa ltar grags pa'i badzra pA Ni</title>
                <title type="otherTitle" xml:lang="bo">རྡོ་རྗེ་སློབ་དཔོན་བཛྲ་པཱ་ཎིའི་ཞལ་སྔ་ནས།</title>
                <title type="otherTitle" xml:lang="Bo-Ltn">rdo rje slob dpon badzra pA Ni'i zhal snga nas</title>
                <title type="otherTitle" xml:lang="bo">རྒྱ་གར་གྱི་མཁན་པོ་བལ་མ་བཛྲ་པ་ནའི་ཞལ་སྔ་ནས།</title>
                <title type="otherTitle" xml:lang="Bo-Ltn">rgya gar gyi mkhan po bal ma badzra pa na'i zhal snga nas</title>
                <title type="otherTitle" xml:lang="bo">རྒྱ་གར་སྐད་ཀྱི་མཁན་པོ་བཛྲ་པ་ནིའི་ཞལ་སྔ་ནས།</title>
                <title type="otherTitle" xml:lang="Bo-Ltn">rgya gar skad kyi mkhan po badzra pa ni'i zhal snga nas</title>
                <title type="otherTitle" xml:lang="bo">རྒྱ་གར་གྱི་མཁན་པོ་བླ་མ་བཛྲ་པཱ་ཎིའི་ཞལ་སྔ་ནས།</title>
                <title type="otherTitle" xml:lang="Bo-Ltn">rgya gar gyi mkhan po bla ma badzra pA Ni'i zhal snga nas</title>
                <title type="otherTitle" xml:lang="bo">བྱང་ཆུབ་སེམས་དཔའ་ས་བཅུ་ལ་གནས་པའི་ཕྱག་ན་རྡོ་རྗེ།</title>
                <title type="otherTitle" xml:lang="Bo-Ltn">byang chub sems dpa' sa bcu la gnas pa'i phyag na rdo rje</title></titleStmt><editionStmt>
                <edition>v 0.1.2 <date>2024</date></edition>
            </editionStmt><publicationStmt><publisher><name>84000: Translating the Words of the Buddha</name></publisher><availability status="1.b"/><idno xml:id="EFT-KB-VAJRAPANI"/><idno type="eft-kb-id">vajrapani</idno><date>2021-11-04</date></publicationStmt><sourceDesc><p>Created by 84000: Translating the Words of the Buddha</p></sourceDesc><notesStmt/>    <revisionDesc>
            
                <change who="#admin" when="2023-07-30T22:39:48.323Z" type="text-version" status="0.1.1" xml:id="EFT-KB-VAJRAPANI-4">
                    <desc>TEI migrated to 2.19.0</desc>
                </change>
                <change who="#admin" when="2024-01-29T08:46:15.224Z" type="text-version" status="0.1.2" xml:id="EFT-KB-VAJRAPANI-5">
                    <desc>TEI migrated to 2.21.0 - author stub published</desc>
                </change>
                <change who="#admin" when="2024-01-29T08:46:15.224Z" type="publication-status" status="1.b" xml:id="EFT-KB-VAJRAPANI-6">
                    <desc>Author stubs set to 1.b</desc>
                </change>
            </revisionDesc>
        </fileDesc></teiHeader><text><front/><body><div type="article"><div type="section" xml:id="EFT-KB-VAJRAPANI-article-1"><head type="section" rend="default-text" tid="1">Article Section Heading</head><milestone unit="chunk" xml:id="EFT-KB-VAJRAPANI-1"/><p rend="default-text" tid="2">Here's a paragraph to get you started. Replace this as you wish<note place="end" xml:id="EFT-KB-VAJRAPANI-2">This is a ready-made footnote.</note>.</p></div></div></body><back><div type="listBibl"><head type="listBibl" tid="3">Bibliography</head><div type="section" xml:id="EFT-KB-VAJRAPANI-listBibl-1"><head type="section" rend="default-text" tid="4">Bibliography Section Heading</head><bibl rend="default-text" xml:id="EFT-KB-VAJRAPANI-3">This is a sample bibliographic reference with a <ref target="https://read.84000.co/translation/toh46.html">link example</ref>.</bibl></div></div><div type="glossary"><list type="glossary"/></div></back></text></TEI>