<?xml-model href="../schema/current/knowledgebase.rng" schematypens="http://relaxng.org/ns/structure/1.0"?><TEI xmlns="http://www.tei-c.org/ns/1.0" xmlns:eft="http://read.84000.co/ns/1.0" xmlns:tei="http://www.tei-c.org/ns/1.0"><teiHeader><fileDesc><titleStmt>
                <title type="mainTitle" xml:lang="Sa-Ltn">Vibhūticandra</title>
                <title type="otherTitle" xml:lang="bo">པཎྜི་ཏ་བི་བྷཱུ་ཏི་ཙནྡྲ།</title>
                <title type="otherTitle" xml:lang="Bo-Ltn">paN+Di ta bi b+hU ti tsan+d+ra</title>
                <title type="otherTitle" xml:lang="bo">པནྡི་ཏ་བི་བྷུ་ཏི་ཙནྡྲ།</title>
                <title type="otherTitle" xml:lang="Bo-Ltn">pan+di ta bi b+hu ti tsan+d+ra</title>
                <title type="otherTitle" xml:lang="bo">པནྡི་ཏ་མ་ཧ་བི་བྷུ་ཧི་ཙནྡྲ།</title>
                <title type="otherTitle" xml:lang="Bo-Ltn">pan+di ta ma ha bi b+hu hi tsan+d+ra</title>
                <title type="otherTitle" xml:lang="bo">པཎྜི་ཏ་མ་ཧཱ་བི་བྷཱུ་ཏི་ཙནྡྲ།</title>
                <title type="otherTitle" xml:lang="Bo-Ltn">paN+Di ta ma hA bi b+hU ti tsan+d+ra</title>
                <title type="otherTitle" xml:lang="bo">པནྡི་ཏ་ཆེན་པོ་བི་བྷུ་ཏི་ཙནྡྲ།</title>
                <title type="otherTitle" xml:lang="Bo-Ltn">pan+di ta chen po bi b+hu ti tsan+d+ra</title>
                <title type="otherTitle" xml:lang="bo">རྒྱ་གར་གྱི་མཁན་པོ་བི་བྷུ་ཏི་ཙནྡྲ།</title>
                <title type="otherTitle" xml:lang="Bo-Ltn">rgya gar gyi mkhan po bi b+hu ti tsan+d+ra</title>
                <title type="otherTitle" xml:lang="bo">པནྡི་ཏ་ཆེན་པོ་ཤྲི་བི་བྷུ་ཏི་ཙནྡྲ།</title>
                <title type="otherTitle" xml:lang="Bo-Ltn">pan+di ta chen po shri bi b+hu ti tsan+d+ra</title>
                <title type="otherTitle" xml:lang="bo">ཛ་ག་ཏ་ལའི་པནྡི་ཏ་ཆེན་པོ་བི་བྷུ་ཏི་ཙནྡྲ།</title>
                <title type="otherTitle" xml:lang="Bo-Ltn">dza ga ta la'i pan+di ta chen po bi b+hu ti tsan+d+ra</title>
                <title type="otherTitle" xml:lang="bo">ཤར་ཕྱོགས་ཛ་ག་ཏ་ལའི་པནྡི་ཏ་བི་བྷུ་ཏི་ཙནྡྲ།</title>
                <title type="otherTitle" xml:lang="Bo-Ltn">shar phyogs dza ga ta la'i pan+di ta bi b+hu ti tsan+d+ra</title>
                <title type="otherTitle" xml:lang="bo">རྒྱ་གར་ཤར་ཕྱོགས་ཀྱི་པཎྜི་ཏ་བི་བྷཱུ་ཏི་ཙནྡྲ།</title>
                <title type="otherTitle" xml:lang="Bo-Ltn">rgya gar shar phyogs kyi paN+Di ta bi b+hU ti tsan+d+ra</title>
                <title type="otherTitle" xml:lang="bo">རྒྱ་གར་གྱི་པནྡི་ཏ་རྒྱལ་སྲས་དཔལ་བི་བྷུ་ཏི་ཙནྡྲ།</title>
                <title type="otherTitle" xml:lang="Bo-Ltn">rgya gar gyi pan+di ta rgyal sras dpal bi b+hu ti tsan+d+ra</title>
                <title type="otherTitle" xml:lang="bo">རྒྱ་གར་ཕྱོགས་ཛ་ག་དྷ་ལའི་པནྡི་ཏ་མ་ཧ་བི་བྷུ་ཏི་ཙནྡྲ།</title>
                <title type="otherTitle" xml:lang="Bo-Ltn">rgya gar phyogs dza ga d+ha la'i pan+di ta ma ha bi b+hu ti tsan+d+ra</title>
                <title type="otherTitle" xml:lang="bo">རྒྱ་གར་གྱི་པནྡི་ཏ་རྒྱལ་སྲས་བི་བྷུ་ཏི་ཙནྡིའི་ཞལ་སྔ་ནས།</title>
                <title type="otherTitle" xml:lang="Bo-Ltn">rgya gar gyi pan+di ta rgyal sras bi b+hu ti tsan+di'i zhal snga nas</title>
                <title type="otherTitle" xml:lang="bo">རྒྱ་གར་ཤར་ཕྱོགས་ཀྱི་པནྡི་ཏ་ཆེན་པོ་ཤྲི་བི་བྷུ་ཏི་ཙནྡྲ།</title>
                <title type="otherTitle" xml:lang="Bo-Ltn">rgya gar shar phyogs kyi pan+di ta chen po shri bi b+hu ti tsan+d+ra</title>
                <title type="otherTitle" xml:lang="bo">རྒྱ་གར་ཤར་ཕྱོགས་ཛ་ག་དྷ་ལའི་པནྡི་ཏ་མ་ཧ་བི་བྷུ་ཏི་ཙནྡྲ།</title>
                <title type="otherTitle" xml:lang="Bo-Ltn">rgya gar shar phyogs dza ga d+ha la'i pan+di ta ma ha bi b+hu ti tsan+d+ra</title>
                <title type="otherTitle" xml:lang="bo">རྒྱ་གར་ཤར་ཕྱོགས་ཛ་ག་ཏ་ལའི་པནྡི་ཏ་ཆེན་པོ་བི་བྷུ་ཏི་ཙནྡྲ།</title>
                <title type="otherTitle" xml:lang="Bo-Ltn">rgya gar shar phyogs dza ga ta la'i pan+di ta chen po bi b+hu ti tsan+d+ra</title>
                <title type="otherTitle" xml:lang="bo">རྒྱ་གར་ཤར་ཕྱོགས་ཛ་ག་ཏ་ལིའི་པནྡི་ཏ་ཆེན་པོ་བི་བྷུ་ཏི་ཙནྡྲ།</title>
                <title type="otherTitle" xml:lang="Bo-Ltn">rgya gar shar phyogs dza ga ta li'i pan+di ta chen po bi b+hu ti tsan+d+ra</title>
                <title type="otherTitle" xml:lang="bo">རྒྱ་གར་ཤར་ཕྱོགས་ཛཱ་ག་ཏ་ལའི་པཎྜི་ཏ་ཆེན་པོ་བི་བྷཱུ་ཏི་ཙནྡྲ།</title>
                <title type="otherTitle" xml:lang="Bo-Ltn">rgya gar shar phyogs dzA ga ta la'i paN+Di ta chen po bi b+hU ti tsan+d+ra</title>
                <title type="otherTitle" xml:lang="bo">རྒྱ་གར་ཤར་ཕྱོགས་ཛ་གད་ཏ་ལའི་པནྡི་ཏ་ཆེན་པོ་བི་བྷུ་ཏི་ཙནྡྲ།</title>
                <title type="otherTitle" xml:lang="Bo-Ltn">rgya gar shar phyogs dza gad ta la'i pan+di ta chen po bi b+hu ti tsan+d+ra</title>
                <title type="otherTitle" xml:lang="bo">རྒྱ་གར་གྱི་པནྡི་ཏ་ཆེན་པོ་རྒྱལ་བའི་སྲས་དཔལ་བི་བྷུ་ཏི་ཙནྡྲ།</title>
                <title type="otherTitle" xml:lang="Bo-Ltn">rgya gar gyi pan+di ta chen po rgyal ba'i sras dpal bi b+hu ti tsan+d+ra</title>
                <title type="otherTitle" xml:lang="bo">རྒྱ་གར་ཤར་ཕྱོགས་ཀྱི་ཛ་གཏྟ་ལའི་པཎྜི་ཆེན་པོ་བི་བྷཱུ་ཏི་ཙནྡྲ།</title>
                <title type="otherTitle" xml:lang="Bo-Ltn">rgya gar shar phyogs kyi dza gat+ta la'i paN+Di chen po bi b+hU ti tsan+d+ra</title>
                <title type="otherTitle" xml:lang="bo">རྒྱ་གར་གྱི་པནྡི་ཏ་ཆེན་པོ་རྒྱལ་བའི་སྲས་བི་བྷུ་ཏི་ཙནྡྲའི་ཞལ་སྔ་ནས།</title>
                <title type="otherTitle" xml:lang="Bo-Ltn">rgya gar gyi pan+di ta chen po rgyal ba'i sras bi b+hu ti tsan+d+ra'i zhal snga nas</title>
                <title type="otherTitle" xml:lang="bo">རྒྱ་གར་ཤར་ཕྱོགས་ཛ་ག་ཏ་ལ་བི་ཧ་རའི་པཎྜི་ཏ་ཆེན་པོ་ཤྲཱི་བི་བྷཱུ་ཏི་ཙནྡྲ།</title>
                <title type="otherTitle" xml:lang="Bo-Ltn">rgya gar shar phyogs dza ga ta la bi ha ra'i paN+Di ta chen po shrI bi b+hU ti tsan+d+ra</title></titleStmt><editionStmt>
                <edition>v 0.1.2 <date>2024</date></edition>
            </editionStmt><publicationStmt><publisher><name>84000: Translating the Words of the Buddha</name></publisher><availability status="1.b"/><idno xml:id="EFT-KB-VIBHUTICANDRA"/><idno type="eft-kb-id">vibhuticandra</idno><date>2021-11-04</date></publicationStmt><sourceDesc><p>Created by 84000: Translating the Words of the Buddha</p></sourceDesc><notesStmt/>    <revisionDesc>
            
                <change who="#admin" when="2023-07-30T22:39:48.323Z" type="text-version" status="0.1.1" xml:id="EFT-KB-VIBHUTICANDRA-4">
                    <desc>TEI migrated to 2.19.0</desc>
                </change>
                <change who="#admin" when="2024-01-29T08:46:15.224Z" type="text-version" status="0.1.2" xml:id="EFT-KB-VIBHUTICANDRA-5">
                    <desc>TEI migrated to 2.21.0 - author stub published</desc>
                </change>
                <change who="#admin" when="2024-01-29T08:46:15.224Z" type="publication-status" status="1.b" xml:id="EFT-KB-VIBHUTICANDRA-6">
                    <desc>Author stubs set to 1.b</desc>
                </change>
            </revisionDesc>
        </fileDesc></teiHeader><text><front/><body><div type="article"><div type="section" xml:id="EFT-KB-VIBHUTICANDRA-article-1"><head type="section" rend="default-text" tid="1">Article Section Heading</head><milestone unit="chunk" xml:id="EFT-KB-VIBHUTICANDRA-1"/><p rend="default-text" tid="2">Here's a paragraph to get you started. Replace this as you wish<note place="end" xml:id="EFT-KB-VIBHUTICANDRA-2">This is a ready-made footnote.</note>.</p></div></div></body><back><div type="listBibl"><head type="listBibl" tid="3">Bibliography</head><div type="section" xml:id="EFT-KB-VIBHUTICANDRA-listBibl-1"><head type="section" rend="default-text" tid="4">Bibliography Section Heading</head><bibl rend="default-text" xml:id="EFT-KB-VIBHUTICANDRA-3">This is a sample bibliographic reference with a <ref target="https://read.84000.co/translation/toh46.html">link example</ref>.</bibl></div></div><div type="glossary"><list type="glossary"/></div></back></text></TEI>