<?xml-model href="../schema/current/knowledgebase.rng" schematypens="http://relaxng.org/ns/structure/1.0"?><TEI xmlns="http://www.tei-c.org/ns/1.0" xmlns:eft="http://read.84000.co/ns/1.0" xmlns:tei="http://www.tei-c.org/ns/1.0">
    <teiHeader>
        <fileDesc>
            <titleStmt>
                <title type="mainTitle" xml:lang="en">Yamāri</title>
                <title type="otherTitle" xml:lang="Bo-Ltn">dza mā ri</title>
            </titleStmt>
            <editionStmt>
                <edition>v 0.1.3 <date>2024</date></edition>
            </editionStmt>
            <publicationStmt>
                <publisher><name>84000: Translating the Words of the Buddha</name></publisher>
                <availability status="1.b"/><idno xml:id="EFT-KB-YAMARI"/>
                <idno type="eft-kb-id">yamari</idno>
                <date>2021-11-16</date>
            </publicationStmt>
            <sourceDesc>
                <p>Created by 84000: Translating the Words of the Buddha</p>
            </sourceDesc>
            <notesStmt/>
            <revisionDesc>
                <change who="#john" when="2021-11-16T19:27:00.518Z" type="text-version" status="0.1.1" xml:id="EFT-KB-YAMARI-4"><desc>Auto (knowledgebase-header)</desc></change>
                <change who="#admin" when="2023-07-30T22:39:48.323Z" type="text-version" status="0.1.2" xml:id="EFT-KB-YAMARI-5">
                    <desc>TEI migrated to 2.19.0</desc>
                </change>
                <change who="#admin" when="2024-01-29T08:46:15.224Z" type="text-version" status="0.1.3" xml:id="EFT-KB-YAMARI-6">
                    <desc>TEI migrated to 2.21.0 - author stub published</desc>
                </change>
                <change who="#admin" when="2024-01-29T08:46:15.224Z" type="publication-status" status="1.b" xml:id="EFT-KB-YAMARI-7">
                    <desc>Author stubs set to 1.b</desc>
                </change>
            </revisionDesc>
        </fileDesc>
    </teiHeader>
    <text>
        <front/>
        <body>
            <div type="article">
                <div type="section" xml:id="EFT-KB-YAMARI-article-1">
                    <head type="section" tid="1">Identity</head>
                    <milestone unit="chunk" xml:id="EFT-KB-YAMARI-1"/>
                    <p tid="2">The name "Jamāri" (dza mā ri) is given as author/translator in the colophons of three Tengyur texts. In the Sanskrit text for Toh. 4226 the author's name is given as
                        "Yamāri". "Jamāri" would appear to be the Prakṛt/Apabhraṃśa form of his name, given the attestation in a Sanskrit manuscript. </p>
                </div>
            </div>
        </body>
        <back>
            <div type="listBibl">
                <head type="listBibl" tid="3">Bibliography</head>
                <div type="section" xml:id="EFT-KB-YAMARI-listBibl-1">
                    <head type="section" rend="default-text" tid="4">Bibliography Section Heading</head>
                    <bibl rend="default-text" xml:id="EFT-KB-YAMARI-3">This is a sample bibliographic reference with a <ref target="https://read.84000.co/translation/toh46.html">link
                        example</ref>.</bibl>
                </div>
            </div>
            <div type="glossary">
                <list type="glossary"/>
            </div>
        </back>
    </text>
</TEI>